通知人,标题,日期,详情链接,附件名,附件下载次数,附件链接码
【教研教改】,关于组织参加2026年“智慧树杯”课创赛、专创赛的通知,2026-05-22,https://jwch.fzu.edu.cn/info/1037/14653.htm,无附件,0,无
【质量办】,关于举办福州大学第八十四场“教学有道”研讨活动的通知,2026-05-22,https://jwch.fzu.edu.cn/info/1040/14650.htm,无附件,0,无
【教学运行】,关于2025-2026学年第二学期《概率论与数理统计》课程期末考试安排的通知,2026-05-21,https://jwch.fzu.edu.cn/info/1036/14649.htm,2502概率期末考-6.7下午.xlsx,41,https://jwch.fzu.edu.cn/system/_content/download.jsp?urltype=news.DownloadAttachUrl&owner=1744984858&wbfileid=18267459
【教学运行】,关于2025-2026学年第二学期《线性代数》、《线性代数与解析几何》课程期末考试安排的通知,2026-05-21,https://jwch.fzu.edu.cn/info/1036/14648.htm,2502线性代数、线性代数与解析几何期末考-6.7上午.xlsx,50,https://jwch.fzu.edu.cn/system/_content/download.jsp?urltype=news.DownloadAttachUrl&owner=1744984858&wbfileid=18267460
【教学运行】,关于2025-2026学年第二学期计算机语言类课程期末考试安排的通知,2026-05-21,https://jwch.fzu.edu.cn/info/1036/14647.htm,2502计算机语言类期末考-5.30.xlsx,49,https://jwch.fzu.edu.cn/system/_content/download.jsp?urltype=news.DownloadAttachUrl&owner=1744984858&wbfileid=18267641
【教学运行】,关于2025-2026学年第二学期《习近平新时代中国特色社会主义思想概论》课程期末考试安排的通知,2026-05-21,https://jwch.fzu.edu.cn/info/1036/14646.htm,2502习概随堂考.xlsx,67,https://jwch.fzu.edu.cn/system/_content/download.jsp?urltype=news.DownloadAttachUrl&owner=1744984858&wbfileid=18267426
【教学运行】,福州大学关于印发2026—2027学年校历的通知,2026-05-19,https://jwch.fzu.edu.cn/info/1036/14639.htm,无附件,0,无
【实践科】,关于做好2026届本科生毕业设计（论文）查重检测、答辩与成绩评定工作的通知,2026-05-15,https://jwch.fzu.edu.cn/content.jsp?urltype=news.NewsContentUrl&wbtreeid=1039&wbnewsid=14634,无附件,0,无
【综合科】,关于2025-2026学年第二学期再次开放本科生学生证补办和火车票优惠区间更改的通知,2026-05-14,https://jwch.fzu.edu.cn/info/1035/14633.htm,无附件,0,无
【计划科】,关于组织申报2026-2027学年第一学期通识教育选修课的通知,2026-05-14,https://jwch.fzu.edu.cn/info/1038/14632.htm,无附件,0,无
【电教中心】,关于开展“AI辅助教学、助力课堂创新”智慧教学第八期培训的通知,2026-05-12,https://jwch.fzu.edu.cn/info/1041/14628.htm,无附件,0,无
【质量办】,关于举办福州大学第八十三场“教学有道”研讨活动的通知,2026-05-12,https://jwch.fzu.edu.cn/info/1040/14626.htm,无附件,0,无
【实践科】,关于举办2026年福州大学第二十六届数学竞赛的通知,2026-05-11,https://jwch.fzu.edu.cn/content.jsp?urltype=news.NewsContentUrl&wbtreeid=1039&wbnewsid=14625,无附件,0,无
【实践科】,关于公布福州大学第十七届企业经营模拟沙盘对抗赛获奖名单的通知,2026-05-11,https://jwch.fzu.edu.cn/info/1039/14624.htm,无附件,0,无
【实践科】,关于公布福州大学第二十三届程序设计竞赛获奖名单的通知,2026-05-11,https://jwch.fzu.edu.cn/info/1039/14623.htm,无附件,0,无
【实践科】,关于公布福州大学第十二届桥梁设计大赛获奖名单的通知,2026-05-11,https://jwch.fzu.edu.cn/content.jsp?urltype=news.NewsContentUrl&wbtreeid=1039&wbnewsid=14622,无附件,0,无
【计划科】,2025-2026学年第二学期在校学生申请辅修专业的通知,2026-05-11,https://jwch.fzu.edu.cn/info/1038/14621.htm,无附件,0,无
【教材中心】,关于做好2025-2026学年第二学期本科课程实施与教材使用监测工作的通知,2026-05-06,https://jwch.fzu.edu.cn/content.jsp?urltype=news.NewsContentUrl&wbtreeid=1042&wbnewsid=14617,无附件,0,无
【实践科】,关于开展2026届本科毕业设计（论文）抽检送审工作的通知,2026-04-29,https://jwch.fzu.edu.cn/content.jsp?urltype=news.NewsContentUrl&wbtreeid=1039&wbnewsid=14611,无附件,0,无
【教学运行】,关于2025-2026学年第二学期《大学物理C》、《大学物理D》课程半期考试安排的通知,2026-04-27,https://jwch.fzu.edu.cn/info/1036/14607.htm,2502大物D半期考(5.14晚上) 大物C半期考(5.16下午).xlsx,164,https://jwch.fzu.edu.cn/system/_content/download.jsp?urltype=news.DownloadAttachUrl&owner=1744984858&wbfileid=18251545
【教学运行】,关于2025-2026学年第二学期《线性代数》课程半期考试安排的通知,2026-04-27,https://jwch.fzu.edu.cn/info/1036/14606.htm,2502线代半期考-5.10下午.xlsx,220,https://jwch.fzu.edu.cn/system/_content/download.jsp?urltype=news.DownloadAttachUrl&owner=1744984858&wbfileid=18251541
【质量办】,关于举办福州大学第八十二场“教学有道”研讨活动的通知,2026-04-24,https://jwch.fzu.edu.cn/info/1040/14602.htm,无附件,0,无
【教学运行】,关于2026年劳动节放假课程调整的通知,2026-04-24,https://jwch.fzu.edu.cn/info/1036/14601.htm,无附件,0,无
【教材中心】,福州大学关于开展2026年度本科数字教材立项建设工作的通知,2026-04-24,https://jwch.fzu.edu.cn/info/1042/14600.htm,附件1.福州大学本科数字教材立项建设申报表.docx; 附件2.福州大学本科数字教材立项建设申报汇总表.xls; 附件3：福州大学本科教材编写人员政治审查表.docx,60; 58; 62,https://jwch.fzu.edu.cn/system/_content/download.jsp?urltype=news.DownloadAttachUrl&owner=1744984858&wbfileid=18264055; https://jwch.fzu.edu.cn/system/_content/download.jsp?urltype=news.DownloadAttachUrl&owner=1744984858&wbfileid=18264056; https://jwch.fzu.edu.cn/system/_content/download.jsp?urltype=news.DownloadAttachUrl&owner=1744984858&wbfileid=18264057
【教材中心】,关于组织申报2026年度教育部大中小学课程教材研究项目的通知,2026-04-24,https://jwch.fzu.edu.cn/info/1042/14599.htm,附件1.教育部办公厅关于组织申报2026年度教育部大中小学课程教材研究项目的通知.pdf; 附件2.教育部大中小学课程教材研究项目2026年度重大项目和重点项目选题指南.doc; 附件3.操作指南（申报人）.pdf; 附件4.教育部大中小学课程教材研究项目2026年度申报书（仅供查看）.docx; 附件5.2026年度教育部大中小学课程教材研究项目推荐汇总表.xlsx,191; 215; 176; 208; 158,https://jwch.fzu.edu.cn/system/_content/download.jsp?urltype=news.DownloadAttachUrl&owner=1744984858&wbfileid=18250479; https://jwch.fzu.edu.cn/system/_content/download.jsp?urltype=news.DownloadAttachUrl&owner=1744984858&wbfileid=18250480; https://jwch.fzu.edu.cn/system/_content/download.jsp?urltype=news.DownloadAttachUrl&owner=1744984858&wbfileid=18250481; https://jwch.fzu.edu.cn/system/_content/download.jsp?urltype=news.DownloadAttachUrl&owner=1744984858&wbfileid=18250482; https://jwch.fzu.edu.cn/system/_content/download.jsp?urltype=news.DownloadAttachUrl&owner=1744984858&wbfileid=18250483
【实践科】,关于举办2026年福州大学第十届智能测绘大赛的通知,2026-04-21,https://jwch.fzu.edu.cn/content.jsp?urltype=news.NewsContentUrl&wbtreeid=1039&wbnewsid=14596,无附件,0,无
【质量办】,关于举办福州大学第八十一场“教学有道”研讨活动的通知,2026-04-21,https://jwch.fzu.edu.cn/info/1040/14594.htm,无附件,0,无
【实践科】,关于组织参加2026年第十八届“中国电机工程学会杯”全国大学生电工数学建模竞赛的通知,2026-04-20,https://jwch.fzu.edu.cn/content.jsp?urltype=news.NewsContentUrl&wbtreeid=1039&wbnewsid=14593,无附件,0,无
【实践科】,关于举办2026年福州大学第十六届大学生节能减排社会实践与科技竞赛暨第十二届材料创新、设计及应用竞赛的通知,2026-04-20,https://jwch.fzu.edu.cn/content.jsp?urltype=news.NewsContentUrl&wbtreeid=1039&wbnewsid=14592,无附件,0,无
【实践科】,关于做好2024年、2025年本科生科研训练计划项目结题工作的通知,2026-04-16,https://jwch.fzu.edu.cn/content.jsp?urltype=news.NewsContentUrl&wbtreeid=1039&wbnewsid=14588,无附件,0,无
【教学运行】,关于2026届预计毕业生补拍电子注册学历照片的通知,2026-04-16,https://jwch.fzu.edu.cn/info/1036/14590.htm,附件2：证件照拍摄要求.pdf; 附件1：行政北楼平面图.pdf; 附件3：获得图像采集码途径.pdf,206; 150; 215,https://jwch.fzu.edu.cn/system/_content/download.jsp?urltype=news.DownloadAttachUrl&owner=1744984858&wbfileid=18248487; https://jwch.fzu.edu.cn/system/_content/download.jsp?urltype=news.DownloadAttachUrl&owner=1744984858&wbfileid=18248486; https://jwch.fzu.edu.cn/system/_content/download.jsp?urltype=news.DownloadAttachUrl&owner=1744984858&wbfileid=18248488
【实践科】,关于举办2026年福州大学第七届大学生机器人竞赛的通知,2026-04-15,https://jwch.fzu.edu.cn/content.jsp?urltype=news.NewsContentUrl&wbtreeid=1039&wbnewsid=14585,无附件,0,无
【质量办】,关于开展2026届本科毕业生在校学习体验调研的通知,2026-04-15,https://jwch.fzu.edu.cn/info/1040/14586.htm,附件.docx,116,https://jwch.fzu.edu.cn/system/_content/download.jsp?urltype=news.DownloadAttachUrl&owner=1744984858&wbfileid=18248189
【教材中心】,关于举办2026年福建省高校教材联合巡展的通知,2026-04-14,https://jwch.fzu.edu.cn/info/1042/14584.htm,无附件,0,无
【质量办】,关于开展2026年度教师本科教学综合测评工作的通知,2026-04-14,https://jwch.fzu.edu.cn/info/1040/14583.htm,附件1-7.docx; 福大教〔2016〕2号 福州大学关于印发教师本科教学综合测评办法试行的通知.doc,180; 111,https://jwch.fzu.edu.cn/system/_content/download.jsp?urltype=news.DownloadAttachUrl&owner=1744984858&wbfileid=18247979; https://jwch.fzu.edu.cn/system/_content/download.jsp?urltype=news.DownloadAttachUrl&owner=1744984858&wbfileid=18247978
【教学运行】,关于2027届预计毕业生核对电子注册学历信息的通知,2026-04-10,https://jwch.fzu.edu.cn/info/1036/14582.htm,无附件,0,无
【教材中心】,关于组织开展2026年人工智能赋能课程教材研究课题申报工作的通知,2026-04-08,https://jwch.fzu.edu.cn/info/1042/14580.htm,附件1.选题指南.pdf; 附件2.2026年人工智能赋能课程教材研究课题申报书.docx; 附件3.2026年人工智能赋能课程教材研究课题申报汇总表.docx,179; 164; 160,https://jwch.fzu.edu.cn/system/_content/download.jsp?urltype=news.DownloadAttachUrl&owner=1744984858&wbfileid=18246537; https://jwch.fzu.edu.cn/system/_content/download.jsp?urltype=news.DownloadAttachUrl&owner=1744984858&wbfileid=18246538; https://jwch.fzu.edu.cn/system/_content/download.jsp?urltype=news.DownloadAttachUrl&owner=1744984858&wbfileid=18246539
【教学通知】,关于组织开展2026年人工智能赋能课程教材研究课题申报工作的通知,2026-04-08,https://jwch.fzu.edu.cn/info/1012/14579.htm,附件1.选题指南.pdf; 附件2.2026年人工智能赋能课程教材研究课题申报书.docx; 附件3.2026年人工智能赋能课程教材研究课题申报汇总表.docx,124; 105; 103,https://jwch.fzu.edu.cn/system/_content/download.jsp?urltype=news.DownloadAttachUrl&owner=1744984858&wbfileid=18246534; https://jwch.fzu.edu.cn/system/_content/download.jsp?urltype=news.DownloadAttachUrl&owner=1744984858&wbfileid=18246535; https://jwch.fzu.edu.cn/system/_content/download.jsp?urltype=news.DownloadAttachUrl&owner=1744984858&wbfileid=18246536
【实践科】,关于举办2026年中国大学生计算机设计大赛福州大学校内选拔赛的通知,2026-04-07,https://jwch.fzu.edu.cn/content.jsp?urltype=news.NewsContentUrl&wbtreeid=1039&wbnewsid=14577,无附件,0,无
【质量办】,关于开展2025年新上岗教师课堂授课达标考核的通知,2026-04-07,https://jwch.fzu.edu.cn/info/1040/14576.htm,附件1：2025年福州大学新上岗教师达标培训班名单.xlsx; 附件2：2025年新上岗教师课堂授课达标考核情况汇总表---需一式三份报教评中心.docx,677; 416,https://jwch.fzu.edu.cn/system/_content/download.jsp?urltype=news.DownloadAttachUrl&owner=1744984858&wbfileid=18245977; https://jwch.fzu.edu.cn/system/_content/download.jsp?urltype=news.DownloadAttachUrl&owner=1744984858&wbfileid=18245978
【电教中心】,关于开展“AI辅助教学、助力课堂创新”智慧教学第七期培训的通知,2026-04-07,https://jwch.fzu.edu.cn/info/1041/14574.htm,无附件,0,无
【教学运行】,关于2025-2026学年第二学期《高等数学A（中）》、《高等数学B（下）》、《高等数学C（下）》课程半期考试安排的通知,2026-04-07,https://jwch.fzu.edu.cn/info/1036/14573.htm,2502高数半期考-4.26上午.xlsx,415,https://jwch.fzu.edu.cn/system/_content/download.jsp?urltype=news.DownloadAttachUrl&owner=1744984858&wbfileid=18245841
【教学运行】,关于2025-2026学年第二学期《概率论与数理统计》课程半期考试安排的通知,2026-04-07,https://jwch.fzu.edu.cn/info/1036/14571.htm,2502概率论半期考-4.19下午.xlsx,256,https://jwch.fzu.edu.cn/system/_content/download.jsp?urltype=news.DownloadAttachUrl&owner=1744984858&wbfileid=18245801
【实践科】,关于做好“全国大学生实习公共服务平台”数据报送工作的通知,2026-03-30,https://jwch.fzu.edu.cn/content.jsp?urltype=news.NewsContentUrl&wbtreeid=1039&wbnewsid=14563,无附件,0,无
【教学运行】,关于2026年清明节放假课程调整的通知,2026-03-30,https://jwch.fzu.edu.cn/info/1036/14562.htm,无附件,0,无
【质量办】,关于举办福州大学第八十场“教学有道”暨数字媒体艺术教学专题研讨会的通知,2026-03-24,https://jwch.fzu.edu.cn/info/1040/14555.htm,无附件,0,无
【教学运行】,关于做好2026-2027学年第一学期排课准备工作的通知,2026-03-23,https://jwch.fzu.edu.cn/info/1036/14552.htm,无附件,0,无
【实践科】,关于报名参加2026年第十二届全国大学生统计建模大赛的通知,2026-03-19,https://jwch.fzu.edu.cn/content.jsp?urltype=news.NewsContentUrl&wbtreeid=1039&wbnewsid=14548,无附件,0,无
【电教中心】,关于开展智慧教室及课程中心使用培训的通知,2026-03-17,https://jwch.fzu.edu.cn/info/1041/14546.htm,无附件,0,无
【实践科】,关于举办2026年第二十三届福州大学程序设计竞赛暨ACM-ICPC校集训队选拔赛的通知,2026-03-17,https://jwch.fzu.edu.cn/content.jsp?urltype=news.NewsContentUrl&wbtreeid=1039&wbnewsid=14544,无附件,0,无
【计划科】,关于2025-2026学年第二学期爱课程平台参加通识教育选修课学习的重要提示,2026-03-16,https://jwch.fzu.edu.cn/info/1038/14543.htm,无附件,0,无
【实践科】,关于举办福州大学2026年第十七届企业经营模拟沙盘对抗赛的通知,2026-03-13,https://jwch.fzu.edu.cn/content.jsp?urltype=news.NewsContentUrl&wbtreeid=1039&wbnewsid=14541,无附件,0,无
【教学运行】,关于2025-2026学年第二学期重新学习选课、缴费的通知,2026-03-13,https://jwch.fzu.edu.cn/info/1036/14540.htm,无附件,0,无
【综合科】,关于召开2025-2026学年春季学期期初本科教育教学工作会议的通知,2026-03-12,https://jwch.fzu.edu.cn/info/1035/14539.htm,无附件,0,无
【实践科】,关于举办福州大学2026年第十五届大学生软件设计与服务外包创新创业竞赛的通知,2026-03-10,https://jwch.fzu.edu.cn/content.jsp?urltype=news.NewsContentUrl&wbtreeid=1039&wbnewsid=14537,无附件,0,无
【质量办】,关于举办福州大学第七十九场“教学有道”研讨活动的通知,2026-03-10,https://jwch.fzu.edu.cn/info/1040/14536.htm,无附件,0,无
【计划科】,关于公布2025-2026学年第二学期通选课取消开课名单的通知,2026-03-09,https://jwch.fzu.edu.cn/info/1038/14535.htm,无附件,0,无
【实践科】,关于开展2025年学院教学有关数据统计工作的通知,2026-03-06,https://jwch.fzu.edu.cn/content.jsp?urltype=news.NewsContentUrl&wbtreeid=1039&wbnewsid=14528,无附件,0,无
【实践科】,关于公布大学生学科竞赛级别认定结果的通知,2026-03-06,https://jwch.fzu.edu.cn/content.jsp?urltype=news.NewsContentUrl&wbtreeid=1039&wbnewsid=14534,无附件,0,无
【实践科】,关于举办福州大学第十二届桥梁设计大赛的通知,2026-03-06,https://jwch.fzu.edu.cn/content.jsp?urltype=news.NewsContentUrl&wbtreeid=1039&wbnewsid=14533,无附件,0,无
【教学运行】,关于做好2026年3月退役复学学生转专业的通知,2026-03-05,https://jwch.fzu.edu.cn/info/1036/14532.htm,福州大学参军退伍复学后学生转专业审批表.doc,273,https://jwch.fzu.edu.cn/system/_content/download.jsp?urltype=news.DownloadAttachUrl&owner=1744984858&wbfileid=16766331
【综合科】,关于2025-2026学年第二学期本科生学生证补办和火车票优惠区间更改的通知,2026-03-01,https://jwch.fzu.edu.cn/info/1035/14525.htm,无附件,0,无
【教学运行】,关于2025-2026学年第二学期学期选课、辅修选课补退选的通知,2026-02-28,https://jwch.fzu.edu.cn/info/1036/14524.htm,无附件,0,无
【计划科】,关于通识教育选修课《国际化拔尖创新人才科研训练2026春》宣讲会及选课的通知,2026-02-28,https://jwch.fzu.edu.cn/info/1038/14522.htm,2026年春季国际化拔尖创新人才科研训练具体课程清单.xlsx,927,https://jwch.fzu.edu.cn/system/_content/download.jsp?urltype=news.DownloadAttachUrl&owner=1744984858&wbfileid=16765559
【计划科】,关于2025-2026学年第二学期参加《大学生国家安全教育》课程学习的通知,2026-02-28,https://jwch.fzu.edu.cn/info/1038/14520.htm,超星尔雅使用手册（学生版）.pdf,1569,https://jwch.fzu.edu.cn/system/_content/download.jsp?urltype=news.DownloadAttachUrl&owner=1744984858&wbfileid=16765550
【计划科】,关于2025-2026学年第二学期港澳台侨学生思政课和军事课程退选替代的通知,2026-02-28,https://jwch.fzu.edu.cn/info/1038/14518.htm,2025-2026学年第二学期国情课列表.docx,788,https://jwch.fzu.edu.cn/system/_content/download.jsp?urltype=news.DownloadAttachUrl&owner=1744984858&wbfileid=16765549
【计划科】,关于2025-2026学年第二学期通识教育选修课选课的通知,2026-02-28,https://jwch.fzu.edu.cn/info/1038/14517.htm,智慧树学生手册.pptx; 超星尔雅使用手册（学生版）.pdf; 慕课堂学生操作手册.pdf,1656; 1446; 1106,https://jwch.fzu.edu.cn/system/_content/download.jsp?urltype=news.DownloadAttachUrl&owner=1744984858&wbfileid=16765546; https://jwch.fzu.edu.cn/system/_content/download.jsp?urltype=news.DownloadAttachUrl&owner=1744984858&wbfileid=16765547; https://jwch.fzu.edu.cn/system/_content/download.jsp?urltype=news.DownloadAttachUrl&owner=1744984858&wbfileid=16765548
【教材中心】,关于2025-2026学年第二学期教材发放的通知,2026-02-27,https://jwch.fzu.edu.cn/info/1042/14515.htm,无附件,0,无
【教学运行】,关于2025-2026学年第二学期体育理论教室安排的通知,2026-02-27,https://jwch.fzu.edu.cn/info/1036/14514.htm,无附件,0,无
【综合科】,教务处关于2026年寒假工作安排的通知,2026-01-30,https://jwch.fzu.edu.cn/info/1035/14511.htm,教务处2026年寒假值班表（jwch）.xlsx,725,https://jwch.fzu.edu.cn/system/_content/download.jsp?urltype=news.DownloadAttachUrl&owner=1744984858&wbfileid=16764328
【实践科】,关于做好2026年（总第三十二期）本科生科研训练计划立项申报工作的通知,2026-01-23,https://jwch.fzu.edu.cn/content.jsp?urltype=news.NewsContentUrl&wbtreeid=1039&wbnewsid=14508,无附件,0,无
【实践科】,关于做好2026届本科生毕业设计（论文）工作的通知,2026-01-21,https://jwch.fzu.edu.cn/content.jsp?urltype=news.NewsContentUrl&wbtreeid=1039&wbnewsid=14506,无附件,0,无
【教学运行】,关于2025-2026学年第二学期辅修专业选课的通知,2026-01-19,https://jwch.fzu.edu.cn/info/1036/14503.htm,无附件,0,无
【计划科】,关于核对2025-2026学年第二学期通识教育选修课开课信息的有关通知,2026-01-19,https://jwch.fzu.edu.cn/info/1038/14502.htm,无附件,0,无
【综合科】,关于召开2025-2026学年秋季学期期末本科教育教学工作会议的通知,2026-01-16,https://jwch.fzu.edu.cn/info/1035/14501.htm,无附件,0,无
【实践科】,关于举办第十六届全国大学生电子商务“创新、创意及创业”挑战赛福州大学校赛的通知,2026-01-15,https://jwch.fzu.edu.cn/content.jsp?urltype=news.NewsContentUrl&wbtreeid=1039&wbnewsid=14498,无附件,0,无
【教学运行】,关于2026年春季学期《大学物理实验A（上）》、《大学物理实验C》绪论课程教室安排的通知,2026-01-15,https://jwch.fzu.edu.cn/info/1036/14497.htm,2026年春季学期《大学物理实验A（上）》、《大学物理实验C》绪论课安排.xlsx,968,https://jwch.fzu.edu.cn/system/_content/download.jsp?urltype=news.DownloadAttachUrl&owner=1744984858&wbfileid=16761697
【教材中心】,关于开展普通高等教育本科国家级规划教材推荐工作的通知,2026-01-14,https://jwch.fzu.edu.cn/info/1042/14494.htm,附件1.“十四五”普通高等教育本科国家级规划教材申报书.docx; 附件2.“十四五”普通高等教育本科国家级规划教材推荐汇总表.xls; 附件3.教材编写人员政治审查表.docx; 附件4.图书编校质量自查结果记录表.docx; 附件5.专家审查意见表.docx,298; 315; 297; 274; 288,https://jwch.fzu.edu.cn/system/_content/download.jsp?urltype=news.DownloadAttachUrl&owner=1744984858&wbfileid=16762110; https://jwch.fzu.edu.cn/system/_content/download.jsp?urltype=news.DownloadAttachUrl&owner=1744984858&wbfileid=16762111; https://jwch.fzu.edu.cn/system/_content/download.jsp?urltype=news.DownloadAttachUrl&owner=1744984858&wbfileid=16762112; https://jwch.fzu.edu.cn/system/_content/download.jsp?urltype=news.DownloadAttachUrl&owner=1744984858&wbfileid=16762113; https://jwch.fzu.edu.cn/system/_content/download.jsp?urltype=news.DownloadAttachUrl&owner=1744984858&wbfileid=16762114
【教学运行】,关于2025-2026学年第一学期《高等数学A（上）》、《高等数学B（上）》、《高等数学C（上）》和《高等数学D》课程期末考试安排的通知,2026-01-13,https://jwch.fzu.edu.cn/info/1036/14493.htm,2501高等数学A（上）、B（上）期末考-1.30上午.xlsx; 2501高等数学C（上）、D期末考-1.30下午.xlsx,621; 498,https://jwch.fzu.edu.cn/system/_content/download.jsp?urltype=news.DownloadAttachUrl&owner=1744984858&wbfileid=16761506; https://jwch.fzu.edu.cn/system/_content/download.jsp?urltype=news.DownloadAttachUrl&owner=1744984858&wbfileid=16761466
【教学运行】,关于2025-2026学年第一学期《大学物理A（下）》和《大学物理B（下）》课程期末考试安排的通知,2026-01-13,https://jwch.fzu.edu.cn/info/1036/14492.htm,2501大学物理A（下）、B（下）期末考-1.29上午.xlsx,468,https://jwch.fzu.edu.cn/system/_content/download.jsp?urltype=news.DownloadAttachUrl&owner=1744984858&wbfileid=16761453
【教学运行】,关于2025-2026学年第一学期《工程制图C（上）》、《工程制图D》和《工程制图F》课程期末考试安排的通知,2026-01-13,https://jwch.fzu.edu.cn/info/1036/14491.htm,2501制图C（上）、D、F期末考-1.27下午.xlsx,388,https://jwch.fzu.edu.cn/system/_content/download.jsp?urltype=news.DownloadAttachUrl&owner=1744984858&wbfileid=16761392
【教学运行】,关于2025-2026学年第一学期《大学英语（二）》课程期末考试安排的通知,2026-01-13,https://jwch.fzu.edu.cn/info/1036/14490.htm,2501英语（二）期末考-1.25上、下午.xlsx,480,https://jwch.fzu.edu.cn/system/_content/download.jsp?urltype=news.DownloadAttachUrl&owner=1744984858&wbfileid=16761388
【教学运行】,关于2025-2026学年第一学期《大学英语（一）》和《大学英语（三）》课程期末考试安排的通知,2026-01-13,https://jwch.fzu.edu.cn/info/1036/14489.htm,2501英语（一）、（三）期末考-1.24上午.xlsx,343,https://jwch.fzu.edu.cn/system/_content/download.jsp?urltype=news.DownloadAttachUrl&owner=1744984858&wbfileid=16761618
【教学运行】,关于2025-2026学年第一学期《思想道德与法治》课程期末考试安排的通知,2026-01-13,https://jwch.fzu.edu.cn/info/1036/14488.htm,2501思法随堂考.xlsx,478,https://jwch.fzu.edu.cn/system/_content/download.jsp?urltype=news.DownloadAttachUrl&owner=1744984858&wbfileid=16761385
【质量办】,关于举办福州大学第七十八场“教学有道”暨雕塑教学专题研讨会的通知,2026-01-12,https://jwch.fzu.edu.cn/info/1040/14485.htm,无附件,0,无
【教学运行】,关于2026届预计毕业生校对电子注册学历照片的通知,2026-01-09,https://jwch.fzu.edu.cn/info/1036/14484.htm,无附件,0,无
【教研教改】,福州大学关于征集“人工智能专题”跨校共享线上课程的通知,2026-01-08,https://jwch.fzu.edu.cn/info/1037/14483.htm,附件2：福建省高校在线教育联盟共享课程开课计划书.doc; 附件1：福课联盟[2026]1号-关于征集“人工智能专题”跨校共享线上课程的通知.pdf,355; 456,https://jwch.fzu.edu.cn/system/_content/download.jsp?urltype=news.DownloadAttachUrl&owner=1744984858&wbfileid=16760851; https://jwch.fzu.edu.cn/system/_content/download.jsp?urltype=news.DownloadAttachUrl&owner=1744984858&wbfileid=16760850
【教学运行】,关于2025-2026学年第一学期《线性代数》和《线性代数与解析几何》课程期末考试安排的通知,2026-01-06,https://jwch.fzu.edu.cn/info/1036/14466.htm,2501线性代数、线性代数与解析几何期末考-1.18上午.xlsx,564,https://jwch.fzu.edu.cn/system/_content/download.jsp?urltype=news.DownloadAttachUrl&owner=1744984858&wbfileid=16760390
【教学运行】,关于2025-2026学年第一学期《概率论与数理统计》课程期末考试安排的通知,2026-01-06,https://jwch.fzu.edu.cn/info/1036/14465.htm,2501概率论期末考-1.11下午.xlsx,446,https://jwch.fzu.edu.cn/system/_content/download.jsp?urltype=news.DownloadAttachUrl&owner=1744984858&wbfileid=16760389
【教学运行】,关于2025-2026学年第一学期《大学英语（四）》课程期末考试安排的通知,2026-01-06,https://jwch.fzu.edu.cn/info/1036/14464.htm,2501英语（四）期末考-1.11上午.xlsx,409,https://jwch.fzu.edu.cn/system/_content/download.jsp?urltype=news.DownloadAttachUrl&owner=1744984858&wbfileid=16760387
【教学运行】,关于2025-2026学年第二学期本科生学期选课的通知,2026-01-05,https://jwch.fzu.edu.cn/info/1036/14463.htm,无附件,0,无
【教学运行】,关于做好期末复习考试及下学期开学等工作的通知,2026-01-04,https://jwch.fzu.edu.cn/info/1036/14451.htm,无附件,0,无
【教研教改】,福州大学关于收集线上课程资源需求的通知（2026）,2026-01-04,https://jwch.fzu.edu.cn/info/1037/14447.htm,无附件,0,无
【教学运行】,关于2025-2026学年第一学期计算机语言类课程期末考试安排的通知,2025-12-31,https://jwch.fzu.edu.cn/info/1036/14442.htm,2501计算机语言课程期末考-1.10上午.xlsx,332,https://jwch.fzu.edu.cn/system/_content/download.jsp?urltype=news.DownloadAttachUrl&owner=1744984858&wbfileid=16760440
【教学运行】,关于2025-2026学年第一学期《中国近现代史纲要》课程期末考试安排的通知,2025-12-31,https://jwch.fzu.edu.cn/info/1036/14441.htm,2501史纲随堂考.xlsx,497,https://jwch.fzu.edu.cn/system/_content/download.jsp?urltype=news.DownloadAttachUrl&owner=1744984858&wbfileid=16759636
【教材中心】,关于开展2026年拟出版本科教材审核工作的通知,2025-12-30,https://jwch.fzu.edu.cn/info/1042/14433.htm,附件1：福州大学教材管理实施细则.pdf; 附件2：福州大学本科教材编写人员汇总表.docx; 附件3：福州大学本科教材编写人员政治审查表.docx; 附件4：福州大学本科教材校外编写人员政治审查表.docx; 附件5：福州大学自编教材内容审核表.docx,335; 304; 271; 285; 318,https://jwch.fzu.edu.cn/system/_content/download.jsp?urltype=news.DownloadAttachUrl&owner=1744984858&wbfileid=16759535; https://jwch.fzu.edu.cn/system/_content/download.jsp?urltype=news.DownloadAttachUrl&owner=1744984858&wbfileid=16759536; https://jwch.fzu.edu.cn/system/_content/download.jsp?urltype=news.DownloadAttachUrl&owner=1744984858&wbfileid=16759537; https://jwch.fzu.edu.cn/system/_content/download.jsp?urltype=news.DownloadAttachUrl&owner=1744984858&wbfileid=16759538; https://jwch.fzu.edu.cn/system/_content/download.jsp?urltype=news.DownloadAttachUrl&owner=1744984858&wbfileid=16759539
【教学运行】,关于2026年元旦放假课程调整的通知,2025-12-29,https://jwch.fzu.edu.cn/info/1036/14431.htm,无附件,0,无
【教材中心】,关于开展2024年本科数字教材建设项目中期检查和结项验收工作的通知,2025-12-25,https://jwch.fzu.edu.cn/info/1042/14424.htm,附件1.福州大学2024年本科数字教材建设项目名单.xls; 附件2.福州大学教材建设项目中期检查表.docx; 附件3.福州大学教材建设项目结题验收申请表.docx; 附件4：福州大学教材建设项目检查验收汇总表.xls; 附件5.福州大学本科教材编写人员政治审查表.docx,227; 218; 222; 202; 178,https://jwch.fzu.edu.cn/system/_content/download.jsp?urltype=news.DownloadAttachUrl&owner=1744984858&wbfileid=16759389; https://jwch.fzu.edu.cn/system/_content/download.jsp?urltype=news.DownloadAttachUrl&owner=1744984858&wbfileid=16759390; https://jwch.fzu.edu.cn/system/_content/download.jsp?urltype=news.DownloadAttachUrl&owner=1744984858&wbfileid=16759391; https://jwch.fzu.edu.cn/system/_content/download.jsp?urltype=news.DownloadAttachUrl&owner=1744984858&wbfileid=16759392; https://jwch.fzu.edu.cn/system/_content/download.jsp?urltype=news.DownloadAttachUrl&owner=1744984858&wbfileid=16759393
【质量办】,关于举办福州大学第七十七场“教学有道”研讨活动的通知,2025-12-18,https://jwch.fzu.edu.cn/info/1040/14416.htm,无附件,0,无
【教学运行】,关于2025-2026学年第一学期《工程制图E》课程期末考试安排的通知,2025-12-18,https://jwch.fzu.edu.cn/info/1036/14415.htm,2501制图E期末考-12.28下午.xlsx,470,https://jwch.fzu.edu.cn/system/_content/download.jsp?urltype=news.DownloadAttachUrl&owner=1744984858&wbfileid=16756835
【教学运行】,关于2025-2026学年第一学期《马克思主义基本原理》和《毛泽东思想和中国特色社会主义理论体系概论》课程期末考试安排的通知,2025-12-18,https://jwch.fzu.edu.cn/info/1036/14414.htm,2501马原随堂考 .xlsx; 2501毛概随堂考.xlsx,474; 442,https://jwch.fzu.edu.cn/system/_content/download.jsp?urltype=news.DownloadAttachUrl&owner=1744984858&wbfileid=16756833; https://jwch.fzu.edu.cn/system/_content/download.jsp?urltype=news.DownloadAttachUrl&owner=1744984858&wbfileid=16756834
【教材中心】,关于做好2025-2026学年第二学期教材选用与征订工作的通知,2025-12-12,https://jwch.fzu.edu.cn/content.jsp?urltype=news.NewsContentUrl&wbtreeid=1042&wbnewsid=14404,无附件,0,无
【质量办】,关于举办福州大学第七十六场“教学有道”暨版画教学专题研讨会的通知,2025-12-10,https://jwch.fzu.edu.cn/info/1040/14402.htm,无附件,0,无
【质量办】,关于举办福州大学第七十五场“教学有道”研讨活动的通知,2025-12-09,https://jwch.fzu.edu.cn/info/1040/14401.htm,无附件,0,无
【质量办】,关于开展首轮学院本科教学管理质量评估自评工作的通知,2025-12-05,https://jwch.fzu.edu.cn/info/1040/14399.htm,无附件,0,无
【实践科】,关于填报2025年高等教育质量监测数据教学相关数据的通知,2025-12-04,https://jwch.fzu.edu.cn/content.jsp?urltype=news.NewsContentUrl&wbtreeid=1039&wbnewsid=14395,无附件,0,无
【教学运行】,关于2025-2026学年第一学期《高等数学A（下）》课程期末考试安排的通知,2025-12-01,https://jwch.fzu.edu.cn/info/1036/14384.htm,2501高等数学A（下）期末考-12.7上午.xlsx,438,https://jwch.fzu.edu.cn/system/_content/download.jsp?urltype=news.DownloadAttachUrl&owner=1744984858&wbfileid=16738452
【教学运行】,关于2025-2026学年第一学期《线性代数》和《线性代数与解析几何》课程半期考试安排的通知,2025-12-01,https://jwch.fzu.edu.cn/info/1036/14382.htm,2501线性代数、线性代数与解析几何半期考12.7下午.xlsx,558,https://jwch.fzu.edu.cn/system/_content/download.jsp?urltype=news.DownloadAttachUrl&owner=1744984858&wbfileid=16738466
【教学运行】,关于2025-2026学年第一学期《习近平新时代中国特色社会主义思想概论》课程期末考试安排的通知,2025-12-01,https://jwch.fzu.edu.cn/info/1036/14383.htm,2501习概随堂考.xlsx,385,https://jwch.fzu.edu.cn/system/_content/download.jsp?urltype=news.DownloadAttachUrl&owner=1744984858&wbfileid=16738448
【教学运行】,关于2025-2026学年第一学期《高等数学A（上）》、《高等数学B（上）》、《高等数学C（上）》、《高等数学D》课程半期考试安排的通知,2025-11-24,https://jwch.fzu.edu.cn/info/1036/14373.htm,2501高等数学A（上）、B（上）、C（上）、D半期考11.30上午.xlsx,1323,https://jwch.fzu.edu.cn/system/_content/download.jsp?urltype=news.DownloadAttachUrl&owner=1744984858&wbfileid=16735966
【计划科】,关于组织申报2025-2026学年第二学期通识教育选修课的通知,2025-11-24,https://jwch.fzu.edu.cn/info/1038/14369.htm,无附件,0,无
【教材中心】,关于开展福州大学2022年本科规划教材立项项目结题验收工作的通知,2025-11-18,https://jwch.fzu.edu.cn/content.jsp?urltype=news.NewsContentUrl&wbtreeid=1042&wbnewsid=14364,无附件,0,无
【教材中心】,福州大学关于印发教材委员会章程的通知,2025-11-18,https://jwch.fzu.edu.cn/info/1042/14363.htm,无附件,0,无
【教学通知】,福州大学关于印发教材委员会章程的通知,2025-11-18,https://jwch.fzu.edu.cn/info/1012/14362.htm,无附件,0,无
【计划科】,关于2025-2026学年第一学期在校学生申请辅修专业的通知,2025-11-17,https://jwch.fzu.edu.cn/info/1038/14361.htm,无附件,0,无
【教学运行】,关于公布2025-2026学年各学院转专业实施细则的通知,2025-11-14,https://jwch.fzu.edu.cn/info/1036/14352.htm,2025-2026学年各学院转专业实施细则.pdf,7598,https://jwch.fzu.edu.cn/system/_content/download.jsp?urltype=news.DownloadAttachUrl&owner=1744984858&wbfileid=16732856
【综合科】,关于2025-2026学年第一学期再次开放本科生学生证补办、火车票优惠区间更改及信息采集的通知,2025-11-12,https://jwch.fzu.edu.cn/info/1035/14344.htm,无附件,0,无
【教材中心】,关于做好2025-2026学年第一学期本科课程实施与教材使用监测工作的通知,2025-11-12,https://jwch.fzu.edu.cn/info/1042/14342.htm,附件1.关于开展2025-2026学年高校课程实施与教材使用监测工作的通知.pdf; 附件2.2025-2026学年上下学期教材使用工作报告（示例）.docx,465; 247,https://jwch.fzu.edu.cn/system/_content/download.jsp?urltype=news.DownloadAttachUrl&owner=1744984858&wbfileid=16735375; https://jwch.fzu.edu.cn/system/_content/download.jsp?urltype=news.DownloadAttachUrl&owner=1744984858&wbfileid=16735376
【质量办】,关于公布福州大学2025年教师教学创新大赛—入围教学设计创新汇报名单的通知,2025-11-12,https://jwch.fzu.edu.cn/info/1040/14341.htm,无附件,0,无
【实践科】,关于做好2025年本科生科研训练计划项目中期检查工作的通知,2025-11-10,https://jwch.fzu.edu.cn/content.jsp?urltype=news.NewsContentUrl&wbtreeid=1039&wbnewsid=14321,无附件,0,无
【实践科】,关于做好大学生学科竞赛项目认定工作的通知,2025-11-05,https://jwch.fzu.edu.cn/content.jsp?urltype=news.NewsContentUrl&wbtreeid=1039&wbnewsid=14316,无附件,0,无
【教学运行】,关于做好2026届预计毕业生电子注册图像采集工作的通知,2025-10-30,https://jwch.fzu.edu.cn/info/1036/14284.htm,附件3：获得图像采集码途径.pdf; 附件1：拍照地点示意图.pdf; 附件2：各学院分班拍摄顺序.pdf,2930; 1857; 2447,https://jwch.fzu.edu.cn/system/_content/download.jsp?urltype=news.DownloadAttachUrl&owner=1744984858&wbfileid=16728635; https://jwch.fzu.edu.cn/system/_content/download.jsp?urltype=news.DownloadAttachUrl&owner=1744984858&wbfileid=16728636; https://jwch.fzu.edu.cn/system/_content/download.jsp?urltype=news.DownloadAttachUrl&owner=1744984858&wbfileid=16728634
【教学运行】,关于2025-2026学年第一学期《概率论与数理统计》课程半期考试安排的通知,2025-11-04,https://jwch.fzu.edu.cn/info/1036/14315.htm,2501概率论半期考11.16下午.xlsx,614,https://jwch.fzu.edu.cn/system/_content/download.jsp?urltype=news.DownloadAttachUrl&owner=1744984858&wbfileid=16729972
【教学运行】,关于2025-2026学年第一学期《大学物理A（下）》、《大学物理B（下）》课程半期考试安排的通知,2025-10-29,https://jwch.fzu.edu.cn/info/1036/14283.htm,2501大物A（下）、B（下）半期考11.9上午.xlsx,723,https://jwch.fzu.edu.cn/system/_content/download.jsp?urltype=news.DownloadAttachUrl&owner=1744984858&wbfileid=16728534
【教学运行】,关于2025-2026学年第一学期《高等数学A（下）》课程半期考试安排的通知,2025-10-29,https://jwch.fzu.edu.cn/info/1036/14281.htm,2501高等数学A（下）半期考11.2上午.xlsx,622,https://jwch.fzu.edu.cn/system/_content/download.jsp?urltype=news.DownloadAttachUrl&owner=1744984858&wbfileid=16728461
【教学运行】,关于做好2025-2026学年本科生转专业工作的通知,2025-10-28,https://jwch.fzu.edu.cn/content.jsp?urltype=news.NewsContentUrl&wbtreeid=1036&wbnewsid=14278,无附件,0,无
【教学运行】,福州大学关于印发本科生转专业管理实施办法的通知,2025-10-28,https://jwch.fzu.edu.cn/content.jsp?urltype=news.NewsContentUrl&wbtreeid=1036&wbnewsid=14277,无附件,0,无
【实践科】,关于组织参加2026年美国大学生数学建模竞赛的通知,2025-10-24,https://jwch.fzu.edu.cn/content.jsp?urltype=news.NewsContentUrl&wbtreeid=1039&wbnewsid=14274,无附件,0,无
【质量办】,关于为2025年新上岗教师配备导师的通知,2025-10-21,https://jwch.fzu.edu.cn/info/1040/14264.htm,2025年福州大学新上岗教师达标培训班名单（配导师）.xlsx,1635,https://jwch.fzu.edu.cn/system/_content/download.jsp?urltype=news.DownloadAttachUrl&owner=1744984858&wbfileid=16726268
【质量办】,关于举办福州大学第七十四场“教学有道”研讨活动暨2025年教师教学创新大赛培训会的通知,2025-10-13,https://jwch.fzu.edu.cn/info/1040/14251.htm,无附件,0,无
【教学运行】,关于组织2025级新生开展学籍信息自查工作的通知,2025-10-11,https://jwch.fzu.edu.cn/info/1036/14245.htm,无附件,0,无
【质量办】,关于举办福州大学第七十三场“教学有道”研讨活动的通知,2025-09-28,https://jwch.fzu.edu.cn/info/1040/14235.htm,无附件,0,无
【教学运行】,关于2025-2026-01学期体育理论教室安排（2025级）的通知,2025-09-26,https://jwch.fzu.edu.cn/info/1036/14232.htm,无附件,0,无
【教学运行】,关于2025年国庆节、中秋节放假课程调整的通知,2025-09-24,https://jwch.fzu.edu.cn/info/1036/14229.htm,无附件,0,无
【综合科】,关于召开2025-2026学年秋季学期期初本科教育教学工作会议的通知,2025-09-23,https://jwch.fzu.edu.cn/info/1035/14228.htm,无附件,0,无
【实践科】,关于举办2025年福州大学大学生工程实践与创新能力大赛的通知,2025-09-23,https://jwch.fzu.edu.cn/content.jsp?urltype=news.NewsContentUrl&wbtreeid=1039&wbnewsid=14227,无附件,0,无
【教学运行】,关于做好2025-2026学年第二学期排课准备工作的通知,2025-09-22,https://jwch.fzu.edu.cn/info/1036/14225.htm,无附件,0,无
【教学运行】,关于2025-2026学年第一学期重新学习选课、缴费的通知,2025-09-22,https://jwch.fzu.edu.cn/info/1036/14224.htm,无附件,0,无
【计划科】,关于2025-2026学年第一学期参加《大学生国家安全教育》课程学习的通知,2025-09-22,https://jwch.fzu.edu.cn/info/1038/14223.htm,超星尔雅使用手册（学生版）.pdf,3632,https://jwch.fzu.edu.cn/system/_content/download.jsp?urltype=news.DownloadAttachUrl&owner=1744984858&wbfileid=16720002
【计划科】,关于通识教育选修课《国际化拔尖创新人才科研训练2025秋》宣讲会及选课的通知,2025-09-19,https://jwch.fzu.edu.cn/info/1038/14220.htm,2025年秋季国际化拔尖创新人才科研训练具体课程清单.xlsx,1886,https://jwch.fzu.edu.cn/system/_content/download.jsp?urltype=news.DownloadAttachUrl&owner=1744984858&wbfileid=16719456
【计划科】,关于2025-2026学年第一学期爱课程平台参加通识教育选修课学习的重要提示,2025-09-18,https://jwch.fzu.edu.cn/info/1038/14219.htm,无附件,0,无
【实践科】,关于开展大学生劳动教育优秀案例征集活动的通知,2025-09-16,https://jwch.fzu.edu.cn/content.jsp?urltype=news.NewsContentUrl&wbtreeid=1039&wbnewsid=14216,无附件,0,无
【计划科】,关于公布2025-2026学年第一学期通选课取消开课名单的通知,2025-09-15,https://jwch.fzu.edu.cn/info/1038/14213.htm,无附件,0,无
【教研教改】,关于2025级“数智实验班”入选学生名单的公示,2025-09-12,https://jwch.fzu.edu.cn/info/1037/14206.htm,无附件,0,无
【教研教改】,关于2025级“数理综合班”入选学生名单的公示,2025-09-12,https://jwch.fzu.edu.cn/info/1037/14205.htm,无附件,0,无
【教研教改】,关于2025级“嘉锡化学拔尖班”入选学生名单的公示,2025-09-12,https://jwch.fzu.edu.cn/info/1037/14204.htm,无附件,0,无
【教研教改】,关于2025级“数理金融实验班”入选学生名单的公示,2025-09-12,https://jwch.fzu.edu.cn/info/1037/14203.htm,无附件,0,无
【质量办】,关于开展福州大学2025年教师教学创新大赛的通知,2025-09-12,https://jwch.fzu.edu.cn/info/1040/14202.htm,附件1-5.zip,470,https://jwch.fzu.edu.cn/system/_content/download.jsp?urltype=news.DownloadAttachUrl&owner=1744984858&wbfileid=16717599
【教研教改】,关于公布参加2025级“数智实验班”选拔面试学生名单的通知,2025-09-10,https://jwch.fzu.edu.cn/info/1037/14201.htm,无附件,0,无
【教研教改】,关于公布参加2025级“数理综合班”选拔面试学生名单的通知,2025-09-10,https://jwch.fzu.edu.cn/info/1037/14198.htm,无附件,0,无
【教研教改】,关于公布参加2025级“数理金融实验班”选拔面试学生名单的通知,2025-09-10,https://jwch.fzu.edu.cn/info/1037/14197.htm,无附件,0,无
【教研教改】,关于公布参加2025级“嘉锡化学拔尖班”选拔面试学生名单的通知,2025-09-10,https://jwch.fzu.edu.cn/info/1037/14196.htm,无附件,0,无
【教学运行】,关于做好2025年9月退役复学学生转专业的通知,2025-09-10,https://jwch.fzu.edu.cn/info/1036/14199.htm,福州大学本科生转专业管理实施办法.docx; 福州大学参军退伍复学后学生转专业审批表.doc,669; 427,https://jwch.fzu.edu.cn/system/_content/download.jsp?urltype=news.DownloadAttachUrl&owner=1744984858&wbfileid=16716630; https://jwch.fzu.edu.cn/system/_content/download.jsp?urltype=news.DownloadAttachUrl&owner=1744984858&wbfileid=16716625
【教学通知】,关于做好2025年9月退役复学学生转专业的通知,2025-09-10,https://jwch.fzu.edu.cn/info/1012/14194.htm,福州大学本科生转专业管理实施办法.docx; 福州大学参军退伍复学后学生转专业审批表.doc,669; 427,https://jwch.fzu.edu.cn/system/_content/download.jsp?urltype=news.DownloadAttachUrl&owner=1744984858&wbfileid=16716630; https://jwch.fzu.edu.cn/system/_content/download.jsp?urltype=news.DownloadAttachUrl&owner=1744984858&wbfileid=16716625
【教学运行】,关于2025-2026第一学期学期选课、辅修选课补退选和缴费的通知,2025-09-07,https://jwch.fzu.edu.cn/info/1036/14191.htm,无附件,0,无
【综合科】,关于2025-2026学年第一学期本科生学生证补办和火车票优惠区间更改的通知,2025-09-07,https://jwch.fzu.edu.cn/info/1035/14190.htm,无附件,0,无
【综合科】,关于2025级本科生（含访学学生）学生证信息采集的通知,2025-09-07,https://jwch.fzu.edu.cn/info/1035/14186.htm,无附件,0,无
【质量办】,关于开展2025年秋季学期申请类督导听课工作的通知,2025-09-06,https://jwch.fzu.edu.cn/info/1040/14187.htm,附件：2025年秋季学期申请类督导听课汇总表.docx,382,https://jwch.fzu.edu.cn/system/_content/download.jsp?urltype=news.DownloadAttachUrl&owner=1744984858&wbfileid=16714968
【质量办】,关于开展2025年工程教育专业认证申请工作的通知,2025-09-06,https://jwch.fzu.edu.cn/info/1040/14188.htm,附件3 工程教育认证申请书（2025版）修订说明.pdf; 附件2 工程教育认证申请书（2025版）.docx; 附件1 2025年接受认证申请的专业领域及专业一览表.pdf,709; 407; 740,https://jwch.fzu.edu.cn/system/_content/download.jsp?urltype=news.DownloadAttachUrl&owner=1744984858&wbfileid=16714969; https://jwch.fzu.edu.cn/system/_content/download.jsp?urltype=news.DownloadAttachUrl&owner=1744984858&wbfileid=16714970; https://jwch.fzu.edu.cn/system/_content/download.jsp?urltype=news.DownloadAttachUrl&owner=1744984858&wbfileid=16714971
【质量办】,关于开学第一周集中听课的通知,2025-09-06,https://jwch.fzu.edu.cn/info/1040/14189.htm,附件1：福州大学课堂教学质量评估表.doc; 附件2：福州大学课堂教学质量评估表（思政课）.docx; 附件3：202501第一周课表.xlsx; 附件4：福州大学党政领导听课管理实施办法（福大教〔2022〕27号）.doc,382; 338; 446; 333,https://jwch.fzu.edu.cn/system/_content/download.jsp?urltype=news.DownloadAttachUrl&owner=1744984858&wbfileid=16714972; https://jwch.fzu.edu.cn/system/_content/download.jsp?urltype=news.DownloadAttachUrl&owner=1744984858&wbfileid=16714973; https://jwch.fzu.edu.cn/system/_content/download.jsp?urltype=news.DownloadAttachUrl&owner=1744984858&wbfileid=16714974; https://jwch.fzu.edu.cn/system/_content/download.jsp?urltype=news.DownloadAttachUrl&owner=1744984858&wbfileid=16714975
【计划科】,关于2025-2026学年第一学期港澳台侨学生思政课和军事课程退选替代的通知,2025-09-06,https://jwch.fzu.edu.cn/info/1038/14185.htm,2025-2026学年第一学期国情课列表.docx; 港澳台侨学生思政课和军事课程退选申请表.docx,937; 930,https://jwch.fzu.edu.cn/system/_content/download.jsp?urltype=news.DownloadAttachUrl&owner=1744984858&wbfileid=16714904; https://jwch.fzu.edu.cn/system/_content/download.jsp?urltype=news.DownloadAttachUrl&owner=1744984858&wbfileid=16714905
【计划科】,关于2025-2026学年第一学期通识教育选修课选课的通知,2025-09-06,https://jwch.fzu.edu.cn/info/1038/14184.htm,超星尔雅使用手册（学生版）.pdf; 慕课堂学生操作手册.pdf; 智慧树学生手册2025.pptx,1710; 1124; 1556,https://jwch.fzu.edu.cn/system/_content/download.jsp?urltype=news.DownloadAttachUrl&owner=1744984858&wbfileid=16714902; https://jwch.fzu.edu.cn/system/_content/download.jsp?urltype=news.DownloadAttachUrl&owner=1744984858&wbfileid=16714903; https://jwch.fzu.edu.cn/system/_content/download.jsp?urltype=news.DownloadAttachUrl&owner=1744984858&wbfileid=16714901
【教材中心】,关于2025-2026学年第一学期教材发放的通知,2025-09-05,https://jwch.fzu.edu.cn/content.jsp?urltype=news.NewsContentUrl&wbtreeid=1042&wbnewsid=14182,无附件,0,无
【教研教改】,福州大学关于开展2025级“数理综合班”招生工作的通知,2025-09-05,https://jwch.fzu.edu.cn/info/1037/14181.htm,附件1：福州大学2025级“数理综合班”招生简章.doc; 附件2：承诺书.doc,2163; 715,https://jwch.fzu.edu.cn/system/_content/download.jsp?urltype=news.DownloadAttachUrl&owner=1744984858&wbfileid=16714578; https://jwch.fzu.edu.cn/system/_content/download.jsp?urltype=news.DownloadAttachUrl&owner=1744984858&wbfileid=16714579
【教研教改】,福州大学关于开展2025级“数智实验班” 招生工作的通知,2025-09-05,https://jwch.fzu.edu.cn/info/1037/14179.htm,附件2：福州大学2025级“数智实验班”选拔方案.docx; 附件1：福州大学2025级“数智实验班”招生简章.docx; 附件3：承诺书.docx,1900; 2098; 597,https://jwch.fzu.edu.cn/system/_content/download.jsp?urltype=news.DownloadAttachUrl&owner=1744984858&wbfileid=16714573; https://jwch.fzu.edu.cn/system/_content/download.jsp?urltype=news.DownloadAttachUrl&owner=1744984858&wbfileid=16714572; https://jwch.fzu.edu.cn/system/_content/download.jsp?urltype=news.DownloadAttachUrl&owner=1744984858&wbfileid=16714574
【教研教改】,福州大学关于开展2025级“嘉锡化学拔尖班”招生工作的通知,2025-09-04,https://jwch.fzu.edu.cn/info/1037/14177.htm,附件1：福州大学2025级“嘉锡化学拔尖班”招生简章.doc; 附件2：福州大学2025级“嘉锡化学拔尖班”选拔方案.doc,1043; 804,https://jwch.fzu.edu.cn/system/_content/download.jsp?urltype=news.DownloadAttachUrl&owner=1744984858&wbfileid=16714466; https://jwch.fzu.edu.cn/system/_content/download.jsp?urltype=news.DownloadAttachUrl&owner=1744984858&wbfileid=16714465
【教研教改】,福州大学关于开展2025级“数理金融实验班”招生工作的通知,2025-09-02,https://jwch.fzu.edu.cn/info/1037/14176.htm,附件2：福州大学2025级“数理金融实验班”选拔方案.doc; 附件1：福州大学2025级“数理金融实验班”招生简章.doc; 附件3：2025级数理金融实验班申请表.doc; 附件4：承诺书.doc,1112; 1326; 602; 475,https://jwch.fzu.edu.cn/system/_content/download.jsp?urltype=news.DownloadAttachUrl&owner=1744984858&wbfileid=16714218; https://jwch.fzu.edu.cn/system/_content/download.jsp?urltype=news.DownloadAttachUrl&owner=1744984858&wbfileid=16714580; https://jwch.fzu.edu.cn/system/_content/download.jsp?urltype=news.DownloadAttachUrl&owner=1744984858&wbfileid=16714220; https://jwch.fzu.edu.cn/system/_content/download.jsp?urltype=news.DownloadAttachUrl&owner=1744984858&wbfileid=16714221
【电教中心】,关于开展二期智慧教室、智慧实验室使用培训工作的通知,2025-08-29,https://jwch.fzu.edu.cn/info/1041/14172.htm,无附件,0,无
【综合科】,关于填报2024年度非学历教育发展数据的通知,2025-08-20,https://jwch.fzu.edu.cn/info/1035/14171.htm,附件：2024年度福州大学非学历教育数据采集表-模板.xlsx,384,https://jwch.fzu.edu.cn/system/_content/download.jsp?urltype=news.DownloadAttachUrl&owner=1744984858&wbfileid=16712478
【实践科】,福州大学关于公布本科生开放探索性实验项目（课程）立项名单的通知,2025-07-08,https://jwch.fzu.edu.cn/content.jsp?urltype=news.NewsContentUrl&wbtreeid=1039&wbnewsid=14152,无附件,0,无
【综合科】,教务处关于2025年暑假工作安排的通知,2025-07-05,https://jwch.fzu.edu.cn/content.jsp?urltype=news.NewsContentUrl&wbtreeid=1035&wbnewsid=14151,无附件,0,无
【实践科】,关于公布2023年、2024年本科生科研训练计划项目结题成绩的通知,2025-07-04,https://jwch.fzu.edu.cn/content.jsp?urltype=news.NewsContentUrl&wbtreeid=1039&wbnewsid=14149,无附件,0,无
【实践科】,关于公布2025年第二十五届数学竞赛获奖名单的通知,2025-07-02,https://jwch.fzu.edu.cn/content.jsp?urltype=news.NewsContentUrl&wbtreeid=1039&wbnewsid=14147,无附件,0,无
【实践科】,关于公布第十六届企业经营模拟沙盘对抗赛获奖名单的通知,2025-06-30,https://jwch.fzu.edu.cn/content.jsp?urltype=news.NewsContentUrl&wbtreeid=1039&wbnewsid=14143,无附件,0,无
【实践科】,关于公布2025年大学生电子设计竞赛暨全国大学生电子设计竞赛选拔赛获奖名单的通知,2025-06-30,https://jwch.fzu.edu.cn/content.jsp?urltype=news.NewsContentUrl&wbtreeid=1039&wbnewsid=14142,无附件,0,无
【教学运行】,关于2025-2026学年第一学期辅修专业选课的通知,2025-06-30,https://jwch.fzu.edu.cn/info/1036/14141.htm,无附件,0,无
【实践科】,关于公布第十四届大学生软件设计与服务外包创新创业竞赛获奖名单的通知,2025-06-27,https://jwch.fzu.edu.cn/content.jsp?urltype=news.NewsContentUrl&wbtreeid=1039&wbnewsid=14139,无附件,0,无
【实践科】,福州大学关于公布2025届本科生优秀毕业设计（论文）名单的通知,2025-06-24,https://jwch.fzu.edu.cn/content.jsp?urltype=news.NewsContentUrl&wbtreeid=1039&wbnewsid=14134,无附件,0,无
【实践科】,福州大学关于公布大学生劳动教育实践基地立项名单的通知,2025-06-24,https://jwch.fzu.edu.cn/content.jsp?urltype=news.NewsContentUrl&wbtreeid=1039&wbnewsid=14135,无附件,0,无
【实践科】,福州大学关于公布示范性校外实践教学基地立项名单的通知,2025-06-24,https://jwch.fzu.edu.cn/content.jsp?urltype=news.NewsContentUrl&wbtreeid=1039&wbnewsid=14133,无附件,0,无
【质量办】,关于举办福州大学第七十二场“教学有道”暨数智课程建设与应用实操工作坊的通知,2025-06-24,https://jwch.fzu.edu.cn/info/1040/14131.htm,无附件,0,无
【实践科】,关于2025高教社杯全国大学生数学建模竞赛报名的通知,2025-06-23,https://jwch.fzu.edu.cn/content.jsp?urltype=news.NewsContentUrl&wbtreeid=1039&wbnewsid=14128,无附件,0,无
【综合科】,关于更改2024-2025学年春季学期期末本科教育教学工作会议地点的通知,2025-06-23,https://jwch.fzu.edu.cn/info/1035/14127.htm,无附件,0,无
【教学运行】,关于做好期末复习考试及下学期开学等工作的通知,2025-06-21,https://jwch.fzu.edu.cn/info/1036/14126.htm,无附件,0,无
【教学运行】,福州大学关于印发2025—2026学年校历的通知,2025-06-20,https://jwch.fzu.edu.cn/info/1036/14125.htm,无附件,0,无
【综合科】,关于转发教育部高等教育司关于开展人工智能综合能力提升培训工作的通知,2025-06-19,https://jwch.fzu.edu.cn/info/1035/14124.htm,教育部高等教育司关于开展人工智能综合能力提升培训工作的通知（6月30日前）.pdf; （学院名称）——参加教育部人工智能综合能力提升培训工作情况 .xls,756; 555,https://jwch.fzu.edu.cn/system/_content/download.jsp?urltype=news.DownloadAttachUrl&owner=1744984858&wbfileid=16486009; https://jwch.fzu.edu.cn/system/_content/download.jsp?urltype=news.DownloadAttachUrl&owner=1744984858&wbfileid=16486008
【计划科】,关于核对2025-2026学年第一学期通识教育选修课开课信息的有关通知,2025-06-19,https://jwch.fzu.edu.cn/info/1038/14123.htm,无附件,0,无
【教学运行】,关于2024-2025学年第二学期《高等数学A（中）》、《高等数学B（下）》和《高等数学C（下）》课程期末考试安排的通知,2025-06-18,https://jwch.fzu.edu.cn/info/1036/14121.htm,2402高数数学A中、B下、C下期末考-7.4上、下午.xlsx,606,https://jwch.fzu.edu.cn/system/_content/download.jsp?urltype=news.DownloadAttachUrl&owner=1744984858&wbfileid=16485393
【综合科】,关于召开2024-2025学年春季学期期末本科教育教学工作会议的通知,2025-06-18,https://jwch.fzu.edu.cn/info/1035/14120.htm,无附件,0,无
【教学运行】,关于2024-2025学年第二学期《大学物理A（上）》、《大学物理B（上）》、《大学物理C》课程期末考试安排的通知,2025-06-17,https://jwch.fzu.edu.cn/info/1036/14117.htm,2402大学物理A（上）、B（上）、C期末考-7.3上、下午.xlsx,413,https://jwch.fzu.edu.cn/system/_content/download.jsp?urltype=news.DownloadAttachUrl&owner=1744984858&wbfileid=16485022
【教学运行】,关于2024-2025学年第二学期《大学英语（三）》课程期末考试安排的通知,2025-06-17,https://jwch.fzu.edu.cn/info/1036/14116.htm,2402大学英语三期末考-6.29上、下午.xlsx,600,https://jwch.fzu.edu.cn/system/_content/download.jsp?urltype=news.DownloadAttachUrl&owner=1744984858&wbfileid=16485009
【教学运行】,关于2024-2025学年第二学期《英语专题》课程期末考试安排的通知,2025-06-17,https://jwch.fzu.edu.cn/info/1036/14115.htm,2402专题英语期末考-6.28上、下午.xlsx,453,https://jwch.fzu.edu.cn/system/_content/download.jsp?urltype=news.DownloadAttachUrl&owner=1744984858&wbfileid=16485008
【教学运行】,关于2025-2026学年第一学期本科生学期选课的通知,2025-06-16,https://jwch.fzu.edu.cn/info/1036/14114.htm,无附件,0,无
【教学运行】,关于2024-2025学年第二学期《大学英语（二）》、《大学英语（四）》课程期末考试安排的通知,2025-06-10,https://jwch.fzu.edu.cn/info/1036/14107.htm,2402大学英语四期末考-6.20上午.xlsx; 2402大学英语二期末考-6.28下午.xlsx,409; 468,https://jwch.fzu.edu.cn/system/_content/download.jsp?urltype=news.DownloadAttachUrl&owner=1744984858&wbfileid=16478613; https://jwch.fzu.edu.cn/system/_content/download.jsp?urltype=news.DownloadAttachUrl&owner=1744984858&wbfileid=16478612
【教材中心】,关于组织申报2025年度教育部大中小课程教材研究项目的通知,2025-06-06,https://jwch.fzu.edu.cn/info/1042/14105.htm,附件1.教育部办公厅关于组织申报2025年度教育部大中小学课程教材研究项目的通知.pdf; 附件2.教育部大中小学课程教材研究项目2025年度重大项目和重点项目选题指南.docx; 附件3.教育部大中小学课程教材研究项目2025年度申报书.docx; 附件4.2025年度教育部大中小学课程教材研究项目推荐汇总表.xlsx,805; 934; 501; 399,https://jwch.fzu.edu.cn/system/_content/download.jsp?urltype=news.DownloadAttachUrl&owner=1744984858&wbfileid=16477964; https://jwch.fzu.edu.cn/system/_content/download.jsp?urltype=news.DownloadAttachUrl&owner=1744984858&wbfileid=16477965; https://jwch.fzu.edu.cn/system/_content/download.jsp?urltype=news.DownloadAttachUrl&owner=1744984858&wbfileid=16477966; https://jwch.fzu.edu.cn/system/_content/download.jsp?urltype=news.DownloadAttachUrl&owner=1744984858&wbfileid=16477967
【质量办】,关于上报学院院级本科教育教学相关规章制度的通知,2025-06-03,https://jwch.fzu.edu.cn/info/1040/14098.htm,无附件,0,无
【教学通知】,关于上报学院院级本科教育教学相关规章制度的通知,2025-06-03,https://jwch.fzu.edu.cn/info/1012/14097.htm,无附件,0,无
【教学运行】,关于2024-2025学年第二学期《马克思主义基本原理》、《毛泽东思想和中国特色社会主义理论体系概论》和《思想道德与法治》课程期末考试安排的通知,2025-06-03,https://jwch.fzu.edu.cn/info/1036/14095.htm,2402德法随堂考.xlsx; 2402马原随堂考.xlsx; 2402毛概随堂考.xlsx,460; 520; 500,https://jwch.fzu.edu.cn/system/_content/download.jsp?urltype=news.DownloadAttachUrl&owner=1744984858&wbfileid=16230472; https://jwch.fzu.edu.cn/system/_content/download.jsp?urltype=news.DownloadAttachUrl&owner=1744984858&wbfileid=16230473; https://jwch.fzu.edu.cn/system/_content/download.jsp?urltype=news.DownloadAttachUrl&owner=1744984858&wbfileid=16230471
【实践科】,关于公布第十一届桥梁设计大赛获奖名单的通知,2025-05-30,https://jwch.fzu.edu.cn/content.jsp?urltype=news.NewsContentUrl&wbtreeid=1039&wbnewsid=14092,无附件,0,无
【实践科】,关于公布第九届网络信息安全竞赛获奖名单的通知,2025-05-30,https://jwch.fzu.edu.cn/content.jsp?urltype=news.NewsContentUrl&wbtreeid=1039&wbnewsid=14091,无附件,0,无
【质量办】,关于举办福州大学第七十一场“教学有道”研讨活动的通知,2025-05-29,https://jwch.fzu.edu.cn/info/1040/14090.htm,无附件,0,无
【教学运行】,福州大学关于印发本科生转专业管理实施办法的通知,2025-05-28,https://jwch.fzu.edu.cn/content.jsp?urltype=news.NewsContentUrl&wbtreeid=1036&wbnewsid=14089,无附件,0,无
【实践科】,关于开展大学生校外实践教学基地抽检工作的通知,2025-05-28,https://jwch.fzu.edu.cn/content.jsp?urltype=news.NewsContentUrl&wbtreeid=1039&wbnewsid=14086,无附件,0,无
【教学运行】,关于2025年端午节放假课程调整的通知,2025-05-27,https://jwch.fzu.edu.cn/info/1036/14084.htm,无附件,0,无
【教学运行】,关于2024-2025学年第二学期《概率论与数理统计》课程期末考试安排的通知,2025-05-27,https://jwch.fzu.edu.cn/info/1036/14081.htm,2402概率-6.8下午.xlsx,453,https://jwch.fzu.edu.cn/system/_content/download.jsp?urltype=news.DownloadAttachUrl&owner=1744984858&wbfileid=16228788
【质量办】,关于举办福州大学第七十场“教学有道”暨第三期智慧教学课程平台与AI智慧教学工具培训的通知,2025-05-26,https://jwch.fzu.edu.cn/info/1040/14076.htm,无附件,0,无
【实践科】,福州大学关于修订印发《本科生毕业设计（论文）规范使用AI工具的规定》的通知,2025-05-22,https://jwch.fzu.edu.cn/content.jsp?urltype=news.NewsContentUrl&wbtreeid=1039&wbnewsid=14075,无附件,0,无
【教学运行】,关于2024-2025学年第二学期《工程制图C（下）》、《工程制图D》、《工程制图F》课程期末考试安排的通知,2025-05-22,https://jwch.fzu.edu.cn/info/1036/14072.htm,2402工程制图C（下）、D、F期末考-6.8上午.xlsx,509,https://jwch.fzu.edu.cn/system/_content/download.jsp?urltype=news.DownloadAttachUrl&owner=1744984858&wbfileid=15786264
【实践科】,关于评选福州大学2025届本科生优秀毕业设计（论文）的通知,2025-05-21,https://jwch.fzu.edu.cn/content.jsp?urltype=news.NewsContentUrl&wbtreeid=1039&wbnewsid=14070,无附件,0,无
【综合科】,关于2024-2025学年第二学期再次开放本科生学生证补办和火车票优惠区间更改的通知,2025-05-20,https://jwch.fzu.edu.cn/info/1035/14068.htm,无附件,0,无
【教材中心】,关于做好2025-2026学年第一学期教材选用与征订工作的通知,2025-05-16,https://jwch.fzu.edu.cn/content.jsp?urltype=news.NewsContentUrl&wbtreeid=1042&wbnewsid=14061,无附件,0,无
【教学运行】,关于2024-2025学年第二学期《中国近现代史纲要》课程期末考试安排的通知,2025-05-15,https://jwch.fzu.edu.cn/info/1036/14060.htm,2402史纲随堂考.xlsx,733,https://jwch.fzu.edu.cn/system/_content/download.jsp?urltype=news.DownloadAttachUrl&owner=1744984858&wbfileid=15785065
【实践科】,关于组织申报2025年本科生开放探索性实验项目（课程）的通知,2025-05-15,https://jwch.fzu.edu.cn/content.jsp?urltype=news.NewsContentUrl&wbtreeid=1039&wbnewsid=14059,无附件,0,无
【实践科】,关于开展2023年本科生开放探索性实验项目（课程）结题验收工作的通知,2025-05-15,https://jwch.fzu.edu.cn/content.jsp?urltype=news.NewsContentUrl&wbtreeid=1039&wbnewsid=14058,无附件,0,无
【教学运行】,关于2024-2025学年第二学期2023级、2024级体育理论教室安排的通知,2025-05-14,https://jwch.fzu.edu.cn/info/1036/14055.htm,无附件,0,无
【质量办】,关于举办福州大学第六十九期“教学有道”研讨活动的通知,2025-05-14,https://jwch.fzu.edu.cn/info/1040/14054.htm,无附件,0,无
【教学运行】,关于2024-2025学年第二学期《习近平新时代中国特色社会主义思想概论》课程期末考试安排的通知,2025-05-12,https://jwch.fzu.edu.cn/info/1036/14053.htm,2402习概随堂考.xlsx,525,https://jwch.fzu.edu.cn/system/_content/download.jsp?urltype=news.DownloadAttachUrl&owner=1744984858&wbfileid=15784368
【教学运行】,关于2024-2025学年第二学期计算机语言类课程期末考试安排的通知,2025-05-12,https://jwch.fzu.edu.cn/info/1036/14052.htm,2402计算机语言类期末考-5.24.xlsx,791,https://jwch.fzu.edu.cn/system/_content/download.jsp?urltype=news.DownloadAttachUrl&owner=1744984858&wbfileid=15784367
【教学运行】,关于2024-2025学年第二学期《线性代数》、《线性代数与解析几何》课程期末考试安排的通知,2025-05-12,https://jwch.fzu.edu.cn/info/1036/14051.htm,2402线性代数、线性代数与解析几何期末考-5.25下午.xlsx,572,https://jwch.fzu.edu.cn/system/_content/download.jsp?urltype=news.DownloadAttachUrl&owner=1744984858&wbfileid=15784365
【实践科】,关于做好2023年、2024年本科生科研训练计划项目结题工作的通知,2025-05-12,https://jwch.fzu.edu.cn/content.jsp?urltype=news.NewsContentUrl&wbtreeid=1039&wbnewsid=14050,无附件,0,无
【计划科】,关于组织申报2025-2026学年第一学期通识教育选修课的通知,2025-05-12,https://jwch.fzu.edu.cn/info/1038/14048.htm,无附件,0,无
【实践科】,关于公布第十五届大学生节能减排社会实践与科技竞赛暨第十一届材料创新、设计及应用竞赛获奖名单的通知,2025-05-09,https://jwch.fzu.edu.cn/content.jsp?urltype=news.NewsContentUrl&wbtreeid=1039&wbnewsid=14045,无附件,0,无
【质量办】,关于开展2025年度教师本科教学综合测评工作的通知,2025-05-09,https://jwch.fzu.edu.cn/info/1040/14044.htm,附件1-7.docx,1290,https://jwch.fzu.edu.cn/system/_content/download.jsp?urltype=news.DownloadAttachUrl&owner=1744984858&wbfileid=15783740
【教学通知】,关于开展2025年度教师本科教学综合测评工作的通知,2025-05-09,https://jwch.fzu.edu.cn/info/1012/14043.htm,关于开展2025年度教师本科教学综合测评工作的通知.doc,772,https://jwch.fzu.edu.cn/system/_content/download.jsp?urltype=news.DownloadAttachUrl&owner=1744984858&wbfileid=15783736
【教研教改】,福州大学关于公布2023级数理综合班 专业分流学生名单及学科导师名单的通知,2025-05-09,https://jwch.fzu.edu.cn/info/1037/14042.htm,无附件,0,无
【计划科】,2024-2025学年第二学期在校学生申请辅修专业的通知,2025-05-06,https://jwch.fzu.edu.cn/info/1038/14038.htm,无附件,0,无
【质量办】,关于举办福州大学第六十八场“教学有道”暨第二期智慧教学课程平台与AI智慧教学工具培训的通知,2025-05-06,https://jwch.fzu.edu.cn/info/1040/14037.htm,无附件,0,无
【实践科】,关于举办2025年福州大学第二十五届数学竞赛暨第十七届全国大学生数学竞赛福建赛区选拔赛的通知,2025-04-30,https://jwch.fzu.edu.cn/content.jsp?urltype=news.NewsContentUrl&wbtreeid=1039&wbnewsid=14034,无附件,0,无
【实践科】,关于公布2025年（总第三十一期）本科生科研训练计划立项项目的通知,2025-04-30,https://jwch.fzu.edu.cn/content.jsp?urltype=news.NewsContentUrl&wbtreeid=1039&wbnewsid=14033,无附件,0,无
【质量办】,关于期中党政领导集中听课的通知,2025-04-27,https://jwch.fzu.edu.cn/info/1040/14032.htm,附件1：福州大学课堂教学质量评估表.doc; 附件2：第10-12周课表.xlsx,399; 691,https://jwch.fzu.edu.cn/system/_content/download.jsp?urltype=news.DownloadAttachUrl&owner=1744984858&wbfileid=15781690; https://jwch.fzu.edu.cn/system/_content/download.jsp?urltype=news.DownloadAttachUrl&owner=1744984858&wbfileid=15781691
【实践科】,福州大学关于公布第二十二届程序设计竞赛获奖名单的通知,2025-04-24,https://jwch.fzu.edu.cn/content.jsp?urltype=news.NewsContentUrl&wbtreeid=1039&wbnewsid=14020,无附件,0,无
【实践科】,关于开展2025届本科毕业设计（论文）抽检送审工作的通知,2025-04-24,https://jwch.fzu.edu.cn/content.jsp?urltype=news.NewsContentUrl&wbtreeid=1039&wbnewsid=14018,无附件,0,无
【质量办】,关于福州大学第六十八场“教学有道”研讨活动延期举行的通知,2025-04-24,https://jwch.fzu.edu.cn/info/1040/14017.htm,无附件,0,无
【教学运行】,关于2025年劳动节放假课程调整的通知,2025-04-24,https://jwch.fzu.edu.cn/info/1036/14016.htm,无附件,0,无
【教学运行】,关于2024-2025学年第二学期《工程制图E》课程期末考试安排的通知,2025-04-23,https://jwch.fzu.edu.cn/info/1036/14012.htm,2402工程制图E期末考-5.18上午.xlsx,511,https://jwch.fzu.edu.cn/system/_content/download.jsp?urltype=news.DownloadAttachUrl&owner=1744984858&wbfileid=15780905
【质量办】,关于举办福州大学第六十八场“教学有道”研讨活动的通知,2025-04-23,https://jwch.fzu.edu.cn/info/1040/14011.htm,无附件,0,无
【实践科】,关于举办福州大学第九届网络信息安全竞赛的通知,2025-04-22,https://jwch.fzu.edu.cn/content.jsp?urltype=news.NewsContentUrl&wbtreeid=1039&wbnewsid=14010,无附件,0,无
【实践科】,关于组织申报2025年大学生劳动教育实践基地的通知,2025-04-22,https://jwch.fzu.edu.cn/content.jsp?urltype=news.NewsContentUrl&wbtreeid=1039&wbnewsid=14008,无附件,0,无
【教学运行】,关于2024-2025学年第二学期《高等数学A（中）》、《高等数学B（下）》、《高等数学C（下）》课程半期考试安排的通知,2025-04-22,https://jwch.fzu.edu.cn/info/1036/14007.htm,2402高数半期考-5.11下午.xlsx,788,https://jwch.fzu.edu.cn/system/_content/download.jsp?urltype=news.DownloadAttachUrl&owner=1744984858&wbfileid=15780740
【质量办】,关于开展2025届本科毕业生在校学习体验调研的通知,2025-04-22,https://jwch.fzu.edu.cn/info/1040/14006.htm,无附件,0,无
【教学通知】,关于开展2025届本科毕业生在校学习体验调研的通知,2025-04-22,https://jwch.fzu.edu.cn/info/1012/14005.htm,无附件,0,无
【教学运行】,关于2026届预计毕业生核对电子注册学历信息的通知,2025-04-17,https://jwch.fzu.edu.cn/info/1036/14002.htm,无附件,0,无
【实践科】,关于举办2025年福州大学大学生电子设计竞赛暨全国大学生电子设计竞赛选拔赛的通知,2025-04-16,https://jwch.fzu.edu.cn/content.jsp?urltype=news.NewsContentUrl&wbtreeid=1039&wbnewsid=13999,无附件,0,无
【质量办】,关于举办福州大学第六十七场“教学有道”研讨活动——暨2025年全国周培源大学生力学竞赛进校园活动的通知,2025-04-16,https://jwch.fzu.edu.cn/info/1040/13997.htm,无附件,0,无
【实践科】,关于举办福州大学第十五届大学生节能减排社会实践与科技竞赛暨第十一届材料创新、设计及应用竞赛的通知,2025-04-15,https://jwch.fzu.edu.cn/content.jsp?urltype=news.NewsContentUrl&wbtreeid=1039&wbnewsid=13995,无附件,0,无
【实践科】,关于举办福州大学第十九届数学建模竞赛暨2025年“高教社杯”全国大学生数学建模竞赛选拔赛的通知,2025-04-14,https://jwch.fzu.edu.cn/info/1039/13993.htm,附件.zip,615,https://jwch.fzu.edu.cn/system/_content/download.jsp?urltype=news.DownloadAttachUrl&owner=1744984858&wbfileid=15775875
【教材中心】,2025年福建省高校教材联合巡展 （福州大学）活动通知,2025-04-11,https://jwch.fzu.edu.cn/content.jsp?urltype=news.NewsContentUrl&wbtreeid=1042&wbnewsid=13991,无附件,0,无
【教学运行】,关于2024-2025学年第二学期《线性代数》课程半期考试安排的通知,2025-04-11,https://jwch.fzu.edu.cn/info/1036/13989.htm,2402线代半期考-4.26晚上.xlsx,583,https://jwch.fzu.edu.cn/system/_content/download.jsp?urltype=news.DownloadAttachUrl&owner=1744984858&wbfileid=15775021
【教学运行】,关于2025届预计毕业生补拍电子注册学历照片的通知,2025-04-10,https://jwch.fzu.edu.cn/info/1036/13988.htm,附件3：获得图像采集码途径.pdf; 附件1：行政北楼平面图.pdf; 附件2：证件照拍摄要求.pdf,841; 747; 3326,https://jwch.fzu.edu.cn/system/_content/download.jsp?urltype=news.DownloadAttachUrl&owner=1744984858&wbfileid=15774886; https://jwch.fzu.edu.cn/system/_content/download.jsp?urltype=news.DownloadAttachUrl&owner=1744984858&wbfileid=15774887; https://jwch.fzu.edu.cn/system/_content/download.jsp?urltype=news.DownloadAttachUrl&owner=1744984858&wbfileid=15774888
【教研教改】,福州大学关于公布2023级数理金融实验班 学生主辅修专业及导师名单的通知,2025-04-09,https://jwch.fzu.edu.cn/info/1037/13986.htm,无附件,0,无
【质量办】,关于开展2025年春季学期本科实验教学专项检查的通知,2025-04-08,https://jwch.fzu.edu.cn/info/1040/13983.htm,附件.rar,602,https://jwch.fzu.edu.cn/system/_content/download.jsp?urltype=news.DownloadAttachUrl&owner=1744984858&wbfileid=15773204
【质量办】,关于开展2024年新上岗教师课堂授课达标考核的通知,2025-04-07,https://jwch.fzu.edu.cn/info/1040/13982.htm,附件2：2024年新上岗教师课堂授课达标考核情况汇总表---需一式三份报教评中心.docx; 附件1：2024年福州大学新上岗教师达标培训班名单.xlsx,531; 928,https://jwch.fzu.edu.cn/system/_content/download.jsp?urltype=news.DownloadAttachUrl&owner=1744984858&wbfileid=15771692; https://jwch.fzu.edu.cn/system/_content/download.jsp?urltype=news.DownloadAttachUrl&owner=1744984858&wbfileid=15771690
【质量办】,关于举办福州大学第六十六场“教学有道”暨第一期智慧教学课程平台与AI智慧教学工具培训的通知,2025-04-07,https://jwch.fzu.edu.cn/info/1040/13981.htm,无附件,0,无
【实践科】,关于开展大学生校外实践教学基地检查评估工作的通知,2025-04-02,https://jwch.fzu.edu.cn/info/1039/13977.htm,附件1：福州大学大学生校外实践教学基地检查评估汇总表.xlsx; 附件2：福州大学大学生校外实践教学基地检查评估表.xlsx,677; 728,https://jwch.fzu.edu.cn/system/_content/download.jsp?urltype=news.DownloadAttachUrl&owner=1744984858&wbfileid=15770743; https://jwch.fzu.edu.cn/system/_content/download.jsp?urltype=news.DownloadAttachUrl&owner=1744984858&wbfileid=15770744
【教学运行】,关于2025年清明节放假课程调整的通知,2025-04-01,https://jwch.fzu.edu.cn/info/1036/13976.htm,无附件,0,无
【教学运行】,关于2024-2025学年第二学期《大学物理A（上）》、《大学物理B（上）》课程半期考试安排的通知,2025-04-01,https://jwch.fzu.edu.cn/info/1036/13974.htm,2402大物A上、B上半期考-4.13下午.xlsx,838,https://jwch.fzu.edu.cn/system/_content/download.jsp?urltype=news.DownloadAttachUrl&owner=1744984858&wbfileid=15770526
【实践科】,关于组织开展第十八届中国大学生计算机设计大赛校内预选赛的通知,2025-03-31,https://jwch.fzu.edu.cn/info/1039/13973.htm,无附件,0,无
【实践科】,关于举办福州大学第二十二届程序设计竞赛暨校ACM/ICPC集训队选拔赛的通知,2025-03-24,https://jwch.fzu.edu.cn/info/1039/13948.htm,无附件,0,无
【教学运行】,关于2024-2025学年第二学期《概率论与数理统计》课程半期考试安排的通知,2025-03-24,https://jwch.fzu.edu.cn/info/1036/13947.htm,2402概率论半期考-4.13下午.xlsx,627,https://jwch.fzu.edu.cn/system/_content/download.jsp?urltype=news.DownloadAttachUrl&owner=1744984858&wbfileid=15767966
【质量办】,关于举办第六十五场“教学有道”研讨活动的通知,2025-03-20,https://jwch.fzu.edu.cn/info/1040/13945.htm,无附件,0,无
【实践科】,关于举办福州大学第十六届企业经营模拟沙盘对抗赛的通知,2025-03-19,https://jwch.fzu.edu.cn/info/1039/13935.htm,附件：福州大学第十六届企业经营模拟沙盘对抗赛报名表.doc,1034,https://jwch.fzu.edu.cn/system/_content/download.jsp?urltype=news.DownloadAttachUrl&owner=1744984858&wbfileid=15766807
【教学运行】,关于做好2025-2026学年第一学期排课准备工作的通知,2025-03-11,https://jwch.fzu.edu.cn/info/1036/13908.htm,无附件,0,无
【计划科】,关于2024-2025学年第二学期爱课程平台参加通识教育选修课学习的重要提示,2025-03-11,https://jwch.fzu.edu.cn/info/1038/13907.htm,无附件,0,无
【质量办】,关于举办福州大学第六十四场“教学有道”研讨活动的通知,2025-03-11,https://jwch.fzu.edu.cn/info/1040/13905.htm,无附件,0,无
【教学运行】,关于做好2025年3月退役复学学生转专业的通知,2025-03-10,https://jwch.fzu.edu.cn/info/1036/13904.htm,福州大学参军退伍复学后学生转专业审批表.doc; 福州大学本科生转专业管理实施办法 .doc,685; 668,https://jwch.fzu.edu.cn/system/_content/download.jsp?urltype=news.DownloadAttachUrl&owner=1744984858&wbfileid=15764381; https://jwch.fzu.edu.cn/system/_content/download.jsp?urltype=news.DownloadAttachUrl&owner=1744984858&wbfileid=15764380
【教学运行】,关于2024-2025学年第二学期重新学习选课、缴费的通知,2025-03-10,https://jwch.fzu.edu.cn/info/1036/13903.htm,无附件,0,无
【质量办】,关于开展2025年春季学期申请类督导听课工作的通知,2025-03-07,https://jwch.fzu.edu.cn/info/1040/13901.htm,附件：2025年春季学期申请类督导听课汇总表.docx,538,https://jwch.fzu.edu.cn/system/_content/download.jsp?urltype=news.DownloadAttachUrl&owner=1744984858&wbfileid=15764095
【实践科】,关于举办福州大学第五届先进成图技术与产品信息建模创新大赛的通知,2025-03-06,https://jwch.fzu.edu.cn/info/1039/13900.htm,附件2：第五届福州大学先进成图技术与产品信息建模创新大赛报名表.xls,790,https://jwch.fzu.edu.cn/system/_content/download.jsp?urltype=news.DownloadAttachUrl&owner=1744984858&wbfileid=15763874
【实践科】,关于举办福州大学第十四届大学生软件设计与服务外包创新创业竞赛的通知,2025-03-06,https://jwch.fzu.edu.cn/info/1039/13898.htm,无附件,0,无
【实践科】,关于做好创新创业实践与素质拓展学分认定工作的通知,2025-03-04,https://jwch.fzu.edu.cn/info/1039/13893.htm,附件1：本科生创新创业实践与素质拓展学分认定汇总表（2025年版）.docx; 附件2：本科生创新创业实践与素质拓展学分认定申请表（2025年版）.docx,4090; 3363,https://jwch.fzu.edu.cn/system/_content/download.jsp?urltype=news.DownloadAttachUrl&owner=1744984858&wbfileid=15763390; https://jwch.fzu.edu.cn/system/_content/download.jsp?urltype=news.DownloadAttachUrl&owner=1744984858&wbfileid=15763405
【计划科】,关于公布2024-2025学年第二学期通选课取消开课名单的通知,2025-03-03,https://jwch.fzu.edu.cn/info/1038/13890.htm,无附件,0,无
【综合科】,关于2024-2025学年第二学期本科生学生证补办和火车票优惠区间更改的通知,2025-02-24,https://jwch.fzu.edu.cn/info/1035/13884.htm,无附件,0,无
【质量办】,关于推荐遴选校级本科教学督导员的通知,2025-02-24,https://jwch.fzu.edu.cn/info/1040/13883.htm,附件：福州大学本科教学督导员推荐表.docx,578,https://jwch.fzu.edu.cn/system/_content/download.jsp?urltype=news.DownloadAttachUrl&owner=1744984858&wbfileid=15761796
【质量办】,关于开学第一周集中听课的通知,2025-02-23,https://jwch.fzu.edu.cn/info/1040/13882.htm,附件1：福州大学课堂教学质量评估表.doc; 附件2：福州大学课堂教学质量评估表（思政课）.docx; 附件3：2024-2025学年第二学期第一周课表.xlsx; 附件4：福州大学党政领导听课管理实施办法（福大教〔2022〕27号）.doc,574; 505; 746; 560,https://jwch.fzu.edu.cn/system/_content/download.jsp?urltype=news.DownloadAttachUrl&owner=1744984858&wbfileid=15761249; https://jwch.fzu.edu.cn/system/_content/download.jsp?urltype=news.DownloadAttachUrl&owner=1744984858&wbfileid=15761250; https://jwch.fzu.edu.cn/system/_content/download.jsp?urltype=news.DownloadAttachUrl&owner=1744984858&wbfileid=15761251; https://jwch.fzu.edu.cn/system/_content/download.jsp?urltype=news.DownloadAttachUrl&owner=1744984858&wbfileid=15761252
【教学运行】,关于2024-2025第二学期学期选课、辅修选课补退选和缴费的通知,2025-02-23,https://jwch.fzu.edu.cn/info/1036/13881.htm,无附件,0,无
【计划科】,关于2024-2025学年第二学期港澳台侨学生思政课和军事课程退选替代的通知,2025-02-22,https://jwch.fzu.edu.cn/info/1038/13880.htm,2024-2025学年第二学期国情课列表.docx,1211,https://jwch.fzu.edu.cn/system/_content/download.jsp?urltype=news.DownloadAttachUrl&owner=1744984858&wbfileid=15761212
【计划科】,关于通识教育选修课《国际化拔尖创新人才科研训练2025春》宣讲会及选课的通知,2025-02-22,https://jwch.fzu.edu.cn/info/1038/13879.htm,2025年春季国际化拔尖创新人才科研训练具体课程清单.xlsx,2042,https://jwch.fzu.edu.cn/system/_content/download.jsp?urltype=news.DownloadAttachUrl&owner=1744984858&wbfileid=15761347
【计划科】,关于2024级学生参加2024-2025学年第二学期《大学生国家安全教育》课程学习的通知,2025-02-22,https://jwch.fzu.edu.cn/info/1038/13878.htm,超星尔雅使用手册（学生版）.pdf,1206,https://jwch.fzu.edu.cn/system/_content/download.jsp?urltype=news.DownloadAttachUrl&owner=1744984858&wbfileid=15761200
【计划科】,关于2024-2025学年第二学期通识教育选修课选课的通知,2025-02-22,https://jwch.fzu.edu.cn/info/1038/13877.htm,超星尔雅使用手册（学生版）.pdf; 慕课堂学生操作手册.pdf; 智慧树学生手册2025春夏.pptx,2246; 2950; 2098,https://jwch.fzu.edu.cn/system/_content/download.jsp?urltype=news.DownloadAttachUrl&owner=1744984858&wbfileid=15761197; https://jwch.fzu.edu.cn/system/_content/download.jsp?urltype=news.DownloadAttachUrl&owner=1744984858&wbfileid=15761198; https://jwch.fzu.edu.cn/system/_content/download.jsp?urltype=news.DownloadAttachUrl&owner=1744984858&wbfileid=15761199
【教材中心】,关于2024-2025学年第二学期教材发放的通知,2025-02-22,https://jwch.fzu.edu.cn/info/1042/13876.htm,无附件,0,无
【综合科】,关于召开2024-2025学年春季学期期初本科教育教学工作会议的通知,2025-02-22,https://jwch.fzu.edu.cn/content.jsp?urltype=news.NewsContentUrl&wbtreeid=1035&wbnewsid=13875,无附件,0,无
【综合科】,教务处关于2025年寒假用印安排的通知,2025-01-18,https://jwch.fzu.edu.cn/content.jsp?urltype=news.NewsContentUrl&wbtreeid=1035&wbnewsid=13871,无附件,0,无
【教研教改】,福州大学关于收集线上课程资源需求的通知（2025年）,2025-01-15,https://jwch.fzu.edu.cn/info/1037/13861.htm,无附件,0,无
【实践科】,关于做好第三十一期本科生科研训练计划项目立项申报工作的通知,2025-01-13,https://jwch.fzu.edu.cn/info/1039/13858.htm,第31期SRTP附件.zip,4326,https://jwch.fzu.edu.cn/system/_content/download.jsp?urltype=news.DownloadAttachUrl&owner=1744984858&wbfileid=15756794
【计划科】,关于印发《福州大学本科生课程替代与学分认定管理实施办法》的通知,2025-01-10,https://jwch.fzu.edu.cn/info/1038/13857.htm,无附件,0,无
【教学运行】,关于2025年春季学期《大学物理实验A（上）》、《大学物理实验C》绪论课程教室安排的通知,2025-01-08,https://jwch.fzu.edu.cn/info/1036/13853.htm,2025年春季学期《大学物理实验A（上）》、《大学物理实验C》绪论课安排.xlsx,1403,https://jwch.fzu.edu.cn/system/_content/download.jsp?urltype=news.DownloadAttachUrl&owner=1744984858&wbfileid=15756207
【教学运行】,关于2024-2025学年第二学期辅修专业选课的通知,2025-01-07,https://jwch.fzu.edu.cn/info/1036/13852.htm,无附件,0,无
【教学运行】,关于2025届预计毕业生校对电子注册学历照片的通知,2025-01-07,https://jwch.fzu.edu.cn/info/1036/13851.htm,无附件,0,无
【教学通知】,关于召开2024-2025学年秋季学期期末本科教育教学工作会议的通知,2025-01-04,https://jwch.fzu.edu.cn/info/1012/13848.htm,无附件,0,无
【综合科】,关于召开2024-2025学年秋季学期期末本科教育教学工作会议的通知,2025-01-04,https://jwch.fzu.edu.cn/content.jsp?urltype=news.NewsContentUrl&wbtreeid=1035&wbnewsid=13847,无附件,0,无
【计划科】,关于核对2024-2025学年第二学期通识教育选修课开课信息的有关通知,2025-01-02,https://jwch.fzu.edu.cn/info/1038/13841.htm,无附件,0,无
【教学运行】,福州大学关于印发授予普通全日制学生学士学位工作细则的通知,2024-12-31,https://jwch.fzu.edu.cn/content.jsp?urltype=news.NewsContentUrl&wbtreeid=1036&wbnewsid=13842,无附件,0,无
【教材中心】,关于开展2025年拟出版本科教材审核工作的通知,2024-12-31,https://jwch.fzu.edu.cn/content.jsp?urltype=news.NewsContentUrl&wbtreeid=1042&wbnewsid=13840,无附件,0,无
【实践科】,关于对2024年学院教学有关数据进行统计的通知,2024-12-30,https://jwch.fzu.edu.cn/info/1039/13836.htm,2024年学院教学有关数据统计表格.zip,973,https://jwch.fzu.edu.cn/system/_content/download.jsp?urltype=news.DownloadAttachUrl&owner=1744984858&wbfileid=15742546
【实践科】,关于举办福州大学第十一届桥梁设计大赛的通知,2024-12-30,https://jwch.fzu.edu.cn/info/1039/13834.htm,附件2：福州大学第十一届桥梁设计大赛报名表.doc; 附件3：福州大学第十一届桥梁设计大赛-竞赛细则.doc,819; 1284,https://jwch.fzu.edu.cn/system/_content/download.jsp?urltype=news.DownloadAttachUrl&owner=1744984858&wbfileid=15742381; https://jwch.fzu.edu.cn/system/_content/download.jsp?urltype=news.DownloadAttachUrl&owner=1744984858&wbfileid=15742380
【教学运行】,关于2024-2025学年第一学期《大学物理A（下）》和《大学物理B（下）》课程期末考试安排的通知,2024-12-29,https://jwch.fzu.edu.cn/info/1036/13833.htm,2401大学物理A下、B下期末考-1.17上午.xlsx,807,https://jwch.fzu.edu.cn/system/_content/download.jsp?urltype=news.DownloadAttachUrl&owner=1744984858&wbfileid=15742324
【教学运行】,关于2024-2025学年第一学期《高等数学A（上）》、《高等数学B（上）》、《高等数学C（上）》和《高等数学D》课程期末考试安排的通知,2024-12-29,https://jwch.fzu.edu.cn/info/1036/13831.htm,2401高等数学C上、D期末考-1.16下午.xlsx; 2401高等数学A上、B上期末考-1.16上午.xlsx,802; 1038,https://jwch.fzu.edu.cn/system/_content/download.jsp?urltype=news.DownloadAttachUrl&owner=1744984858&wbfileid=15742323; https://jwch.fzu.edu.cn/system/_content/download.jsp?urltype=news.DownloadAttachUrl&owner=1744984858&wbfileid=15742322
【教学运行】,关于做好期末复习考试及下学期开学等工作的通知,2024-12-27,https://jwch.fzu.edu.cn/info/1036/13820.htm,无附件,0,无
【教材中心】,关于开展本科教材工作自查的通知,2024-12-25,https://jwch.fzu.edu.cn/content.jsp?urltype=news.NewsContentUrl&wbtreeid=1042&wbnewsid=13819,无附件,0,无
【教学运行】,关于2024-2025学年第一学期《工程制图C（上）》、《工程制图D》和《工程制图F》课程期末考试安排的通知,2024-12-25,https://jwch.fzu.edu.cn/info/1036/13815.htm,2401制图C（上）、D、F期末考-1.13下午.xlsx,875,https://jwch.fzu.edu.cn/system/_content/download.jsp?urltype=news.DownloadAttachUrl&owner=1744984858&wbfileid=15647296
【教学运行】,关于2024-2025学年第一学期《大学英语（二）》课程期末考试安排的通知,2024-12-25,https://jwch.fzu.edu.cn/info/1036/13814.htm,2401英语二期末考-1.11上、下午.xlsx,785,https://jwch.fzu.edu.cn/system/_content/download.jsp?urltype=news.DownloadAttachUrl&owner=1744984858&wbfileid=15647283
【教学运行】,关于2024-2025学年第一学期《大学英语（一）》和《大学英语（三）》课程期末考试安排的通知,2024-12-25,https://jwch.fzu.edu.cn/info/1036/13813.htm,2401英语一、三期末考-1.10.xlsx,732,https://jwch.fzu.edu.cn/system/_content/download.jsp?urltype=news.DownloadAttachUrl&owner=1744984858&wbfileid=15647279
【教学运行】,关于2025年元旦放假课程调整的通知,2024-12-25,https://jwch.fzu.edu.cn/info/1036/13812.htm,无附件,0,无
【质量办】,关于举办福州大学第六十三场“教学有道”研讨活动的通知,2024-12-24,https://jwch.fzu.edu.cn/info/1040/13810.htm,无附件,0,无
【实践科】,关于公布2024年福州大学大学生工程实践与创新能力大赛获奖名单的通知,2024-12-24,https://jwch.fzu.edu.cn/info/1039/13808.htm,无附件,0,无
【教学运行】,关于2024-2025学年第一学期《思想道德与法治》课程期末考试安排的通知,2024-12-24,https://jwch.fzu.edu.cn/info/1036/13806.htm,2401思法随堂考.xlsx,1491,https://jwch.fzu.edu.cn/system/_content/download.jsp?urltype=news.DownloadAttachUrl&owner=1744984858&wbfileid=15646936
【教学运行】,关于2024-2025学年第一学期《线性代数》和《线性代数与解析几何》课程期末考试安排的通知,2024-12-24,https://jwch.fzu.edu.cn/info/1036/13805.htm,2401线性代数、线性代数与解析几何期末考-1.5上午.xlsx,764,https://jwch.fzu.edu.cn/system/_content/download.jsp?urltype=news.DownloadAttachUrl&owner=1744984858&wbfileid=15646935
【教学运行】,关于2024-2025学年第二学期本科生学期选课的通知,2024-12-23,https://jwch.fzu.edu.cn/info/1036/13804.htm,无附件,0,无
【质量办】,关于制定学院本科教学督导工作管理实施办法的通知,2024-12-18,https://jwch.fzu.edu.cn/info/1040/13801.htm,附件1：福大教评24-3-福州大学关于印发本科教学督导工作管理实施办法的通知.pdf; 附件2：学院本科教学督导组名单.docx,1194; 826,https://jwch.fzu.edu.cn/system/_content/download.jsp?urltype=news.DownloadAttachUrl&owner=1744984858&wbfileid=15646301; https://jwch.fzu.edu.cn/system/_content/download.jsp?urltype=news.DownloadAttachUrl&owner=1744984858&wbfileid=15646302
【质量办】,关于上报学院本科教育教学质量保障2024年工作总结和2025年工作计划的通知,2024-12-18,https://jwch.fzu.edu.cn/info/1040/13797.htm,无附件,0,无
【教学运行】,关于2024-2025学年第一学期《中国近现代史纲要》课程期末考试安排的通知,2024-12-17,https://jwch.fzu.edu.cn/info/1036/13796.htm,2401史纲随堂考.xlsx,1052,https://jwch.fzu.edu.cn/system/_content/download.jsp?urltype=news.DownloadAttachUrl&owner=1744984858&wbfileid=15645108
【教学运行】,关于2024-2025学年第一学期《大学英语（四）》课程期末考试安排的通知,2024-12-17,https://jwch.fzu.edu.cn/info/1036/13795.htm,2401英语四期末考-12.29上午.xlsx,1201,https://jwch.fzu.edu.cn/system/_content/download.jsp?urltype=news.DownloadAttachUrl&owner=1744984858&wbfileid=15645107
【教学运行】,关于2024-2025学年第一学期计算机语言类课程期末考试安排的通知,2024-12-13,https://jwch.fzu.edu.cn/info/1036/13792.htm,2401计算机语言课程期末考-12.28上午.xlsx,836,https://jwch.fzu.edu.cn/system/_content/download.jsp?urltype=news.DownloadAttachUrl&owner=1744984858&wbfileid=15643339
【教材中心】,关于公布福州大学2024年本科数字教材建设立项项目的通知,2024-12-12,https://jwch.fzu.edu.cn/info/1042/13837.htm,福州大学2024年本科数字教材建设立项项目名单.xls,890,https://jwch.fzu.edu.cn/system/_content/download.jsp?urltype=news.DownloadAttachUrl&owner=1744984858&wbfileid=15742619
【实践科】,关于做好2025届本科生毕业设计（论文）工作的通知,2024-12-12,https://jwch.fzu.edu.cn/content.jsp?urltype=news.NewsContentUrl&wbtreeid=1039&wbnewsid=13791,无附件,0,无
【综合科】,关于评选2024年优秀教学管理人员的通知,2024-12-12,https://jwch.fzu.edu.cn/content.jsp?urltype=news.NewsContentUrl&wbtreeid=1035&wbnewsid=13790,无附件,0,无
【实践科】,关于做好2024年省级以上大学生创新训练计划项目和第三十期本科生科研训练计划项目中期检查工作的通知,2024-12-09,https://jwch.fzu.edu.cn/info/1039/13784.htm,附件.zip,2181,https://jwch.fzu.edu.cn/system/_content/download.jsp?urltype=news.DownloadAttachUrl&owner=1744984858&wbfileid=15642560
【质量办】,关于举办福州大学第六十二场“教学有道” 研讨活动的通知,2024-12-05,https://jwch.fzu.edu.cn/info/1040/13783.htm,无附件,0,无
【教学运行】,关于2024-2025学年第一学期《概率论与数理统计》课程期末考试安排的通知,2024-12-04,https://jwch.fzu.edu.cn/info/1036/13780.htm,2401概率期末考-12.15下午.xlsx,766,https://jwch.fzu.edu.cn/system/_content/download.jsp?urltype=news.DownloadAttachUrl&owner=1744984858&wbfileid=15640022
【教学运行】,关于2024-2025学年第一学期《马克思主义基本原理》和《毛泽东思想和中国特色社会主义理论体系概论》课程期末考试安排的通知,2024-12-03,https://jwch.fzu.edu.cn/info/1036/13779.htm,2401马原随堂考.xlsx; 2401毛概随堂考.xlsx,776; 727,https://jwch.fzu.edu.cn/system/_content/download.jsp?urltype=news.DownloadAttachUrl&owner=1744984858&wbfileid=15639802; https://jwch.fzu.edu.cn/system/_content/download.jsp?urltype=news.DownloadAttachUrl&owner=1744984858&wbfileid=15639803
【实践科】,关于举办第十五届全国大学生电子商务“三创赛”福州大学校赛的通知,2024-12-02,https://jwch.fzu.edu.cn/info/1039/13778.htm,附件：“三创赛”福州大学校赛附件.zip,993,https://jwch.fzu.edu.cn/system/_content/download.jsp?urltype=news.DownloadAttachUrl&owner=1744984858&wbfileid=15639505
【计划科】,关于2024-2025学年第二学期修读辅修专业学生名单的公示,2024-12-02,https://jwch.fzu.edu.cn/info/1038/13777.htm,无附件,0,无
【实践科】,关于组织参加2025年美国大学生数学建模竞赛（MCM/ICM）通知,2024-11-29,https://jwch.fzu.edu.cn/info/1039/13773.htm,无附件,0,无
【实践科】,关于组织申报2024年高校双碳实践育人案例的通知,2024-11-28,https://jwch.fzu.edu.cn/info/1039/13772.htm,附件：中国高等教育学会碳中和与清洁能源教育专业委员会关于开展 2024 年高校双碳实践育人案例征集的通知.pdf,1056,https://jwch.fzu.edu.cn/system/_content/download.jsp?urltype=news.DownloadAttachUrl&owner=1744984858&wbfileid=15637409
【质量办】,关于举办福州大学第六十一场“教学有道” 研讨活动的通知,2024-11-26,https://jwch.fzu.edu.cn/info/1040/13769.htm,无附件,0,无
【质量办】,关于举办福州大学第六十场“教学有道”研讨活动的通知,2024-11-25,https://jwch.fzu.edu.cn/info/1040/13768.htm,无附件,0,无
【教学运行】,关于2024-2025学年第一学期《工程制图E》课程期末考试安排的通知,2024-11-22,https://jwch.fzu.edu.cn/info/1036/13766.htm,2401制图E期末考-12.8上午.xlsx,724,https://jwch.fzu.edu.cn/system/_content/download.jsp?urltype=news.DownloadAttachUrl&owner=1744984858&wbfileid=15635768
【教学运行】,关于2024-2025学年第一学期《高等数学A（下）》课程期末考试安排的通知,2024-11-22,https://jwch.fzu.edu.cn/info/1036/13765.htm,2401高等数学A下期末考-12.1上午.xlsx,930,https://jwch.fzu.edu.cn/system/_content/download.jsp?urltype=news.DownloadAttachUrl&owner=1744984858&wbfileid=15635767
【教材中心】,关于开展2024年本科数字教材建设立项工作的通知,2024-11-21,https://jwch.fzu.edu.cn/info/1042/13763.htm,附件1.福州大学本科数字教材建设立项申报表.docx; 附件2.福州大学本科数字教材建设立项申报汇总表.xls; 附件3.福州大学本科教材编写人员政治审查表.docx,1243; 751; 885,https://jwch.fzu.edu.cn/system/_content/download.jsp?urltype=news.DownloadAttachUrl&owner=1744984858&wbfileid=15573426; https://jwch.fzu.edu.cn/system/_content/download.jsp?urltype=news.DownloadAttachUrl&owner=1744984858&wbfileid=15573427; https://jwch.fzu.edu.cn/system/_content/download.jsp?urltype=news.DownloadAttachUrl&owner=1744984858&wbfileid=15573428
【实践科】,关于公布第十六届蓝桥杯全国软件和信息技术专业人才大赛福州大学选拔赛获省赛参赛资格名单的通知,2024-11-19,https://jwch.fzu.edu.cn/info/1039/13761.htm,附件1：获省赛参赛资格名单.docx,2873,https://jwch.fzu.edu.cn/system/_content/download.jsp?urltype=news.DownloadAttachUrl&owner=1744984858&wbfileid=15572980
【教材中心】,关于做好2024-2025学年第二学期教材选用与征订工作的通知,2024-11-15,https://jwch.fzu.edu.cn/content.jsp?urltype=news.NewsContentUrl&wbtreeid=1042&wbnewsid=13760,无附件,0,无
【综合科】,关于2024-2025学年第一学期再次开放本科生学生证补办及火车票优惠区间更改的通知,2024-11-15,https://jwch.fzu.edu.cn/info/1035/13759.htm,无附件,0,无
【质量办】,关于举办福州大学第五十九场“教学有道” 研讨活动的通知,2024-11-14,https://jwch.fzu.edu.cn/info/1040/13758.htm,无附件,0,无
【实践科】,关于公布2024年福州大学第十八届本科生数学建模竞赛获奖名单的通知,2024-11-13,https://jwch.fzu.edu.cn/info/1039/13754.htm,附件1：2024年福州大学第十八届本科生数学建模竞赛获奖名单.xlsx,3773,https://jwch.fzu.edu.cn/system/_content/download.jsp?urltype=news.DownloadAttachUrl&owner=1744984858&wbfileid=15571132
【教学运行】,关于2024-2025学年第一学期《习近平新时代中国特色社会主义思想概论》课程期末考试安排的通知,2024-11-12,https://jwch.fzu.edu.cn/info/1036/13752.htm,2401习概随堂考.xlsx,859,https://jwch.fzu.edu.cn/system/_content/download.jsp?urltype=news.DownloadAttachUrl&owner=1744984858&wbfileid=15565434
【计划科】,关于组织申报2024-2025学年第二学期通识教育选修课的通知,2024-11-11,https://jwch.fzu.edu.cn/info/1038/13750.htm,无附件,0,无
【教材中心】,关于举办福州大学第五十八场“教学有道”研讨活动暨数字教材建设专题研讨会的通知,2024-11-11,https://jwch.fzu.edu.cn/info/1042/13749.htm,无附件,0,无
【教学运行】,关于公布2024学年各学院转专业实施细则的通知,2024-11-08,https://jwch.fzu.edu.cn/info/1036/13748.htm,2024各学院转专业细则.pdf,9573,https://jwch.fzu.edu.cn/system/_content/download.jsp?urltype=news.DownloadAttachUrl&owner=1744984858&wbfileid=14924468
【教学运行】,关于2024-2025学年第一学期《线性代数》和《线性代数与解析几何》课程半期考试安排的通知,2024-11-07,https://jwch.fzu.edu.cn/info/1036/13746.htm,2401线性代数、线性代数与解析几何半期考11.24上午.xlsx,962,https://jwch.fzu.edu.cn/system/_content/download.jsp?urltype=news.DownloadAttachUrl&owner=1744984858&wbfileid=14923476
【教研教改】,关于开展2024年度教育部产学合作协同育人项目结题验收工作的通知,2024-11-05,https://jwch.fzu.edu.cn/info/1037/13743.htm,无附件,0,无
【计划科】,关于2024-2025学年第一学期在校学生申请辅修专业的通知,2024-11-01,https://jwch.fzu.edu.cn/info/1038/13741.htm,无附件,0,无
【教学运行】,关于2024-2025学年第一学期《高等数学A（上）》、《高等数学B（上）》、《高等数学C（上）》、《高等数学D》课程半期考试安排的通知,2024-10-29,https://jwch.fzu.edu.cn/info/1036/13739.htm,2401高等数学A（上）、B（上）、C（上）、D半期考11.17上午.xlsx,2129,https://jwch.fzu.edu.cn/system/_content/download.jsp?urltype=news.DownloadAttachUrl&owner=1744984858&wbfileid=14920804
【质量办】,关于期中党政领导集中听课的通知,2024-10-28,https://jwch.fzu.edu.cn/info/1040/13738.htm,附件1：福州大学课堂教学质量评估表.doc; 附件2：福州大学课堂教学质量评估表（思政课）.docx; 附件3：第10-11周课表.xlsx; 附件4：福州大学党政领导听课管理实施办法（福大教〔2022〕27号）.doc,614; 667; 951; 642,https://jwch.fzu.edu.cn/system/_content/download.jsp?urltype=news.DownloadAttachUrl&owner=1744984858&wbfileid=14920325; https://jwch.fzu.edu.cn/system/_content/download.jsp?urltype=news.DownloadAttachUrl&owner=1744984858&wbfileid=14920326; https://jwch.fzu.edu.cn/system/_content/download.jsp?urltype=news.DownloadAttachUrl&owner=1744984858&wbfileid=14920327; https://jwch.fzu.edu.cn/system/_content/download.jsp?urltype=news.DownloadAttachUrl&owner=1744984858&wbfileid=14920328
【教学运行】,关于做好2024学年本科生转专业工作的通知,2024-10-23,https://jwch.fzu.edu.cn/info/1036/13733.htm,无附件,0,无
【教材中心】,关于进一步加强马克思主义理论研究和建设工程重点教材选用工作的通知,2024-10-21,https://jwch.fzu.edu.cn/content.jsp?urltype=news.NewsContentUrl&wbtreeid=1042&wbnewsid=13729,无附件,0,无
【质量办】,关于举办2024年教师教学创新大赛培训会暨第五十七场“教学有道”研讨活动的通知,2024-10-21,https://jwch.fzu.edu.cn/info/1040/13728.htm,无附件,0,无
【教学运行】,关于做好2025届预计毕业生电子注册图像采集工作的通知,2024-10-21,https://jwch.fzu.edu.cn/info/1036/13727.htm,附件3：获得图像采集码途径.pdf; 附件2：各学院分班拍照顺序.pdf; 附件1：拍照地点示意图.pdf,1376; 1448; 1076,https://jwch.fzu.edu.cn/system/_content/download.jsp?urltype=news.DownloadAttachUrl&owner=1744984858&wbfileid=14918535; https://jwch.fzu.edu.cn/system/_content/download.jsp?urltype=news.DownloadAttachUrl&owner=1744984858&wbfileid=14918534; https://jwch.fzu.edu.cn/system/_content/download.jsp?urltype=news.DownloadAttachUrl&owner=1744984858&wbfileid=14918533
【教学运行】,关于2024-2025学年第一学期《大学物理A（下）》、《大学物理B（下）》课程半期考试安排的通知,2024-10-18,https://jwch.fzu.edu.cn/info/1036/13725.htm,2401大物A（下）、B（下）半期考11.2上午.xlsx,977,https://jwch.fzu.edu.cn/system/_content/download.jsp?urltype=news.DownloadAttachUrl&owner=1744984858&wbfileid=14918114
【质量办】,关于2024年新上岗教师教学达标培训班教师配备导师的通知,2024-10-16,https://jwch.fzu.edu.cn/info/1040/13723.htm,附件：2024年福州大学新上岗教师达标培训班名单（配导师）.xlsx,1858,https://jwch.fzu.edu.cn/system/_content/download.jsp?urltype=news.DownloadAttachUrl&owner=1744984858&wbfileid=14917430
【质量办】,诚邀2019届毕业生参与培养目标达成和职业发展问卷调研,2024-10-15,https://jwch.fzu.edu.cn/info/1040/13721.htm,无附件,0,无
【实践科】,关于举办第十六届蓝桥杯全国软件和信息技术专业人才大赛福州大学选拔赛的通知,2024-10-15,https://jwch.fzu.edu.cn/info/1039/13720.htm,无附件,0,无
【质量办】,关于举办福州大学第五十六场“教学有道”研讨活动的通知,2024-10-15,https://jwch.fzu.edu.cn/info/1040/13719.htm,无附件,0,无
【计划科】,关于全校性通识教育选修课《爱课程：管理沟通》学习的重要提示,2024-10-14,https://jwch.fzu.edu.cn/info/1038/13717.htm,无附件,0,无
【教学运行】,关于2024-2025学年第一学期《概率论与数理统计》课程半期考试安排的通知,2024-10-12,https://jwch.fzu.edu.cn/info/1036/13716.htm,2401概率论半期考10.27下午.xlsx,760,https://jwch.fzu.edu.cn/system/_content/download.jsp?urltype=news.DownloadAttachUrl&owner=1744984858&wbfileid=14914281
【教学运行】,关于填报课程学生出勤率信息的通知,2024-10-11,https://jwch.fzu.edu.cn/info/1036/13715.htm,无附件,0,无
【教学运行】,关于2024-2025学年第一学期《高等数学A（下）》课程半期考试安排的通知,2024-09-30,https://jwch.fzu.edu.cn/info/1036/13705.htm,2401高等数学A（下）半期考10.13上午.xlsx,940,https://jwch.fzu.edu.cn/system/_content/download.jsp?urltype=news.DownloadAttachUrl&owner=1744984858&wbfileid=14911585
【实践科】,关于2024年高校教学基本状态数据库教学相关数据报送的通知,2024-09-29,https://jwch.fzu.edu.cn/info/1039/13704.htm,2024年本科教学相关数据报送表格.zip,996,https://jwch.fzu.edu.cn/system/_content/download.jsp?urltype=news.DownloadAttachUrl&owner=1744984858&wbfileid=14911306
【质量办】,关于开展福州大学2024年教师教学创新大赛的通知,2024-09-29,https://jwch.fzu.edu.cn/info/1040/13703.htm,附件.rar,934,https://jwch.fzu.edu.cn/system/_content/download.jsp?urltype=news.DownloadAttachUrl&owner=1744984858&wbfileid=14911304
【教学运行】,关于组织2024级新生开展学籍信息自查工作的通知,2024-09-27,https://jwch.fzu.edu.cn/info/1036/13701.htm,无附件,0,无
【实践科】,关于举办2024年福州大学大学生工程实践与创新能力大赛暨2024年福建省大学生工程实践与创新能力大赛福州大学分区赛的通知,2024-09-27,https://jwch.fzu.edu.cn/info/1039/13700.htm,附件1：组委会成员名单.docx; 附件2：报名表.docx; 附件3：命题与运行.docx,1160; 1158; 1917,https://jwch.fzu.edu.cn/system/_content/download.jsp?urltype=news.DownloadAttachUrl&owner=1744984858&wbfileid=14910724; https://jwch.fzu.edu.cn/system/_content/download.jsp?urltype=news.DownloadAttachUrl&owner=1744984858&wbfileid=14910719; https://jwch.fzu.edu.cn/system/_content/download.jsp?urltype=news.DownloadAttachUrl&owner=1744984858&wbfileid=14910725
【教材中心】,关于举办福州大学第五十五场“教学有道”研讨活动的通知,2024-09-25,https://jwch.fzu.edu.cn/info/1042/13697.htm,无附件,0,无
【教学运行】,关于2024年国庆节放假课程调整的通知,2024-09-24,https://jwch.fzu.edu.cn/info/1036/13696.htm,无附件,0,无
【计划科】,关于通识教育选修课《国际化拔尖创新人才科研训练》宣讲会及选课的通知,2024-09-23,https://jwch.fzu.edu.cn/info/1038/13695.htm,2024年秋季国际化拔尖创新人才科研训练具体课程清单.xlsx,2618,https://jwch.fzu.edu.cn/system/_content/download.jsp?urltype=news.DownloadAttachUrl&owner=1744984858&wbfileid=14909706
【计划科】,关于组织2024级学生参加《大学生国家安全教育》课程学习的通知,2024-09-23,https://jwch.fzu.edu.cn/info/1038/13693.htm,超星尔雅使用手册（学生版）.pdf,5394,https://jwch.fzu.edu.cn/system/_content/download.jsp?urltype=news.DownloadAttachUrl&owner=1744984858&wbfileid=14909664
【计划科】,关于公布《大学生国家安全教育》课程实施方案的通知,2024-09-23,https://jwch.fzu.edu.cn/info/1038/13692.htm,无附件,0,无
【质量办】,关于开展思政课教学专项检查的通知,2024-09-20,https://jwch.fzu.edu.cn/info/1040/13689.htm,无附件,0,无
【教学运行】,关于2024-2025学年第一学期2024级体育理论教室安排的通知,2024-09-20,https://jwch.fzu.edu.cn/info/1036/13688.htm,无附件,0,无
【质量办】,福州大学关于成立思政课教学指导组的通知,2024-09-20,https://jwch.fzu.edu.cn/info/1040/13687.htm,无附件,0,无
【教学运行】,关于做好2024-2025学年第二学期排课准备工作的通知,2024-09-19,https://jwch.fzu.edu.cn/info/1036/13686.htm,无附件,0,无
【质量办】,关于举办福州大学第五十四场“教学有道”研讨活动的通知,2024-09-14,https://jwch.fzu.edu.cn/info/1040/13683.htm,无附件,0,无
【质量办】,关于每学期开展常态化课程考核教学档案检查的通知,2024-09-14,https://jwch.fzu.edu.cn/info/1040/13682.htm,附件1：福州大学本科课程考核教学档案检查要点.docx; 附件2：福州大学本科课程考核教学档案检查评价与整改情况反馈表.docx,1064; 905,https://jwch.fzu.edu.cn/system/_content/download.jsp?urltype=news.DownloadAttachUrl&owner=1744984858&wbfileid=14908056; https://jwch.fzu.edu.cn/system/_content/download.jsp?urltype=news.DownloadAttachUrl&owner=1744984858&wbfileid=14908057
【计划科】,关于2024-2025学年第一学期爱课程平台参加通识教育选修课学习的重要提示,2024-09-13,https://jwch.fzu.edu.cn/info/1038/13681.htm,无附件,0,无
【教材中心】,关于申请试用高等教育出版社“云创”数字教材创作编写平台的通知,2024-09-13,https://jwch.fzu.edu.cn/content.jsp?urltype=news.NewsContentUrl&wbtreeid=1042&wbnewsid=13680,无附件,0,无
【实践科】,关于公布第二十八、二十九期本科生科研训练计划项目结题成绩的通知,2024-09-11,https://jwch.fzu.edu.cn/info/1039/13677.htm,附件2：福州大学第二十九期本科生科研训练计划项目结题成绩汇总表.doc; 附件1：福州大学第二十八期本科生科研训练计划项目结题成绩汇总表.xls,5428; 2542,https://jwch.fzu.edu.cn/system/_content/download.jsp?urltype=news.DownloadAttachUrl&owner=1744984858&wbfileid=14907355; https://jwch.fzu.edu.cn/system/_content/download.jsp?urltype=news.DownloadAttachUrl&owner=1744984858&wbfileid=14907034
【实践科】,关于公布省级以上大学生创新创业训练计划项目结题成绩的通知,2024-09-11,https://jwch.fzu.edu.cn/info/1039/13676.htm,附件1：福州大学2022年国家、省级大学生创新创业训练计划项目结题成绩汇总表.xls; 附件2：福州大学2023年国家、省级大学生创新创业训练计划项目结题成绩汇总表.doc,1742; 2848,https://jwch.fzu.edu.cn/system/_content/download.jsp?urltype=news.DownloadAttachUrl&owner=1744984858&wbfileid=14907032; https://jwch.fzu.edu.cn/system/_content/download.jsp?urltype=news.DownloadAttachUrl&owner=1744984858&wbfileid=14907033
【教学运行】,关于2024年中秋节放假课程调整的通知,2024-09-11,https://jwch.fzu.edu.cn/info/1036/13675.htm,无附件,0,无
【教学运行】,关于2024-2025学年第一学期重新学习选课、缴费的通知,2024-09-09,https://jwch.fzu.edu.cn/info/1036/13671.htm,无附件,0,无
【综合科】,关于召开2024-2025学年秋季学期期初本科教育教学工作会议的通知,2024-09-06,https://jwch.fzu.edu.cn/content.jsp?urltype=news.NewsContentUrl&wbtreeid=1035&wbnewsid=13666,无附件,0,无
【教学运行】,关于2024-2025-01体育理论教室安排（2023级）的通知,2024-09-06,https://jwch.fzu.edu.cn/info/1036/13665.htm,无附件,0,无
【实践科】,关于做好2023-2024学年度本科毕业论文（设计）抽检工作的通知,2024-09-05,https://jwch.fzu.edu.cn/info/1039/13662.htm,附件1：专家信息汇总表.xlsx,1502,https://jwch.fzu.edu.cn/system/_content/download.jsp?urltype=news.DownloadAttachUrl&owner=1744984858&wbfileid=14904997
【质量办】,关于开展申请类督导听课工作的通知,2024-09-05,https://jwch.fzu.edu.cn/info/1040/13661.htm,附件：2024年秋季学期申请类督导听课汇总表.docx,815,https://jwch.fzu.edu.cn/system/_content/download.jsp?urltype=news.DownloadAttachUrl&owner=1744984858&wbfileid=14904857
【教材中心】,关于2024级新生领取课程教材的通知,2024-09-04,https://jwch.fzu.edu.cn/info/1042/13658.htm,无附件,0,无
【综合科】,关于2024-2025学年第一学期本科生学生证和火车票优惠区间更改的通知,2024-09-04,https://jwch.fzu.edu.cn/info/1035/13654.htm,无附件,0,无
【综合科】,关于召开2024年宁夏大学、银川能源学院本科生赴福州大学访学见面交流会的通知,2024-09-02,https://jwch.fzu.edu.cn/info/1035/13651.htm,无附件,0,无
【计划科】,关于公布2024-2025学年第一学期通选课取消开课名单的通知,2024-09-02,https://jwch.fzu.edu.cn/info/1038/13650.htm,无附件,0,无
【教学运行】,关于做好2024年9月退役复学学生转专业的通知,2024-09-02,https://jwch.fzu.edu.cn/info/1036/13649.htm,福州大学本科生转专业管理实施办法.doc; 福州大学参军退伍复学后学生转专业审批表.doc,1036; 845,https://jwch.fzu.edu.cn/system/_content/download.jsp?urltype=news.DownloadAttachUrl&owner=1744984858&wbfileid=14903737; https://jwch.fzu.edu.cn/system/_content/download.jsp?urltype=news.DownloadAttachUrl&owner=1744984858&wbfileid=14903736
【综合科】,关于2024级本科生（含访学学生）学生证信息采集的通知,2024-09-02,https://jwch.fzu.edu.cn/info/1035/13648.htm,无附件,0,无
【教研教改】,福州大学关于开展2024级“数智实验班” 招生工作的通知,2024-08-30,https://jwch.fzu.edu.cn/info/1037/13647.htm,附件1：福州大学2024级“数智实验班”招生简章.docx; 附件3：承诺书.docx; 附件2：福州大学2024级“数智实验班”选拔方案.docx,4353; 1396; 3580,https://jwch.fzu.edu.cn/system/_content/download.jsp?urltype=news.DownloadAttachUrl&owner=1744984858&wbfileid=14903339; https://jwch.fzu.edu.cn/system/_content/download.jsp?urltype=news.DownloadAttachUrl&owner=1744984858&wbfileid=14903338; https://jwch.fzu.edu.cn/system/_content/download.jsp?urltype=news.DownloadAttachUrl&owner=1744984858&wbfileid=14903337
【综合科】,关于购买优惠火车票相关事宜的通知,2024-08-30,https://jwch.fzu.edu.cn/info/1035/13646.htm,无附件,0,无
【教研教改】,福州大学关于开展2024级“嘉锡化学拔尖班”招生工作的通知,2024-08-30,https://jwch.fzu.edu.cn/info/1037/13643.htm,无附件,0,无
【教研教改】,福州大学关于开展2024级“数理综合班”招生工作的通知,2024-08-30,https://jwch.fzu.edu.cn/info/1037/13642.htm,附件1：福州大学2024级“数理综合班”招生简章.doc; 附件2：承诺书.doc,3293; 1111,https://jwch.fzu.edu.cn/system/_content/download.jsp?urltype=news.DownloadAttachUrl&owner=1744984858&wbfileid=14903271; https://jwch.fzu.edu.cn/system/_content/download.jsp?urltype=news.DownloadAttachUrl&owner=1744984858&wbfileid=14903272
【教研教改】,福州大学关于开展2024级“数理金融实验班”招生工作的通知,2024-08-30,https://jwch.fzu.edu.cn/info/1037/13641.htm,附件2：福州大学2024级“数理金融实验班”选拔方案.doc; 附件1：福州大学2024级“数理金融实验班“招生简章.doc; 附件4：承诺书.doc; 附件3：2024级数理金融实验班申请表.doc,2206; 2325; 857; 992,https://jwch.fzu.edu.cn/system/_content/download.jsp?urltype=news.DownloadAttachUrl&owner=1744984858&wbfileid=14903267; https://jwch.fzu.edu.cn/system/_content/download.jsp?urltype=news.DownloadAttachUrl&owner=1744984858&wbfileid=14903268; https://jwch.fzu.edu.cn/system/_content/download.jsp?urltype=news.DownloadAttachUrl&owner=1744984858&wbfileid=14903270; https://jwch.fzu.edu.cn/system/_content/download.jsp?urltype=news.DownloadAttachUrl&owner=1744984858&wbfileid=14903269
【教学运行】,关于2024-2025学年第一学期辅修专业补退选、缴费的通知,2024-08-26,https://jwch.fzu.edu.cn/info/1036/13639.htm,无附件,0,无
【计划科】,关于2024-2025学年第一学期港澳台侨学生思政课和军事课程退选替代的通知,2024-08-25,https://jwch.fzu.edu.cn/info/1038/13637.htm,2024-2025学年第一学期国情课列表.docx; 港澳台侨学生思政课和军事课程退选申请表.docx,1391; 1080,https://jwch.fzu.edu.cn/system/_content/download.jsp?urltype=news.DownloadAttachUrl&owner=1744984858&wbfileid=14901557; https://jwch.fzu.edu.cn/system/_content/download.jsp?urltype=news.DownloadAttachUrl&owner=1744984858&wbfileid=14901556
【计划科】,关于2024-2025学年第一学期通识教育选修课选课的通知,2024-08-25,https://jwch.fzu.edu.cn/info/1038/13636.htm,超星尔雅使用手册（学生版）.pdf; 智慧树学生手册.pptx; 慕课堂学生操作手册.pdf,3583; 2005; 5128,https://jwch.fzu.edu.cn/system/_content/download.jsp?urltype=news.DownloadAttachUrl&owner=1744984858&wbfileid=14901547; https://jwch.fzu.edu.cn/system/_content/download.jsp?urltype=news.DownloadAttachUrl&owner=1744984858&wbfileid=14901550; https://jwch.fzu.edu.cn/system/_content/download.jsp?urltype=news.DownloadAttachUrl&owner=1744984858&wbfileid=14901548
【质量办】,关于开学第一周集中听课的通知,2024-08-25,https://jwch.fzu.edu.cn/info/1040/13635.htm,附件1：福州大学课堂教学质量评估表.doc; 附件2：高校思政课教学指导组听课评价表.doc; 附件3：2024-2025学年第一学期第一周课表.xlsx; 附件4：福州大学党政领导听课管理实施办法（福大教〔2022〕27号）.doc,815; 824; 1017; 775,https://jwch.fzu.edu.cn/system/_content/download.jsp?urltype=news.DownloadAttachUrl&owner=1744984858&wbfileid=14901500; https://jwch.fzu.edu.cn/system/_content/download.jsp?urltype=news.DownloadAttachUrl&owner=1744984858&wbfileid=14901501; https://jwch.fzu.edu.cn/system/_content/download.jsp?urltype=news.DownloadAttachUrl&owner=1744984858&wbfileid=14901502; https://jwch.fzu.edu.cn/system/_content/download.jsp?urltype=news.DownloadAttachUrl&owner=1744984858&wbfileid=14901506
【教学运行】,关于2024-2025学年第一学期学期选课补退选的通知,2024-08-25,https://jwch.fzu.edu.cn/info/1036/13634.htm,无附件,0,无
【质量办】,关于开展2024年工程教育认证研讨培训的通知,2024-08-02,https://jwch.fzu.edu.cn/info/1040/13630.htm,附件1：关于组织2024年工程教育认证研讨培训的通告.docx; 附件2：2024年工程教育认证研讨培训报名回执.docx,908; 706,https://jwch.fzu.edu.cn/system/_content/download.jsp?urltype=news.DownloadAttachUrl&owner=1744984858&wbfileid=14898472; https://jwch.fzu.edu.cn/system/_content/download.jsp?urltype=news.DownloadAttachUrl&owner=1744984858&wbfileid=14898473
【教学运行】,福州大学关于印发《福州大学本科生转专业管理实施办法》的通知,2024-08-01,https://jwch.fzu.edu.cn/info/1036/13629.htm,无附件,0,无
【实践科】,关于转发《关于举办2024年福建省大学生人工智能创意赛暨昇腾AI创新大赛的通知》的通知,2024-07-10,https://jwch.fzu.edu.cn/info/1039/13628.htm,附件：关于举办2024年福建省大学生人工智能创意赛暨昇腾AI创新大赛的通知.pdf,1656,https://jwch.fzu.edu.cn/system/_content/download.jsp?urltype=news.DownloadAttachUrl&owner=1744984858&wbfileid=14895469
【实践科】,关于公布第十三届大学生软件设计与服务外包创新创业竞赛获奖名单的通知,2024-07-06,https://jwch.fzu.edu.cn/info/1039/13617.htm,无附件,0,无
【综合科】,教务处关于2024年暑假用印安排的通知,2024-07-06,https://jwch.fzu.edu.cn/content.jsp?urltype=news.NewsContentUrl&wbtreeid=1035&wbnewsid=13626,无附件,0,无
【实践科】,关于公布福州大学2024届本科生优秀毕业设计（论文）名单的通知,2024-07-06,https://jwch.fzu.edu.cn/info/1039/13616.htm,附件：福州大学2024届优秀本科生毕业设计（论文）名单.doc,4573,https://jwch.fzu.edu.cn/system/_content/download.jsp?urltype=news.DownloadAttachUrl&owner=1744984858&wbfileid=14638795
【教研教改】,福州大学关于公布第八届 远志创业实验班学生名单的通知,2024-07-01,https://jwch.fzu.edu.cn/info/1037/13602.htm,无附件,0,无
【教学运行】,关于2024-2025学年第一学期辅修专业选课的通知,2024-07-01,https://jwch.fzu.edu.cn/info/1036/13601.htm,无附件,0,无
【综合科】,友情提示,2024-06-29,https://jwch.fzu.edu.cn/info/1035/13592.htm,无附件,0,无
【教学运行】,关于做好期末复习考试及下学期开学等工作的通知,2024-06-26,https://jwch.fzu.edu.cn/info/1036/13585.htm,无附件,0,无
【实践科】,关于公布2024年第二十四届数学竞赛获奖名单的通知,2024-06-26,https://jwch.fzu.edu.cn/info/1039/13584.htm,无附件,0,无
【实践科】,关于公布第十五届企业经营模拟沙盘对抗赛获奖名单的通知,2024-06-26,https://jwch.fzu.edu.cn/info/1039/13583.htm,无附件,0,无
【教材中心】,关于召开数字教材建设研讨会的通知,2024-06-25,https://jwch.fzu.edu.cn/info/1042/13582.htm,无附件,0,无
【计划科】,关于核对2024-2025学年第一学期通识教育选修课开课信息的有关通知,2024-06-25,https://jwch.fzu.edu.cn/info/1038/13581.htm,无附件,0,无
【教研教改】,关于转发福建省教育厅办公室《关于举办2024年本科高校课程思政骨干教师、研究生导师培训班的通知》的通知,2024-06-21,https://jwch.fzu.edu.cn/info/1037/13580.htm,无附件,0,无
【教研教改】,关于组织教师和学生参加人工智能赋能高等教育调查报告全国抽样调查问卷的通知,2024-06-21,https://jwch.fzu.edu.cn/info/1037/13579.htm,无附件,0,无
【教学运行】,关于2023-2024学年第二学期《大学物理A（上）》、《大学物理B（上）》、《大学物理C》课程期末考试安排的通知,2024-06-21,https://jwch.fzu.edu.cn/info/1036/13578.htm,2302 大学物理A（上）、B（上）、C课期末考7.4.xlsx,960,https://jwch.fzu.edu.cn/system/_content/download.jsp?urltype=news.DownloadAttachUrl&owner=1744984858&wbfileid=14625019
【教学运行】,关于2023-2024学年第二学期《大学英语（二）》、《大学英语（四）》课程期末考试安排的通知,2024-06-20,https://jwch.fzu.edu.cn/info/1036/13577.htm,2302 大学英语（二）、大学英语（四）课程期末考6.22上午.xlsx,848,https://jwch.fzu.edu.cn/system/_content/download.jsp?urltype=news.DownloadAttachUrl&owner=1744984858&wbfileid=14624676
【教学运行】,关于2023-2024学年第二学期《英语专题》课程期末考试安排的通知,2024-06-20,https://jwch.fzu.edu.cn/info/1036/13576.htm,2302 英语专题课期末考6.29.xlsx,917,https://jwch.fzu.edu.cn/system/_content/download.jsp?urltype=news.DownloadAttachUrl&owner=1744984858&wbfileid=14624645
【教学运行】,关于2023-2024学年第二学期《工程制图A（下）》、《工程制图D》、《工程制图F》课程期末考试安排的通知,2024-06-19,https://jwch.fzu.edu.cn/info/1036/13574.htm,2302 工程制图A（下）、D、F期末考6.30上午.xlsx,906,https://jwch.fzu.edu.cn/system/_content/download.jsp?urltype=news.DownloadAttachUrl&owner=1744984858&wbfileid=14624501
【教学运行】,关于2024-2025学年第一学期本科生学期选课的通知,2024-06-17,https://jwch.fzu.edu.cn/info/1036/13569.htm,无附件,0,无
【教学运行】,关于2023-2024学年第二学期《大学英语（三）》课程期末考试安排的通知,2024-06-17,https://jwch.fzu.edu.cn/info/1036/13568.htm,2302 大学英语（三）期末考 6.23上午.xlsx,987,https://jwch.fzu.edu.cn/system/_content/download.jsp?urltype=news.DownloadAttachUrl&owner=1744984858&wbfileid=14623875
【实践科】,关于转发组织申报福建省高等教育学会2024年度高等教育科学研究实验室研究专项课题的通知,2024-06-14,https://jwch.fzu.edu.cn/info/1039/13565.htm,附件1：关于组织申报福建高等教育学会2024年度高等教育科学研究实验室研究专项课题的通知（闽高会[2024]1号）.pdf; 附件2：申报材料.zip,934; 758,https://jwch.fzu.edu.cn/system/_content/download.jsp?urltype=news.DownloadAttachUrl&owner=1744984858&wbfileid=14623545; https://jwch.fzu.edu.cn/system/_content/download.jsp?urltype=news.DownloadAttachUrl&owner=1744984858&wbfileid=14623544
【教学运行】,关于2023-2024学年第二学期《高等数学A（中）》、《高等数学B（下）》、《高等数学C（下）》课程期末考试安排的通知,2024-06-12,https://jwch.fzu.edu.cn/info/1036/13563.htm,2302高等数学B（下）期末考 6.23下午.xlsx; 2302 高等数学C（下）期末考 6.23下午.xlsx; 2302 高等数学A（中）期末考 6.23下午.xlsx,1011; 867; 852,https://jwch.fzu.edu.cn/system/_content/download.jsp?urltype=news.DownloadAttachUrl&owner=1744984858&wbfileid=14622718; https://jwch.fzu.edu.cn/system/_content/download.jsp?urltype=news.DownloadAttachUrl&owner=1744984858&wbfileid=14622717; https://jwch.fzu.edu.cn/system/_content/download.jsp?urltype=news.DownloadAttachUrl&owner=1744984858&wbfileid=14622719
【实践科】,关于转发《关于举办第十四届海峡两岸信息服务创新大赛暨福建省第十八届计算机软件设计大赛的通知》的通知,2024-06-11,https://jwch.fzu.edu.cn/info/1039/13560.htm,闽工信联软件〔2024〕41号福建省工业和信息化厅等八部门关于举办第十四届海峡两岸信息服务创新大赛暨福建省第十八届计算机软件设计大赛的通知.pdf,1311,https://jwch.fzu.edu.cn/system/_content/download.jsp?urltype=news.DownloadAttachUrl&owner=1744984858&wbfileid=14622014
【实践科】,关于公布第三十期本科生科研训练计划立项项目的通知,2024-06-07,https://jwch.fzu.edu.cn/info/1039/13559.htm,附件1：福州大学2024年国家级、省级大学生创新创业训练计划推荐立项项目汇总表 .doc; 附件2：福州大学第30期本科生科研训练计划立项项目汇总表.doc,4879; 12346,https://jwch.fzu.edu.cn/system/_content/download.jsp?urltype=news.DownloadAttachUrl&owner=1744984858&wbfileid=14622146; https://jwch.fzu.edu.cn/system/_content/download.jsp?urltype=news.DownloadAttachUrl&owner=1744984858&wbfileid=14621349
【教研教改】,关于组织申报福建省新文科教育研究中心第二批高校新文科建设优秀案例的通知,2024-06-05,https://jwch.fzu.edu.cn/info/1037/13555.htm,无附件,0,无
【教研教改】,福州大学关于公布2022级数理综合班 专业分流学生名单及学科导师名单的通知,2024-06-05,https://jwch.fzu.edu.cn/info/1037/13554.htm,无附件,0,无
【教研教改】,福州大学关于公布2022级数理金融 实验班学生主辅修专业及导师名单的通知,2024-06-05,https://jwch.fzu.edu.cn/info/1037/13553.htm,无附件,0,无
【计划科】,关于2024-2025学年第一学期修读辅修专业学生名单的公示,2024-06-05,https://jwch.fzu.edu.cn/info/1038/13548.htm,无附件,0,无
【质量办】,关于举办福州大学第五十三场“教学有道” 研讨活动的通知,2024-06-05,https://jwch.fzu.edu.cn/info/1040/13547.htm,无附件,0,无
【教材中心】,关于做好2024-2025学年第一学期教材选用及征订工作的通知（更新）,2024-06-04,https://jwch.fzu.edu.cn/info/1042/13546.htm,附件1：已出版马克思主义理论研究和建设工程重点教材目录（截至2024年05月，共计116种）.xlsx; 附件2：全国大中专教学用书目录(2024秋季).xlsx,1136; 1293,https://jwch.fzu.edu.cn/system/_content/download.jsp?urltype=news.DownloadAttachUrl&owner=1744984858&wbfileid=14620416; https://jwch.fzu.edu.cn/system/_content/download.jsp?urltype=news.DownloadAttachUrl&owner=1744984858&wbfileid=14620417
【教学运行】,关于2023-2024学年第二学期《马克思主义基本原理》课程期末考试安排的通知,2024-06-04,https://jwch.fzu.edu.cn/info/1036/13545.htm,2302  马克思主义基本原理 期末考试.xlsx,866,https://jwch.fzu.edu.cn/system/_content/download.jsp?urltype=news.DownloadAttachUrl&owner=1744984858&wbfileid=14620411
【教学运行】,关于2023-2024学年第二学期《毛泽东思想和中国特色社会主义理论体系概论》课程期末考试安排的通知,2024-06-04,https://jwch.fzu.edu.cn/info/1036/13544.htm,2302 毛泽东思想和中国特色社会主义理论体系概论  期末考.xlsx,891,https://jwch.fzu.edu.cn/system/_content/download.jsp?urltype=news.DownloadAttachUrl&owner=1744984858&wbfileid=14620410
【教学通知】,福州大学关于推荐新一届教育部高等学校教学指导委员会专家的通知,2024-05-30,https://jwch.fzu.edu.cn/info/1012/13538.htm,附件4：推荐委员信息一览表.xlsx; 附件2：专家推荐信息表.docx; 附件1：教育部办公厅关于推荐新一届教指委委员的通知.pdf; 附件3：推荐委员汇总表.xlsx,964; 749; 645; 672,https://jwch.fzu.edu.cn/system/_content/download.jsp?urltype=news.DownloadAttachUrl&owner=1744984858&wbfileid=14619035; https://jwch.fzu.edu.cn/system/_content/download.jsp?urltype=news.DownloadAttachUrl&owner=1744984858&wbfileid=14619038; https://jwch.fzu.edu.cn/system/_content/download.jsp?urltype=news.DownloadAttachUrl&owner=1744984858&wbfileid=14619036; https://jwch.fzu.edu.cn/system/_content/download.jsp?urltype=news.DownloadAttachUrl&owner=1744984858&wbfileid=14619037
【教学运行】,关于2024年端午放假课程调整的通知,2024-05-30,https://jwch.fzu.edu.cn/info/1036/13536.htm,无附件,0,无
【教学运行】,关于2023-2024学年第二学期《工程制图（C）》课程期末考试安排的通知,2024-05-29,https://jwch.fzu.edu.cn/info/1036/13533.htm,2302 工程制图C（下）期末考试 6.16下午.xlsx,781,https://jwch.fzu.edu.cn/system/_content/download.jsp?urltype=news.DownloadAttachUrl&owner=1744984858&wbfileid=14618057
【教学运行】,关于2023-2024学年第二学期《思想道德与法治》课程期末考试安排的通知,2024-05-29,https://jwch.fzu.edu.cn/info/1036/13532.htm,2302 德法 期末考.xlsx,812,https://jwch.fzu.edu.cn/system/_content/download.jsp?urltype=news.DownloadAttachUrl&owner=1744984858&wbfileid=14618055
【教学运行】,关于2023-2024学年第二学期《概率论与数理统计》课程期末考试安排的通知,2024-05-27,https://jwch.fzu.edu.cn/info/1036/13531.htm,2302 概率期末考 6.2下午.xlsx,851,https://jwch.fzu.edu.cn/system/_content/download.jsp?urltype=news.DownloadAttachUrl&owner=1744984858&wbfileid=14615348
【教学运行】,关于2023-2024学年第二学期《中国近现代史纲要》课程期末考试安排的通知,2024-05-24,https://jwch.fzu.edu.cn/info/1036/13530.htm,2302 近现代 期末考试.xlsx,1017,https://jwch.fzu.edu.cn/system/_content/download.jsp?urltype=news.DownloadAttachUrl&owner=1744984858&wbfileid=14613665
【教学运行】,关于2023-2024学年第二学期《线性代数》课程期末考试安排的通知,2024-05-24,https://jwch.fzu.edu.cn/info/1036/13529.htm,2302 线性代数期末考 6.2下午.xlsx,884,https://jwch.fzu.edu.cn/system/_content/download.jsp?urltype=news.DownloadAttachUrl&owner=1744984858&wbfileid=14613663
【实践科】,关于公布2024年本科生创新创业实践与素质拓展学分认定结果的通知,2024-05-22,https://jwch.fzu.edu.cn/info/1039/13525.htm,附件：福州大学本科生创新创业实践与素质拓展学分认定汇总表.doc,3139,https://jwch.fzu.edu.cn/system/_content/download.jsp?urltype=news.DownloadAttachUrl&owner=1744984858&wbfileid=14613260
【教研教改】,福州大学关于开展优秀拔尖创新人才培养案例征集的通知,2024-05-22,https://jwch.fzu.edu.cn/info/1037/13524.htm,附件1：福建省教育厅办公室关于开展高校优秀拔尖创新人才培养案例研究工作的通知.pdf; 附件2：案例撰写格式.docx; 附件4：案例汇总表.docx; 附件3：案例申报表.docx,949; 788; 795; 763,https://jwch.fzu.edu.cn/system/_content/download.jsp?urltype=news.DownloadAttachUrl&owner=1744984858&wbfileid=14613252; https://jwch.fzu.edu.cn/system/_content/download.jsp?urltype=news.DownloadAttachUrl&owner=1744984858&wbfileid=14613251; https://jwch.fzu.edu.cn/system/_content/download.jsp?urltype=news.DownloadAttachUrl&owner=1744984858&wbfileid=14613254; https://jwch.fzu.edu.cn/system/_content/download.jsp?urltype=news.DownloadAttachUrl&owner=1744984858&wbfileid=14613253
【教研教改】,福州大学关于开展第八届远志创业实验班招生工作的通知,2024-05-17,https://jwch.fzu.edu.cn/info/1037/13513.htm,附件1：福州大学第八届远志创业实验班招生简章.docx; 附件2：远志创业实验班修读申请表.docx,1781; 1033,https://jwch.fzu.edu.cn/system/_content/download.jsp?urltype=news.DownloadAttachUrl&owner=1744984858&wbfileid=14612014; https://jwch.fzu.edu.cn/system/_content/download.jsp?urltype=news.DownloadAttachUrl&owner=1744984858&wbfileid=14612015
【教学运行】,关于2023-2024学年第二学期《习近平新时代中国特色社会主义思想概论》课程期末考试安排的通知,2024-05-15,https://jwch.fzu.edu.cn/info/1036/13501.htm,2302习概论期末考试.xlsx,997,https://jwch.fzu.edu.cn/system/_content/download.jsp?urltype=news.DownloadAttachUrl&owner=1744984858&wbfileid=14611555
【教学运行】,关于2025届预计毕业生核对电子注册学历信息的通知,2024-05-15,https://jwch.fzu.edu.cn/info/1036/13497.htm,无附件,0,无
【教学运行】,关于2023-2024学年第二学期计算机语言类课程期末考试安排的通知,2024-05-15,https://jwch.fzu.edu.cn/info/1036/13491.htm,2302计算机语言课期末考试6.1.xlsx,985,https://jwch.fzu.edu.cn/system/_content/download.jsp?urltype=news.DownloadAttachUrl&owner=1744984858&wbfileid=14611191
【实践科】,关于公布第十届桥梁设计大赛获奖名单的通知,2024-05-11,https://jwch.fzu.edu.cn/info/1039/13481.htm,无附件,0,无
【实践科】,关于做好国家、省级大学生创新创业训练计划项目结题工作的通知,2024-05-10,https://jwch.fzu.edu.cn/info/1039/13479.htm,国创省创结题附件.zip,1527,https://jwch.fzu.edu.cn/system/_content/download.jsp?urltype=news.DownloadAttachUrl&owner=1744984858&wbfileid=14608195
【实践科】,关于做好第二十八期、二十九期本科生科研训练计划项目结题工作的通知,2024-05-10,https://jwch.fzu.edu.cn/info/1039/13478.htm,无附件,0,无
【教材中心】,关于举办福州大学第五十二场“教学有道” 研讨活动的通知,2024-05-09,https://jwch.fzu.edu.cn/info/1042/13477.htm,无附件,0,无
【综合科】,关于2023-2024学年第二学期再次开放本科生学生证和火车票优惠卡补办及火车票优惠卡更改区间的通知,2024-05-08,https://jwch.fzu.edu.cn/info/1035/13475.htm,无附件,0,无
【计划科】,2023-2024学年第二学期在校学生申请辅修专业的通知,2024-05-07,https://jwch.fzu.edu.cn/info/1038/13473.htm,无附件,0,无
【计划科】,关于组织申报2024-2025学年第一学期通识教育选修课的通知,2024-05-06,https://jwch.fzu.edu.cn/info/1038/13472.htm,无附件,0,无
【实践科】,关于公布第四届福州大学大学生先进成图技术与产品信息建模创新大赛获奖名单的通知,2024-04-30,https://jwch.fzu.edu.cn/info/1039/13470.htm,无附件,0,无
【实践科】,福州大学关于公布第二十一届程序设计竞赛获奖名单的通知,2024-04-30,https://jwch.fzu.edu.cn/info/1039/13469.htm,无附件,0,无
【教材中心】,关于开展2024年拟出版本科教材审核工作的通知,2024-04-29,https://jwch.fzu.edu.cn/info/1042/13417.htm,附件1：福州大学教材管理实施细则（试行）.pdf; 附件2：福州大学本科教材编写人员汇总表.docx; 附件3：福州大学本科教材编写人员审核表.docx; 附件4：福州大学本科教材校外编写人员审核表.docx; 附件5：福州大学本科教材编写审核表.docx; 附件6：2024年福州大学拟出版教材汇总表.xlsx,1141; 869; 752; 844; 934; 882,https://jwch.fzu.edu.cn/system/_content/download.jsp?urltype=news.DownloadAttachUrl&owner=1744984858&wbfileid=14620223; https://jwch.fzu.edu.cn/system/_content/download.jsp?urltype=news.DownloadAttachUrl&owner=1744984858&wbfileid=14620221; https://jwch.fzu.edu.cn/system/_content/download.jsp?urltype=news.DownloadAttachUrl&owner=1744984858&wbfileid=14918142; https://jwch.fzu.edu.cn/system/_content/download.jsp?urltype=news.DownloadAttachUrl&owner=1744984858&wbfileid=14620634; https://jwch.fzu.edu.cn/system/_content/download.jsp?urltype=news.DownloadAttachUrl&owner=1744984858&wbfileid=14620225; https://jwch.fzu.edu.cn/system/_content/download.jsp?urltype=news.DownloadAttachUrl&owner=1744984858&wbfileid=14620226
【实践科】,关于对2024届本科毕业设计（论文）试行AIGC检测的通知,2024-04-28,https://jwch.fzu.edu.cn/content.jsp?urltype=news.NewsContentUrl&wbtreeid=1039&wbnewsid=13415,无附件,0,无
【教学运行】,关于2023-2024学年第二学期《工程制图E》课程期末考试安排的通知,2024-04-28,https://jwch.fzu.edu.cn/info/1036/13414.htm,2302 工程制图E期末考试 5.12上午.xlsx,894,https://jwch.fzu.edu.cn/system/_content/download.jsp?urltype=news.DownloadAttachUrl&owner=1744984858&wbfileid=14604454
【实践科】,关于公布福州大学第十四届大学生节能减排社会实践与科技竞赛暨第十届材料创新、设计及应用竞赛获奖名单的通知,2024-04-26,https://jwch.fzu.edu.cn/info/1039/13413.htm,无附件,0,无
【实践科】,关于开展2024届本科毕业设计（论文）抽检送审工作的通知,2024-04-26,https://jwch.fzu.edu.cn/info/1039/13411.htm,附件2：2024届福州大学本科毕业设计（论文）抽检情况汇总表.xls; 附件1：福建省本科毕业论文（设计）抽检评议要素（试行）.docx,3520; 2920,https://jwch.fzu.edu.cn/system/_content/download.jsp?urltype=news.DownloadAttachUrl&owner=1744984858&wbfileid=14604109; https://jwch.fzu.edu.cn/system/_content/download.jsp?urltype=news.DownloadAttachUrl&owner=1744984858&wbfileid=14604108
【质量办】,关于举办福州大学第五十一场“教学有道” 研讨活动的通知,2024-04-26,https://jwch.fzu.edu.cn/info/1040/13410.htm,无附件,0,无
【教学运行】,关于2024年五一劳动节放假课程调整的通知,2024-04-26,https://jwch.fzu.edu.cn/info/1036/13409.htm,无附件,0,无
【质量办】,关于举办福州大学第五十场“教学有道” 研讨活动的通知,2024-04-24,https://jwch.fzu.edu.cn/info/1040/13408.htm,无附件,0,无
【教学运行】,关于2023-2024-02学期体育理论课安排的通知,2024-04-24,https://jwch.fzu.edu.cn/info/1036/13406.htm,无附件,0,无
【实践科】,关于举办2024年福州大学第二十四届数学竞赛的通知,2024-04-23,https://jwch.fzu.edu.cn/info/1039/13405.htm,附件3：福州大学第二十四届数学竞赛大纲.pdf,3187,https://jwch.fzu.edu.cn/system/_content/download.jsp?urltype=news.DownloadAttachUrl&owner=1744984858&wbfileid=14602578
【实践科】,福州大学关于公布第八届网络信息安全竞赛获奖名单的通知,2024-04-22,https://jwch.fzu.edu.cn/info/1039/13403.htm,无附件,0,无
【实践科】,关于举办福州大学第六届大学生机器人竞赛的通知,2024-04-19,https://jwch.fzu.edu.cn/info/1039/13397.htm,附件.zip,903,https://jwch.fzu.edu.cn/system/_content/download.jsp?urltype=news.DownloadAttachUrl&owner=1744984858&wbfileid=14601554
【实践科】,关于举办福州大学第十八届数学建模竞赛的通知,2024-04-19,https://jwch.fzu.edu.cn/info/1039/13396.htm,无附件,0,无
【实践科】,关于举办福州大学第二十一届程序设计竞赛暨校ACM/ICPC集训队选拔赛的通知,2024-04-17,https://jwch.fzu.edu.cn/info/1039/13391.htm,无附件,0,无
【质量办】,关于举办福州大学第四十九场“教学有道”研讨活动的通知,2024-04-17,https://jwch.fzu.edu.cn/info/1040/13390.htm,无附件,0,无
【综合科】,关于第61届中国高等教育博览会的参会指南,2024-04-12,https://jwch.fzu.edu.cn/content.jsp?urltype=news.NewsContentUrl&wbtreeid=1035&wbnewsid=13378,无附件,0,无
【计划科】,关于召开2024版本科人才培养方案修订工作专题会议的通知,2024-04-11,https://jwch.fzu.edu.cn/info/1038/13379.htm,无附件,0,无
【实践科】,关于对2024届本科毕业设计（论文）进行查重检测的通知,2024-04-10,https://jwch.fzu.edu.cn/info/1039/13375.htm,附件：维普论文检测系统查重标准及格式报告说明.doc,9374,https://jwch.fzu.edu.cn/system/_content/download.jsp?urltype=news.DownloadAttachUrl&owner=1744984858&wbfileid=14592996
【教学运行】,关于2024届预计毕业生补拍电子注册学历照片的通知,2024-04-10,https://jwch.fzu.edu.cn/info/1036/13374.htm,附件2：获得图像采集码途径.pdf; 附件1：行政北楼平面图.pdf,1098; 871,https://jwch.fzu.edu.cn/system/_content/download.jsp?urltype=news.DownloadAttachUrl&owner=1744984858&wbfileid=14592958; https://jwch.fzu.edu.cn/system/_content/download.jsp?urltype=news.DownloadAttachUrl&owner=1744984858&wbfileid=14592957
【质量办】,关于开展2023年新上岗教师课堂授课达标考核的通知,2024-04-08,https://jwch.fzu.edu.cn/info/1040/13353.htm,附件1：2023年福州大学新上岗教师教学达标培训班名单汇总表.xlsx; 附件2：2023年新上岗教师课堂授课达标考核情况汇总表-学院一式三份报教务处.docx,1153; 890,https://jwch.fzu.edu.cn/system/_content/download.jsp?urltype=news.DownloadAttachUrl&owner=1744984858&wbfileid=14592375; https://jwch.fzu.edu.cn/system/_content/download.jsp?urltype=news.DownloadAttachUrl&owner=1744984858&wbfileid=14592376
【教学运行】,关于2023-2024学年第二学期《线性代数》课程半期考试安排的通知,2024-04-07,https://jwch.fzu.edu.cn/info/1036/13352.htm,2302线代半期考4.27上午.xlsx,980,https://jwch.fzu.edu.cn/system/_content/download.jsp?urltype=news.DownloadAttachUrl&owner=1744984858&wbfileid=14591952
【教学运行】,关于2023-2024学年第二学期《大学物理A（上）》、《大学物理B（上）》课程半期考试安排的通知,2024-04-07,https://jwch.fzu.edu.cn/info/1036/13351.htm,2302大物半期考4.21下午.xlsx,962,https://jwch.fzu.edu.cn/system/_content/download.jsp?urltype=news.DownloadAttachUrl&owner=1744984858&wbfileid=14591958
【教学运行】,关于2023-2024学年第二学期《概率论与数理统计》课程半期考试安排的通知,2024-04-03,https://jwch.fzu.edu.cn/info/1036/13349.htm,2302概率半期考4.14下午.xlsx,877,https://jwch.fzu.edu.cn/system/_content/download.jsp?urltype=news.DownloadAttachUrl&owner=1744984858&wbfileid=14591439
【教学运行】,关于2023-2024学年第二学期《高等数学A（中）》、《高等数学B（下）》、《高等数学C（下）》课程半期考试安排的通知,2024-04-03,https://jwch.fzu.edu.cn/info/1036/13348.htm,2302高数半期考4.14上午.xlsx,1111,https://jwch.fzu.edu.cn/system/_content/download.jsp?urltype=news.DownloadAttachUrl&owner=1744984858&wbfileid=14591438
【综合科】,关于组织教师参加第61届中国高等教育博览会的通知,2024-04-02,https://jwch.fzu.edu.cn/content.jsp?urltype=news.NewsContentUrl&wbtreeid=1035&wbnewsid=13347,无附件,0,无
【教学运行】,关于2024年清明节放假课程调整的通知,2024-04-01,https://jwch.fzu.edu.cn/info/1036/13343.htm,无附件,0,无
【实践科】,关于举办福州大学第十五届企业经营模拟沙盘对抗赛的通知,2024-03-27,https://jwch.fzu.edu.cn/info/1039/13335.htm,附件：福州大学第十五届企业经营模拟沙盘对抗赛报名表.doc,1166,https://jwch.fzu.edu.cn/system/_content/download.jsp?urltype=news.DownloadAttachUrl&owner=1744984858&wbfileid=14589204
【实践科】,关于组织开展第十七届中国大学生计算机设计大赛福州大学校内预选赛的通知,2024-03-27,https://jwch.fzu.edu.cn/info/1039/13334.htm,附件2 2024年（第17届）中国大学生计算机设计大赛——校内选拔赛报名表.xlsx; 附件1：中大计赛函[2024]1 号 关于举办“2024 年（第 17 届）中国大学生计算机设计大赛”的 通 知.pdf,1105; 1530,https://jwch.fzu.edu.cn/system/_content/download.jsp?urltype=news.DownloadAttachUrl&owner=1744984858&wbfileid=14589111; https://jwch.fzu.edu.cn/system/_content/download.jsp?urltype=news.DownloadAttachUrl&owner=1744984858&wbfileid=14589112
【实践科】,关于举办福州大学第四届大学生先进成图技术与产品信息建模创新大赛的通知,2024-03-27,https://jwch.fzu.edu.cn/info/1039/13333.htm,附件2：福州大学第四届大学生先进成图技术与产品信息建模创新大赛报名表.xls,1011,https://jwch.fzu.edu.cn/system/_content/download.jsp?urltype=news.DownloadAttachUrl&owner=1744984858&wbfileid=14589086
【实践科】,关于举办福州大学第十四届大学生节能减排社会实践与科技竞赛暨第十届材料创新、设计及应用竞赛的通知,2024-03-22,https://jwch.fzu.edu.cn/info/1039/13331.htm,附件1-4.doc,1169,https://jwch.fzu.edu.cn/system/_content/download.jsp?urltype=news.DownloadAttachUrl&owner=1744984858&wbfileid=14587055
【实践科】,关于举办福州大学第八届网络信息安全竞赛的通知,2024-03-21,https://jwch.fzu.edu.cn/info/1039/13329.htm,无附件,0,无
【教学运行】,关于做好2024-2025学年第一学期排课准备工作的通知,2024-03-18,https://jwch.fzu.edu.cn/info/1036/13322.htm,无附件,0,无
【综合科】,关于更改2023-2024学年春季学期期初本科教育教学工作会议时间的通知,2024-03-14,https://jwch.fzu.edu.cn/content.jsp?urltype=news.NewsContentUrl&wbtreeid=1035&wbnewsid=13313,无附件,0,无
【实践科】,关于举办福州大学第十三届大学生软件设计与服务外包创新创业竞赛的通知,2024-03-13,https://jwch.fzu.edu.cn/info/1039/13312.htm,无附件,0,无
【计划科】,关于通识选修课《爱课程：美化嗓音 轻松讲课》开课的友情提示,2024-03-13,https://jwch.fzu.edu.cn/info/1038/13310.htm,无附件,0,无
【综合科】,关于召开2023-2024学年春季学期期初本科教育教学工作会议的通知,2024-03-13,https://jwch.fzu.edu.cn/content.jsp?urltype=news.NewsContentUrl&wbtreeid=1035&wbnewsid=13309,无附件,0,无
【实践科】,关于转发《关于邀请省内高校大学生参与2024数字中国创新大赛的函》的通知,2024-03-12,https://jwch.fzu.edu.cn/info/1039/13308.htm,附件：数字中国建设峰会组委会秘书处关于商请邀请省内高校学生参与2024数字中国创新大赛的函.pdf,1649,https://jwch.fzu.edu.cn/system/_content/download.jsp?urltype=news.DownloadAttachUrl&owner=1744984858&wbfileid=14583438
【教学运行】,关于2023-2024学年第二学期重新学习选课、缴费的通知,2024-03-11,https://jwch.fzu.edu.cn/info/1036/13306.htm,无附件,0,无
【计划科】,关于2023-2024学年第二学期爱课程平台参加通识教育选修课学习的重要提示,2024-03-11,https://jwch.fzu.edu.cn/info/1038/13305.htm,无附件,0,无
【质量办】,关于组织教师参加第四届福建省教师教学创新大赛产教融合赛道的通知,2024-03-06,https://jwch.fzu.edu.cn/info/1040/13301.htm,附件2 福州大学教师教学创新大赛产教融合赛道 学院推荐名单汇总表.docx; 附件1 关于举办第第四届全国高校教师教学创新大赛产教融合赛道赛事的通知.pdf,928; 1806,https://jwch.fzu.edu.cn/system/_content/download.jsp?urltype=news.DownloadAttachUrl&owner=1744984858&wbfileid=14581598; https://jwch.fzu.edu.cn/system/_content/download.jsp?urltype=news.DownloadAttachUrl&owner=1744984858&wbfileid=14581597
【实践科】,关于参加2024年（第十届）全国大学生统计建模大赛的通知,2024-03-05,https://jwch.fzu.edu.cn/info/1039/13296.htm,无附件,0,无
【实践科】,关于做好第三十期本科生科研训练计划项目立项申报工作的通知,2024-03-05,https://jwch.fzu.edu.cn/info/1039/13294.htm,第30期SRTP附件.zip,4060,https://jwch.fzu.edu.cn/system/_content/download.jsp?urltype=news.DownloadAttachUrl&owner=1744984858&wbfileid=14581442
【计划科】,关于公布2023-2024学年第二学期通选课取消开课名单的通知,2024-03-04,https://jwch.fzu.edu.cn/info/1038/13293.htm,无附件,0,无
【综合科】,关于2023-2024学年第二学期本科生学生证和火车票优惠卡补办及火车票优惠卡更改区间的通知,2024-02-29,https://jwch.fzu.edu.cn/info/1035/13280.htm,无附件,0,无
【教学运行】,关于做好2024年3月退役复学学生转专业的通知,2024-02-27,https://jwch.fzu.edu.cn/info/1036/13284.htm,福州大学参军退伍复学后学生转专业审批表.doc; 福州大学本科生转专业管理实施办法（暂行）.docx,825; 1135,https://jwch.fzu.edu.cn/system/_content/download.jsp?urltype=news.DownloadAttachUrl&owner=1744984858&wbfileid=14580283; https://jwch.fzu.edu.cn/system/_content/download.jsp?urltype=news.DownloadAttachUrl&owner=1744984858&wbfileid=14580282
【计划科】,关于通识教育选修课《国际化拔尖创新人才科研训练》宣讲会及选课的通知,2024-02-27,https://jwch.fzu.edu.cn/info/1038/13283.htm,附件1国际化拔尖创新人才科研训练具体课程清单.xlsx,3257,https://jwch.fzu.edu.cn/system/_content/download.jsp?urltype=news.DownloadAttachUrl&owner=1744984858&wbfileid=14580133
【实践科】,关于2024届本科毕业生创新创业实践与素质拓展学分认定工作的通知,2024-02-26,https://jwch.fzu.edu.cn/info/1039/13281.htm,福州大学本科生创新创业实践与素质拓展学分申报汇总表、申请表.doc,2810,https://jwch.fzu.edu.cn/system/_content/download.jsp?urltype=news.DownloadAttachUrl&owner=1744984858&wbfileid=14579917
