问题名,问题具体内容,回答信息
室友想抄我的代码，给还是不给?,一门编程课临近截止，但几个大实验舍友全都没有写，打算照搬我的，但是这次作业老师提前说了会进行代码查重，舍友虽然承诺说会修改，但估计顶多改几个变量名，万…显示全部,给，但是换一种方式，别微信传，也别U盘。 Github上创建一个Repository，先空着。让他Star你。当然他一个人还不够，让他想办法发动更多人去Star。 超过10 Star，你就把代码Push上去，然后让他Fork。 超过100 Star，都不用他修改变量名，服务到家，你帮他改。然后用他的Github账号Pull Request。 这个Repository留着，以后学弟学妹们都用的到。平时Private，有人找你要代码，就把他加为Collaborator。这就是Github允许私有仓库人数无限制的福利。 这么多Star不仅仅是数字，而是你毕业找工作时简历上最亮的那颗Star。记得找工作期间Make Public。 不是开玩笑，如果我是大学老师，我就要求学生这样交代码作业。这是程序员的必备技能。我会给每一个班创建一个Organization，他们交作业我都知道，代码有问题就发Issue。全专业的学生互相Follow，谁的代码写得好，大家就Star。下次上课，我可以打开Github，讲评一下比较好的代码，也可以让同学们互相学习和评价别人的代码。 大一新生入学，先学习Github的基本用法，然后一项练习就是Star学长们的Repository，为他们找工作贡献一份自己的力量，这个优良传统一届一届传承下去... 软件程序的一个根本特征就是可复制性，这是其他行业没有的特质。开放源代码也是目前软件产业发展的一个主要驱动力。应该让即将从事这个行业的新人们更早更深刻的认识到软件可复制可分享的本质特点。 陈龙 24 次咨询 5.0 329532 次赞同 去咨询 关于如何最方便的浏览GitHub上的源代码，我之前专门写过文章。这里只给一个最简单最酷的办法，看这个视频： 00:28 浏览Github源代码 演示的是浏览LInux一个C程序代码。 只需要把http://github.com换成github.githistory.xyz就可以浏览当前源代码文件以及它的历史变更。
室友想抄我的代码，给还是不给?,一门编程课临近截止，但几个大实验舍友全都没有写，打算照搬我的，但是这次作业老师提前说了会进行代码查重，舍友虽然承诺说会修改，但估计顶多改几个变量名，万…显示全部,我不光给 我还传到校园网上。。。我毕业十年了。。。学校里还流传着我的代码 恶心着一代又一代的老师。。。 话说。。当年的代码写的真是烂啊。。。
室友想抄我的代码，给还是不给?,一门编程课临近截止，但几个大实验舍友全都没有写，打算照搬我的，但是这次作业老师提前说了会进行代码查重，舍友虽然承诺说会修改，但估计顶多改几个变量名，万…显示全部,"当然可以给，但是建议你在代码里做点手脚。 最初级的方法是在代码头部加入版权声明的注释，像下面这样子（以 C++ 程序为例）。但这种方法只能针对看都不看，直接原封不动地复制粘贴交作业的室友。 /* * 作业：*** * 作者：哆啦A梦 * 时间：2019-6-17 11:30 * 版权所有，盗版必究 */ #include <iostream> #define ___AUTHOR___IS___DORAEMON___ // 这里也是在说明作者是谁 // 再下面写程序代码就好了 对于那种稍微警觉一点的，会复查源代码的室友，会把以上注释去掉，甚至换成自己的注释，到头你反而解释不清楚了。这时候就需要将版权声明放在稍微隐蔽一点的地方。比如，使用 ASCII 码来代替纯粹的英文字符，将版权声明隐蔽到运行结果里。 #include <iostream> int main(void) { // 下面这段字符串的值是 FROM: DORAEMON，就是各个字母的 ASCII 码。 // 这句注释只是我来向大家解释这段代码是什么意思的，实际操作时千万别写 char a[] = {70, 82, 79, 77, 58, 32, 68, 79, 82, 65, 69, 77, 79, 78, 0}; std::cout << a << std::endl; // 打印版权信息 // 在下面写程序代码 } // main() 这样的话，室友即使复查你的代码，肯定也看不懂那串数字是什么意思（这都看懂了那还会找你抄代码吗！），越是看不懂的就越不敢乱改，等把作业交上去以后，老师一运行，自然知晓真相。 但是这样还不保险，万一室友运行了一遍程序，发现了你隐藏在代码里的版权信息怎么办？没关系，我们可以用条件触发器，超过指定的时间才显示版权信息！ #include <iostream> #include <ctime> int main(void) { char a[] = {70, 82, 79, 77, 58, 32, 68, 79, 82, 65, 69, 77, 79, 78, 0}; // 1560816000 是北京时间 2019 年 6 月 18 日 8 时的 Unix 时间戳，以下代码的作用是 // 仅当系统时间在 2019 年 6 月 18 日 8 时之后才打印版权信息。 if (std"
室友想抄我的代码，给还是不给?,一门编程课临近截止，但几个大实验舍友全都没有写，打算照搬我的，但是这次作业老师提前说了会进行代码查重，舍友虽然承诺说会修改，但估计顶多改几个变量名，万…显示全部,"当然可以给，但是建议你在代码里做点手脚。 最初级的方法是在代码头部加入版权声明的注释，像下面这样子（以 C++ 程序为例）。但这种方法只能针对看都不看，直接原封不动地复制粘贴交作业的室友。 /* * 作业：*** * 作者：哆啦A梦 * 时间：2019-6-17 11:30 * 版权所有，盗版必究 */ #include <iostream> #define ___AUTHOR___IS___DORAEMON___ // 这里也是在说明作者是谁 // 再下面写程序代码就好了 对于那种稍微警觉一点的，会复查源代码的室友，会把以上注释去掉，甚至换成自己的注释，到头你反而解释不清楚了。这时候就需要将版权声明放在稍微隐蔽一点的地方。比如，使用 ASCII 码来代替纯粹的英文字符，将版权声明隐蔽到运行结果里。 #include <iostream> int main(void) { // 下面这段字符串的值是 FROM: DORAEMON，就是各个字母的 ASCII 码。 // 这句注释只是我来向大家解释这段代码是什么意思的，实际操作时千万别写 char a[] = {70, 82, 79, 77, 58, 32, 68, 79, 82, 65, 69, 77, 79, 78, 0}; std::cout << a << std::endl; // 打印版权信息 // 在下面写程序代码 } // main() 这样的话，室友即使复查你的代码，肯定也看不懂那串数字是什么意思（这都看懂了那还会找你抄代码吗！），越是看不懂的就越不敢乱改，等把作业交上去以后，老师一运行，自然知晓真相。 但是这样还不保险，万一室友运行了一遍程序，发现了你隐藏在代码里的版权信息怎么办？没关系，我们可以用条件触发器，超过指定的时间才显示版权信息！ #include <iostream> #include <ctime> int main(void) { char a[] = {70, 82, 79, 77, 58, 32, 68, 79, 82, 65, 69, 77, 79, 78, 0}; // 1560816000 是北京时间 2019 年 6 月 18 日 8 时的 Unix 时间戳，以下代码的作用是 // 仅当系统时间在 2019 年 6 月 18 日 8 时之后才打印版权信息。 if (std"
室友想抄我的代码，给还是不给?,一门编程课临近截止，但几个大实验舍友全都没有写，打算照搬我的，但是这次作业老师提前说了会进行代码查重，舍友虽然承诺说会修改，但估计顶多改几个变量名，万…显示全部,现有回答的答案都服务太不到位了。 岂止是要给啊，还要为了不让老师看出来，给改好了再给。 想当年我上大学的时候，老师留的作业，我也是啃了好久才啃出来。 然后，顺理成章地，同学们就来索要了。我说好，为了不让老师看出来，我给你个变种的版本。（你那水平，给你去改我都不放心。这句话没说出来。） 于是，一个作业我写了4份，每份的算法都有些差异。每次我都有新的收获和进步。（那年头，我们一个寝室8个人。） 等我把4份写完了给他们，我再取其精华，充实一下自己的作业，我还是那个最好的。 要不是那样，我怎么能理解内存分配、怎么能掌握调试的精髓？ 所以，要给。如果有精力还要多给几份，多改改。 这是不可多得的练习重构代码的机会。 一个附带的效果，就是我虽然人单力薄，但是在寝室里从此说一不二。谁敢忤逆，我就一句话：你还想不想毕业了？ 至于他们今后的死活，能不能找到工作……那我就管不了那么多了，我跟他们还没那么深的交情。
室友想抄我的代码，给还是不给?,一门编程课临近截止，但几个大实验舍友全都没有写，打算照搬我的，但是这次作业老师提前说了会进行代码查重，舍友虽然承诺说会修改，但估计顶多改几个变量名，万…显示全部,某些高赞是想让题主死吗…… 伤害室友感情级别，由低到高： 1、给他抄。 2、给他抄，但附加合理的收费。 3、不给抄，但提供帮助/思路 4、礼貌且果断的拒绝，明确表示我不愿意让别人抄作业，关系再好也不行。（让他知道这是你的原则，不是因为你不把他当兄弟） 5、犹豫且模棱两可的拒绝。 6、用拙劣的借口拒绝。 7、拒绝并附带嘲讽（划水挂科活该，您配吗？） 8、爽快答应，但暗中使用手段，使室友被查出抄袭。 你室友想抄你，他自己也会觉得理亏，你不给他抄不太会影响友情。（如果实在来不及了，你们关系又不错，可以适当帮一把） 但你要是答应给他抄，然后背后捅刀子，别说这段友情必然凉凉，你的臭名甚至会传遍整个专业整个学校。大家都知道xx班有个笑里藏刀的小人，表面装好人，背后害自己兄弟。 做这种事，老师不但不会夸你机智，还会瞧不起你。我们班就有一个偷偷举报污蔑同学被抓包的，老师同学都不正眼看她，可想而知一切奖项好事都没她的份了。 那可真的是药丸了。
室友想抄我的代码，给还是不给?,一门编程课临近截止，但几个大实验舍友全都没有写，打算照搬我的，但是这次作业老师提前说了会进行代码查重，舍友虽然承诺说会修改，但估计顶多改几个变量名，万…显示全部,当年学期末邻近，编译原理大作业让写个C0或者P0编译器。我上网找了个c实现的p0编译器，花了两天看了一遍，自己用Java重写了一份，打包上传交差。注意，我的版本是运行在命令行的。 室友看我写完了，拿走我代码，在上面包了个特别简单的UI，可以选择源文件，然后把编译结果输出在UI里的那种，然后也打包上传交差。 隔壁有个哥们从室友那里拿走了代码(他俩关系比较好，所以没直接找我拿)，扔掉了UI，做了个简单的jsp网页，可以上传源码，然后调用核心代码编译，返回编译结果，美其名曰在线编译。 结果你猜怎么着？？ 我60分，室友80分，隔壁那货95分。 所以你看，懂得包装和忽悠是多么重要！！现在我一线搬砖，室友小头目，隔壁那哥们早已不从事技术工作，部门经理，专职忽悠。古人云“三岁看到老”，性格决定命运，诚不我欺。 你所关心的抄不抄，给不给抄之类的都是细枝末节，对以后发展大方向没啥影响的。 PS，我当时对这种做法很不屑，但是后来回头看，这神特么“在线编译“，不就是后来大火的“云服务”思想的萌芽么？当时可是2006年，别说在线办公，互联网几乎各种空白，连新浪微博都没影呢。
室友想抄我的代码，给还是不给?,一门编程课临近截止，但几个大实验舍友全都没有写，打算照搬我的，但是这次作业老师提前说了会进行代码查重，舍友虽然承诺说会修改，但估计顶多改几个变量名，万…显示全部,你放到github上，贴上一个gpl协议，告诉舍友地址。 你维护的开源项目对吧，也有你的维护记录，老师也能看得到。
室友想抄我的代码，给还是不给?,一门编程课临近截止，但几个大实验舍友全都没有写，打算照搬我的，但是这次作业老师提前说了会进行代码查重，舍友虽然承诺说会修改，但估计顶多改几个变量名，万…显示全部,给。 大学有次，室友抄我代码，把我写在注释上的名字也抄上去了。结果我们连带挂了。 后来我创业，室友从上海赶到北京帮我做了3个月。 我觉得人生就应该这样。有借有还，算那么清楚就没朋友了。大五又如何，大六又如何？
室友想抄我的代码，给还是不给?,一门编程课临近截止，但几个大实验舍友全都没有写，打算照搬我的，但是这次作业老师提前说了会进行代码查重，舍友虽然承诺说会修改，但估计顶多改几个变量名，万…显示全部,想起叔当助教那会儿，班上有对儿小情侣，如胶似漆，在我office hour的时候，他俩也不问问题，就在我眼前腻着。叔心如止水，叔古井无波。。。 小妹子写的代码就每次都给那个小伙子抄，一模一样的。我也不好意思直接说他俩，叔说他俩自己也心虚啊，毕竟叔年轻时候也。。。。于是就天天暗示他俩代码要自己写才好，学到的东西才是自己的。还苦口婆心跟他们说如果我看到代码雷同，两边都给低分。无果。于是就每次多给给小伙子1～5分，如果小妹子98分，就给小伙子99分，如果小妹子70分，就给小伙子72分这个样子。 真爱啊，那小妹子竟然足足忍了一个月才终于受不了了，责令以后作业都小伙子自己写，然后她抄！ （本故事纯属虚构，如有雷同实属巧合，千万别对号入座。你俩最后要是成了也得谢谢叔，要是没成也不能全怪叔当年评分搞鬼对不对？） 广告 色情片如何损伤你的大脑？ 作者 柳叶锈刀 ¥9.90 去查看
为什么现在国内各大高校仍选用谭浩强的《C 程序设计》为教材？,既然这本书已经如此过时并且错误非常多，而大学教授们应该肯定写过很多代码，知道此书弊端。并且国内并不是没有更好的 C 语言书籍。,IT界有个万人皆知的行业准则：不要重复造轮子。 它的意思是，你可以自己造的玩，但是如果人家已经有足够好的轮子，你就不要试图，甚至是通过各种手段，试图去取代这个轮子的地位。 同理，如果某个学科已经有足够好的教材，您没那水平编出更好的教材，就乖乖地用人家的教材就好了，这样既节省资源，同时也能保证中国学生看到的教材内的思想和国外学生是同步的。 中国大学有个毛病，就是什么东西也想搞个自己的出来。 就比如线性代数教材，如此重要的学科，用脚趾头也能想见，优秀的国外教材已经遍地走了，但是各个大学仍然要请自己学校的某几个水平堪忧，语言表达能力菜得扣脚的老师来编写一个教材，最后命其名曰“精品教材”，而这些垃圾教材坑害的是一批一批的优秀学生，当然如果能被一直坑下去的，自主学习能力也是有点问题... 可是世界上大多数学生就是这样，他们会乖乖地去上课，听老师念PPT，然后认真看学校推荐用的课本，然后当这些垃圾教材搞得他们一头雾水的时候，他们会用“这门课难”来安慰自己，最后学的不明不白，草草了事。 我刚来中国科学技术大学的时候，上学期的线性代数，学校用的教材就是所谓学校老师自己编的“精品教材”，这个教材是面向非数学专业学生的，我就看了三页就已经搞不明白它在说什么了，可以想象，这样的教材迫害了多少学生，耗费了多少学生的时间。 而且可以想象，编这本教材的老师们从中肯定可以得到补贴，能不能得到版税不清楚，但是补贴是肯定有的，而且同时这本教材的编写也能成为所谓的资金申请的理由，“为中国科学技术大学量身定制的教材”这句话多么好听啊，可事实上呢？ 由于答主英文水平过关，当时直接去图书馆借了一本英文的线性代数教材，面向数学专业的，从第一页开始看下去，便已停不下来，连住一看就是二三十页，看完感觉畅酣淋漓，舒畅至极，从那以后，线性代数课我再也没去过，除了最后的考试我出席了。 那次期末题不简单，我考了95分。 线性代数资源推荐，详情参见本人文章： 牛岱：线性代数优秀教材/资源推荐 5139 赞同 · 135 评论 文章 我自己知道，我并不聪明，若是我不看那本英文教材，我恐怕能考70分不错了。 这就是事实，还有很多例子，比如贵校叶邦角编的的《电磁学》和格利菲斯的《电动力学》在易懂性和深刻性上的巨大差异，前者啥也看不懂，后者看的畅酣淋漓。 《大学物理》与《费恩曼物理学讲义》的惊人对比，前者看的想要睡觉，后者看的我想
为什么现在国内各大高校仍选用谭浩强的《C 程序设计》为教材？,既然这本书已经如此过时并且错误非常多，而大学教授们应该肯定写过很多代码，知道此书弊端。并且国内并不是没有更好的 C 语言书籍。,牛岱：线性代数优秀教材/资源推荐 5139 赞同 · 135 评论 文章
为什么现在国内各大高校仍选用谭浩强的《C 程序设计》为教材？,既然这本书已经如此过时并且错误非常多，而大学教授们应该肯定写过很多代码，知道此书弊端。并且国内并不是没有更好的 C 语言书籍。,IT界有个万人皆知的行业准则：不要重复造轮子。 它的意思是，你可以自己造的玩，但是如果人家已经有足够好的轮子，你就不要试图，甚至是通过各种手段，试图去取代这个轮子的地位。 同理，如果某个学科已经有足够好的教材，您没那水平编出更好的教材，就乖乖地用人家的教材就好了，这样既节省资源，同时也能保证中国学生看到的教材内的思想和国外学生是同步的。 中国大学有个毛病，就是什么东西也想搞个自己的出来。 就比如线性代数教材，如此重要的学科，用脚趾头也能想见，优秀的国外教材已经遍地走了，但是各个大学仍然要请自己学校的某几个水平堪忧，语言表达能力菜得扣脚的老师来编写一个教材，最后命其名曰“精品教材”，而这些垃圾教材坑害的是一批一批的优秀学生，当然如果能被一直坑下去的，自主学习能力也是有点问题... 可是世界上大多数学生就是这样，他们会乖乖地去上课，听老师念PPT，然后认真看学校推荐用的课本，然后当这些垃圾教材搞得他们一头雾水的时候，他们会用“这门课难”来安慰自己，最后学的不明不白，草草了事。 我刚来中国科学技术大学的时候，上学期的线性代数，学校用的教材就是所谓学校老师自己编的“精品教材”，这个教材是面向非数学专业学生的，我就看了三页就已经搞不明白它在说什么了，可以想象，这样的教材迫害了多少学生，耗费了多少学生的时间。 而且可以想象，编这本教材的老师们从中肯定可以得到补贴，能不能得到版税不清楚，但是补贴是肯定有的，而且同时这本教材的编写也能成为所谓的资金申请的理由，“为中国科学技术大学量身定制的教材”这句话多么好听啊，可事实上呢？ 由于答主英文水平过关，当时直接去图书馆借了一本英文的线性代数教材，面向数学专业的，从第一页开始看下去，便已停不下来，连住一看就是二三十页，看完感觉畅酣淋漓，舒畅至极，从那以后，线性代数课我再也没去过，除了最后的考试我出席了。 那次期末题不简单，我考了95分。 线性代数资源推荐，详情参见本人文章： 牛岱：线性代数优秀教材/资源推荐 5139 赞同 · 135 评论 文章 我自己知道，我并不聪明，若是我不看那本英文教材，我恐怕能考70分不错了。 这就是事实，还有很多例子，比如贵校叶邦角编的的《电磁学》和格利菲斯的《电动力学》在易懂性和深刻性上的巨大差异，前者啥也看不懂，后者看的畅酣淋漓。 《大学物理》与《费恩曼物理学讲义》的惊人对比，前者看的想要睡觉，后者看的我想
为什么现在国内各大高校仍选用谭浩强的《C 程序设计》为教材？,既然这本书已经如此过时并且错误非常多，而大学教授们应该肯定写过很多代码，知道此书弊端。并且国内并不是没有更好的 C 语言书籍。,这个答案请勿转载。 我打个比方，大家看完我讲的之后（哪怕看似与计算机无关）、估计就能想明白怎回事了。 国内的音乐理论逻辑体系基本上就是在「李重光＋斯波索宾」这两套教材构筑的。 可能也有其它的音乐理论教材，但基本上都围绕这一套展开。 特别是斯波索宾，从苏联体系而来。 知乎有很多对这些教材的短版的讨论，我就不赘述了。 我本科是在加拿大读的（Digital Audio Arts 专业，学位是 Bachelor of Music），现已毕业了。 在本科阶段，拯救了我调性和声理论学习的，是岛冈让的《総合和声：実技・分析・原理》。 （完全模组化设计，自学者可以自己安排学习节奏、且书中的三大部分彼此互补。） 我惊讶於世间居然有对自学者如此友好的音乐理论教材， 忽然想起我首次出国之前看李重光乐理半天看不懂的样子，似乎明白了些什么。 之后一段时间内，我在知乎推荐岛冈让的《総合和声：実技・分析・原理》这套教材， 也有想著有朝一日等自己日语精进到一定地步了、就考虑翻译这本教材。 但我现在多了几份恐惧。 我在回答某些乐理问题时，很多人说我自造术语、甚至有人专门以此攻击我。 我专门买来斯波索宾的教材的简体中文译本（现在被我扔在加拿大了），才发现： 岛冈让的教材当中的术语逻辑体系，与国内现行这套苏修型音乐理论术语逻辑体系，有明显差异。 我忽然意识到： 国内这些对自学者不友好的教材所以能被推荐为圭臬，也是和某一群人的利益有关： 国内这么多音乐老师（无论是院校老师、还是面向大学外招各种年龄段的钢琴学生的老师）， 当中肯定是有一定比例的人受益于下面这个现状： 「国内能买到的中文教材，大多都需要老师点拨讲解、才能让你看懂。」 我也有好几次见到与斯波索宾的和声教材有关的评论说「必须得找个好老师给你讲」。 万一有人要是将岛冈让这本书（或者同种类型的优秀教材）翻译成中文引入国内，岂不是要砸了那群人的饭碗？ 毕竟，优秀的音乐教育资源，在中国，非常希缺。 剩下的那群人，要用最少的成本保住自己的饭碗，最直接的方式，就是在这个圈子里面搞封闭。 （看看 Arnold Schoenberg 的「Harmonielehre」的英文翻译，再看看简体中文译本，对比下后者少了什么，你必会有所发现。至少，我不认为「用目标语言写个 summary」就可以叫翻译了。） 在中国，从来不缺业馀钢琴10级的人， 但他们当中能够对乐曲的（包
为什么现在国内各大高校仍选用谭浩强的《C 程序设计》为教材？,既然这本书已经如此过时并且错误非常多，而大学教授们应该肯定写过很多代码，知道此书弊端。并且国内并不是没有更好的 C 语言书籍。,这个答案请勿转载。 我打个比方，大家看完我讲的之后（哪怕看似与计算机无关）、估计就能想明白怎回事了。 国内的音乐理论逻辑体系基本上就是在「李重光＋斯波索宾」这两套教材构筑的。 可能也有其它的音乐理论教材，但基本上都围绕这一套展开。 特别是斯波索宾，从苏联体系而来。 知乎有很多对这些教材的短版的讨论，我就不赘述了。 我本科是在加拿大读的（Digital Audio Arts 专业，学位是 Bachelor of Music），现已毕业了。 在本科阶段，拯救了我调性和声理论学习的，是岛冈让的《総合和声：実技・分析・原理》。 （完全模组化设计，自学者可以自己安排学习节奏、且书中的三大部分彼此互补。） 我惊讶於世间居然有对自学者如此友好的音乐理论教材， 忽然想起我首次出国之前看李重光乐理半天看不懂的样子，似乎明白了些什么。 之后一段时间内，我在知乎推荐岛冈让的《総合和声：実技・分析・原理》这套教材， 也有想著有朝一日等自己日语精进到一定地步了、就考虑翻译这本教材。 但我现在多了几份恐惧。 我在回答某些乐理问题时，很多人说我自造术语、甚至有人专门以此攻击我。 我专门买来斯波索宾的教材的简体中文译本（现在被我扔在加拿大了），才发现： 岛冈让的教材当中的术语逻辑体系，与国内现行这套苏修型音乐理论术语逻辑体系，有明显差异。 我忽然意识到： 国内这些对自学者不友好的教材所以能被推荐为圭臬，也是和某一群人的利益有关： 国内这么多音乐老师（无论是院校老师、还是面向大学外招各种年龄段的钢琴学生的老师）， 当中肯定是有一定比例的人受益于下面这个现状： 「国内能买到的中文教材，大多都需要老师点拨讲解、才能让你看懂。」 我也有好几次见到与斯波索宾的和声教材有关的评论说「必须得找个好老师给你讲」。 万一有人要是将岛冈让这本书（或者同种类型的优秀教材）翻译成中文引入国内，岂不是要砸了那群人的饭碗？ 毕竟，优秀的音乐教育资源，在中国，非常希缺。 剩下的那群人，要用最少的成本保住自己的饭碗，最直接的方式，就是在这个圈子里面搞封闭。 （看看 Arnold Schoenberg 的「Harmonielehre」的英文翻译，再看看简体中文译本，对比下后者少了什么，你必会有所发现。至少，我不认为「用目标语言写个 summary」就可以叫翻译了。） 在中国，从来不缺业馀钢琴10级的人， 但他们当中能够对乐曲的（包
为什么现在国内各大高校仍选用谭浩强的《C 程序设计》为教材？,既然这本书已经如此过时并且错误非常多，而大学教授们应该肯定写过很多代码，知道此书弊端。并且国内并不是没有更好的 C 语言书籍。,之前的回答过于草率，周末有空会改一下 如果换教材，怕是一并要换一批老师。我校某老师讲c语言，公开表示main的返回值应该是void，int是某些环境的特殊写法。然后上机的环境是devc，全体编译报错，课件上的代码都运行不起来，公开打脸。 以及其他经典言论：我们现代计算机，内存绝对够怎么写都不会爆，怎么写都不会溢出。上世纪我们没有钱，买正版Windows系统要给Microsoft送多少钱啊，所以我们应该用盗版系统。
为什么现在国内各大高校仍选用谭浩强的《C 程序设计》为教材？,既然这本书已经如此过时并且错误非常多，而大学教授们应该肯定写过很多代码，知道此书弊端。并且国内并不是没有更好的 C 语言书籍。,谭老师虽然问题多多，但还不至于太匪夷所思。给你们分享一下我985 IT强校的编译原理教材，几十块一本的书里蕴藏着大量天顶星科技。 重点我都画出来了，随便一个抛出来都是能稳拿图灵奖的成果，分分钟吊打IEEE全体。 不过实事求是，这本书总体没啥问题甚至比较优秀，上面那一段大概是某些不可抗力的体现，魔幻但真实。
为什么现在国内各大高校仍选用谭浩强的《C 程序设计》为教材？,既然这本书已经如此过时并且错误非常多，而大学教授们应该肯定写过很多代码，知道此书弊端。并且国内并不是没有更好的 C 语言书籍。,原来我读大学的时候就是学谭浩强版本的C语言，这么多年了还是这本啊？烂书一直用，能说明两个问题： 1. 改变要靠自己，等别人去改变是不靠谱的事情，哪怕改变难度很大； 2. 一本书籍可以养活一批人。教材、教案早已了然于胸，熟悉的内容滚瓜烂熟张口就来，哪里需要改变了？改变了还要我花时间去备课，去熟悉适应新内容，而且我自己也不一定学得会啊？那怎么去忽悠别人呢？
为什么现在国内各大高校仍选用谭浩强的《C 程序设计》为教材？,既然这本书已经如此过时并且错误非常多，而大学教授们应该肯定写过很多代码，知道此书弊端。并且国内并不是没有更好的 C 语言书籍。,大学里面有一群基础教研人员，有很多是早期留校的本科生。他们没有任何上进心，以985高校教师为荣（当然也没本事混副教授），抱着一套ppt混了20年。 可能这些人连指针都不懂，然而，他们属于历史遗留问题，不解决也很捉急的。
为什么现在国内各大高校仍选用谭浩强的《C 程序设计》为教材？,既然这本书已经如此过时并且错误非常多，而大学教授们应该肯定写过很多代码，知道此书弊端。并且国内并不是没有更好的 C 语言书籍。,不可否认《C程序设计》这本书放在今天来看的确烂，比如这种低级语法错误（第四版）： *29个字符居然只给出了28个。 * 07页-程序4，ture 和 flase 各亮相一次。 * “后辍”。 * rintf。 以及以下这种错误结论： * “凡是二元运算符都可以与赋值符组合成复合赋值符”。。 * “先定义，后使用”。 * “C的实数常量都是双精度型”，接着在后面提到“添加f来强制指定类型”。 并且《C程序设计》还出版的非常非常多： 的确，很多学子被这本书弄得看见C语言就瑟瑟发抖，失去了学编程的快感。 学习 C语言推荐两本书：《C primer plus》、《C和指针》。 谭老的书真的一般，但是，但是回复区一堆攻击谭老的是什么鬼，，，， 谭老堪称中国第一代计算机先驱，他那本《C语言程序设计》中出现的dos就是明证。 计算机行业发展迅猛、新旧更替以年计、甚至以月计！ C语言是1972年问世的，彼时谭浩强已经38岁了，1989年C语言完成第一次标准化，谭浩强这个时候已经55岁了，1991年，谭老在57岁高龄写出《C程序设计》，彼时还真不算太落后。1999年，C99标准才出来，这时候谭浩强已经65岁了，也很难有精力再去高速的迭代他那本书了。 2000年之后，经典的C语言书籍层出不穷，甚至可以用百花齐放百家争鸣来形容了，老谭的书的确已经毫无竞争力了。 但谭老并没有什么过错，这本书放在90年代，绝对是指路明灯般的存在，也是当年的计算机经典书籍，但时过境迁，计算机科学在发展、C语言也在高速发展，就好比一个过时的古董，自然没有任何实用价值。 问题来了，谁是坑学生们的罪魁祸首？答案不言而喻了吧！ 是那些偷懒的大学、那些偷懒的大学教授，不假思索的继续沿用一个上世纪90年代的教材，全然不顾计算机行业的飞速发展和经典计算机书籍的层出不穷，抱残守缺、因循守旧、冥顽不灵、顽固不化！ 是这些人坑了无数学生，让很多人看见C语言就瑟瑟发抖，甚至直接劝退了无数计算机学子。 而谭老呢？他把他的一生奉献给了中国计算机科学的发展，更是在2019年，将近乎终身的积蓄全数捐给了清华：100多万。 可能这100多万在诸位眼中算不得什么，在企业家动辄过亿的捐献中，更是少得可怜。 可试问大家一句，我们何尝捐过几万，哪怕几千？ 有些人，他已经奉献了他的一生，却还要承担骂名，可悲可叹！ 顺便送大家一份硬核计算机资源，都是国
现实中程序员是怎样飞快敲代码的？,哪些场景你最顺手、最烦躁、飞快敲代码最喜欢干啥，最烦啥？显示全部,当你看到一个程序员的两只手在键盘上上下翻飞，行云流水的时候，多半不是在敲击代码， 大概率是在跟产品经理撕逼讨论需求 另一种可能就是在跟测试打口水仗 10%几率是在论坛码字摸鱼 1%几率是在跟MM聊天 可以手速飞快而不需要停下思考的代码，多半也可以靠Ctrl + C/V 搞定。 而当你看到程序员双目呆滞，遥望天际的时候，多半编程开始了 —————————————— 6月7日更新 没想到随手写的段子 竟然戳中了这么多人的心。 感觉就像随手划了根火柴， 却炸翻了整座山头 既然这样，那我就多说点儿。 每逢项目之初， 我们飞速写下的每行代码， 都宛如十四行诗般简洁优雅， 每个变量都宛如慈父膝下的爱子，名正言顺 感觉每一处精心设计的逻辑， 都是一段完美的乐章， 应在维也纳的金色大厅永久传唱 每一段完美实现的逻辑代码块， 都应该镌刻在石碑上， 供后辈顶礼膜拜 就在你得意之际，更新SVN时， 一段“ int aa = 0;”莫名出现在你的代码里， 这感觉仿佛是石碑上被油漆笔歪歪扭扭喷上了“XXX到此一游，嘿嘿嘿” 一个不孝忤逆的逆子， 让你血压飙升，头发尽断 满屏的诗和远方， 瞬间成了眼前的苟且 ————————— 9月29日更新 随着窗外街灯的亮起， 夜 谦卑地跪在你的面前， 奉你为此间的主人， 双手呈上久违的宁静 你其实并不喜欢加班， 但却有些享受在办公室独处的感觉。 日间的嘈杂、突如其来的会议、打断思路的问题 让你无法集中精神 反而是现在， 除了机箱风扇散热发出的轰鸣声， 和空调百叶偶尔发出的咔哒声， 周围一片，万籁俱寂。 你伸了伸懒腰， 略微活动了下手指， 戴上耳机， 颠了颠手边略沉的快乐水， 一切准备就绪。 空灵的音乐带来无比的专注， 专注的力量令你灵感迸发， 敏捷的思维仿佛是疾走的奔雷， 划破厚重的迷雾， 整段代码原本错综复杂的逻辑， 被瞬间照亮，清晰无比。 在这一刻，你是无比自信的， 思路没有丝毫的滞塞， 指尖在键盘丛中飞速游走， 轻盈弹跳，整块代码一气呵成， 逻辑完整得就像整除一样干净利落， 没有丝毫得拖沓。 用户的每一步操作、每一处错误， 都在你的意料之中， 你就像是循循善诱的牧羊人， 指引着迷途的羔羊， 重返阳光大道。 用户仿佛是你座下的子民， 按照你预定的轨迹，徐徐前进。 而你， 此时此刻， 便是此间无可争议的王。 ...... 一个电话突然打了进来： “先生
现实中程序员是怎样飞快敲代码的？,哪些场景你最顺手、最烦躁、飞快敲代码最喜欢干啥，最烦啥？显示全部,当你看到一个程序员的两只手在键盘上上下翻飞，行云流水的时候，多半不是在敲击代码， 大概率是在跟产品经理撕逼讨论需求 另一种可能就是在跟测试打口水仗 10%几率是在论坛码字摸鱼 1%几率是在跟MM聊天 可以手速飞快而不需要停下思考的代码，多半也可以靠Ctrl + C/V 搞定。 而当你看到程序员双目呆滞，遥望天际的时候，多半编程开始了 —————————————— 6月7日更新 没想到随手写的段子 竟然戳中了这么多人的心。 感觉就像随手划了根火柴， 却炸翻了整座山头 既然这样，那我就多说点儿。 每逢项目之初， 我们飞速写下的每行代码， 都宛如十四行诗般简洁优雅， 每个变量都宛如慈父膝下的爱子，名正言顺 感觉每一处精心设计的逻辑， 都是一段完美的乐章， 应在维也纳的金色大厅永久传唱 每一段完美实现的逻辑代码块， 都应该镌刻在石碑上， 供后辈顶礼膜拜 就在你得意之际，更新SVN时， 一段“ int aa = 0;”莫名出现在你的代码里， 这感觉仿佛是石碑上被油漆笔歪歪扭扭喷上了“XXX到此一游，嘿嘿嘿” 一个不孝忤逆的逆子， 让你血压飙升，头发尽断 满屏的诗和远方， 瞬间成了眼前的苟且 ————————— 9月29日更新 随着窗外街灯的亮起， 夜 谦卑地跪在你的面前， 奉你为此间的主人， 双手呈上久违的宁静 你其实并不喜欢加班， 但却有些享受在办公室独处的感觉。 日间的嘈杂、突如其来的会议、打断思路的问题 让你无法集中精神 反而是现在， 除了机箱风扇散热发出的轰鸣声， 和空调百叶偶尔发出的咔哒声， 周围一片，万籁俱寂。 你伸了伸懒腰， 略微活动了下手指， 戴上耳机， 颠了颠手边略沉的快乐水， 一切准备就绪。 空灵的音乐带来无比的专注， 专注的力量令你灵感迸发， 敏捷的思维仿佛是疾走的奔雷， 划破厚重的迷雾， 整段代码原本错综复杂的逻辑， 被瞬间照亮，清晰无比。 在这一刻，你是无比自信的， 思路没有丝毫的滞塞， 指尖在键盘丛中飞速游走， 轻盈弹跳，整块代码一气呵成， 逻辑完整得就像整除一样干净利落， 没有丝毫得拖沓。 用户的每一步操作、每一处错误， 都在你的意料之中， 你就像是循循善诱的牧羊人， 指引着迷途的羔羊， 重返阳光大道。 用户仿佛是你座下的子民， 按照你预定的轨迹，徐徐前进。 而你， 此时此刻， 便是此间无可争议的王。 ...... 一个电话突然打了进来： “先生
现实中程序员是怎样飞快敲代码的？,哪些场景你最顺手、最烦躁、飞快敲代码最喜欢干啥，最烦啥？显示全部,我来回答一下吧，一天7.5个工作小时。 1.早上九点到公司，打开手机看会儿新闻，朋友圈。 2.开始进入工作状态，看哈需求有没坑，再构思一下怎么写会好点。 3.开始vc大法，找找以前的代码，copy一下，看一下能不能运行。如果没有，差不多就自己写，开发工具也很智能，给出提示，自动补全类。如果没搞过的，百度一下，看看别人怎么写的，能拷贝就拷贝。 4.大约10.30左右，休息一会儿，喜欢抽烟的就去抽烟，不喜欢抽烟就刷一会儿朋友圈，讨论一下中午吃什么。 5.这时候差不多11.30了，停下工作，准备吃饭了！ 6.中午吃完饭肯定是要睡一下，13.30开始工作，这种状态能持续到15.00左右。 7.休息半个小时或者一个小时，聊天，抽烟，刷朋友圈。 8.差不多16.00到17.30再次进入工作状态。 9.准备下班了！ ps整个开发过程内心是这样的 傻逼客户，提的垃圾需求 傻逼项目经理，做的垃圾计划 傻逼产品经理，做的垃圾需求，看不懂 傻逼测试，不会测试，乱点 傻逼同事，写的垃圾代码 傻逼架构，搞的垃圾架构 傻逼百度，找不到查不到想要的问题 众人：傻逼开发！
现实中程序员是怎样飞快敲代码的？,哪些场景你最顺手、最烦躁、飞快敲代码最喜欢干啥，最烦啥？显示全部,飞快敲代码？不怕秒得腱鞘炎吗？ 一天也就是100-200行代码，加上IDE的各种神奇自动补全功能，能敲几次键盘？ 如果我听到我的组员在飞快的敲键盘，我都不要站起来看，就知道他们在撩妹，不会干别的，一定是在撩妹。 【此处有神秘的微笑】
现实中程序员是怎样飞快敲代码的？,哪些场景你最顺手、最烦躁、飞快敲代码最喜欢干啥，最烦啥？显示全部,先上图 拿图的请自觉点赞 10点前一秒赶到公司打卡范围钉钉一下 慢悠悠挤电梯，上楼，放包，摆正电脑 下楼买个包子或煎饼或灌饼，顺便带一杯咖啡或脉动或气泡水 吃完早点10点30啦，然后抽根烟开始美好工作新一天 打开文档编辑器浏览器等乱七八糟 然后开始刷微博刷知乎刷微信刷一切 或者去论坛啊社区啊指点江山围观热点 刷到11点，看看领导状态 如果盯着我或者来姨妈，就放下手机回忆回忆昨天的进度 如果开会或者春风满面，继续刷刷刷 反正上午是不可能敲代码的 除非到了deadline 11点半到45之间开始幻想中午吃啥 11点45开始带薪拉屎腾空肚子 12点准时拉上小伙伴抢电梯 12点45或13点基本吃完饭又回到工位 趴着简单刷下消息，然后开始睡觉 睡到14点到14点30（看有没有人催） 然后倒杯水，看状态迷迷糊糊到15点或15点半 抽根烟开始正式敲代码 Start > Branch 1 > 敲到18点，下楼吃饭，不饿就下楼散步 19点上楼继续敲代码，或者开始搞点新技术什么的 基本上没有需求就是自己玩奇奇怪怪的东西 Branch 2 > 敲到17点，周一评审会，周四研讨会，周五定审会 开会大约到18点30，然后下楼吃饭 19点多点上楼，敲代码，或者开始搞点新技术什么的 或者继续开会 End > 然后到21点看情况加班，比如上线或开会或挨批或批人 下班以后10分钟走路到家（住的比较近） 或者磨叽到10点就打车去远处朋友家彻夜撸串，或者去夜生活什么的 带薪抽烟一天大概五六次的样子，一般10-15分钟，可混时间约1小时 带薪拉屎基本上还是要分情况的，小号才是真的个人需求，大号都是混时间，正常人哪有那么多屎。。。大号20分钟起步吧，大概2次左右，连带着小号又是1个小时过去了 基本上每天就是下午那两三个小时加上晚上一个小时，这是10 9 5工作制度 10 7 5工作也差不多，只不过下午就纯敲代码，19点下班，正经工作时间差不多，但是思维比较连贯，效率稍高一点 而且因为没有晚饭时间，所以加班都很急，赶紧干完赶紧走，反正没有补贴，磨叽到10点要三个小时，实在难熬，所以基本没有打过车。。。 但是需求来了就真的急，往死里逼那种 晚上回家熬夜继续敲，周末在家自己想办法搞定，高铁飞机继续敲 紧急情况一个电话打过来，地铁上开个热点就是干 所以电脑随身带，有事没事都得背个包 有些复杂需求随便搞搞就到了23点
现实中程序员是怎样飞快敲代码的？,哪些场景你最顺手、最烦躁、飞快敲代码最喜欢干啥，最烦啥？显示全部,先上图 拿图的请自觉点赞 10点前一秒赶到公司打卡范围钉钉一下 慢悠悠挤电梯，上楼，放包，摆正电脑 下楼买个包子或煎饼或灌饼，顺便带一杯咖啡或脉动或气泡水 吃完早点10点30啦，然后抽根烟开始美好工作新一天 打开文档编辑器浏览器等乱七八糟 然后开始刷微博刷知乎刷微信刷一切 或者去论坛啊社区啊指点江山围观热点 刷到11点，看看领导状态 如果盯着我或者来姨妈，就放下手机回忆回忆昨天的进度 如果开会或者春风满面，继续刷刷刷 反正上午是不可能敲代码的 除非到了deadline 11点半到45之间开始幻想中午吃啥 11点45开始带薪拉屎腾空肚子 12点准时拉上小伙伴抢电梯 12点45或13点基本吃完饭又回到工位 趴着简单刷下消息，然后开始睡觉 睡到14点到14点30（看有没有人催） 然后倒杯水，看状态迷迷糊糊到15点或15点半 抽根烟开始正式敲代码 Start > Branch 1 > 敲到18点，下楼吃饭，不饿就下楼散步 19点上楼继续敲代码，或者开始搞点新技术什么的 基本上没有需求就是自己玩奇奇怪怪的东西 Branch 2 > 敲到17点，周一评审会，周四研讨会，周五定审会 开会大约到18点30，然后下楼吃饭 19点多点上楼，敲代码，或者开始搞点新技术什么的 或者继续开会 End > 然后到21点看情况加班，比如上线或开会或挨批或批人 下班以后10分钟走路到家（住的比较近） 或者磨叽到10点就打车去远处朋友家彻夜撸串，或者去夜生活什么的 带薪抽烟一天大概五六次的样子，一般10-15分钟，可混时间约1小时 带薪拉屎基本上还是要分情况的，小号才是真的个人需求，大号都是混时间，正常人哪有那么多屎。。。大号20分钟起步吧，大概2次左右，连带着小号又是1个小时过去了 基本上每天就是下午那两三个小时加上晚上一个小时，这是10 9 5工作制度 10 7 5工作也差不多，只不过下午就纯敲代码，19点下班，正经工作时间差不多，但是思维比较连贯，效率稍高一点 而且因为没有晚饭时间，所以加班都很急，赶紧干完赶紧走，反正没有补贴，磨叽到10点要三个小时，实在难熬，所以基本没有打过车。。。 但是需求来了就真的急，往死里逼那种 晚上回家熬夜继续敲，周末在家自己想办法搞定，高铁飞机继续敲 紧急情况一个电话打过来，地铁上开个热点就是干 所以电脑随身带，有事没事都得背个包 有些复杂需求随便搞搞就到了23点
现实中程序员是怎样飞快敲代码的？,哪些场景你最顺手、最烦躁、飞快敲代码最喜欢干啥，最烦啥？显示全部,不，荧幕上电脑高手的原型，并不是现实中的电脑高手，而是作家本人。只有作家才需要噼里啪啦的敲键盘，这样才能让输入速度赶上他的思维。而编程语言的信息含量要远高于自然语言，所以不管是读、还是写，都远比自然语言要慢。 所以初学编程，千万不要因为自己无法“流畅阅读”代码而自卑，谁都办不到的。
现实中程序员是怎样飞快敲代码的？,哪些场景你最顺手、最烦躁、飞快敲代码最喜欢干啥，最烦啥？显示全部,现实中，我看到很多程序员 Ctrl+C Ctrl+V 很熟练 然后再 在里面改。 ———— 没想到这么多赞，那就补充几个具体的案例吧。 —————— 某些跟数据库有关的项目，CV大法比自己敲快很多，也少出错。 很多时候有很多字段，因此写增删改查的时候。 往往是想把一个表的字段拷贝到注释的地方 然后一个个剪切或者拷贝粘贴弄到相关的代码里。 这样比自己敲，更不容易出错。 ———— 一些算法要求比较高的项目，但是在开源项目上，比如github只有py的，而实际项目是用php的，这个就蛋疼了，需要改。 而具体操作就是像素级别的改写，具体操作是一个一个函数拷贝过去，慢慢改语法规则。 —— 最后，现实中程序员能飞快的敲代码是一个流传很广的谣言。 事实上大部分程序员敲代码的速度远小于文员敲键盘的速度，或者是打字员敲键盘的速度。 这个谣言跟一些谣言有得一拼，如：
现实中程序员是怎样飞快敲代码的？,哪些场景你最顺手、最烦躁、飞快敲代码最喜欢干啥，最烦啥？显示全部,买过编程类图书的人应该都知道O‘REILLY的大名，这个系列的图书封面辨识度很高，标题之外通常会配有一个手绘的动物形象，比如这样: 有网友制作了一个O‘REILLY封面生成器（链接在文末），让人们可以自己填写文字内容，生成类似风格的书籍封面。 于是就有了以下的作品，调侃了现实中程序员的工作状态： 「Copying and Pasting from Stack Overflow」 「从Stack Overflow粘贴复制」 「Trying Stuff Until it Works」 「不断尝试直到成功为止」 「Changing Stuff and Seeing What Happens」 「改变一些代码看看会发生什么」 「Googling the Error Message」 「搜索错误代码」 生成器链接：O RLY Parody Book Cover Generator 国内网友制作的版本（支持中文）：O'RLY Cover Generator 欢迎关注>> @文森特·凡喵
现实中程序员是怎样飞快敲代码的？,哪些场景你最顺手、最烦躁、飞快敲代码最喜欢干啥，最烦啥？显示全部,Google在职程序员，坐标硅谷。 我的代码贡献量在组里还算top， 但是讲真，我敲击键盘的频率非常低。 写代码的时候，我有相当一部分时间在【Ctrl+C】+【Ctrl+V】。Google internal IDE Cider-V的AI插件会随后自动猜测出我大概要写什么代码，然后自动填写大致内容。之后，我会扫一遍代码，确保没有逻辑错误，并且进行调优。 我的大部分时间其实花在并不限于： 系统设计 模块设计 寻找已有的类似实现 调试 调优 这些重要工作都不需要疯狂的敲代码。 如果我以180迈的速度飞快打字，那只有三件事： 聊天 撕逼 写知乎 最后给大家欣赏一下我的工作专用人体工程学键盘： 逃……. 更多文章，请关注我的专栏： 投资理财之路 程序员之路 计算机科学专栏 金融学专栏 留学、求职、生活、思考 baicaioyzy 29 次咨询 5.0 卡耐基梅隆大学 计算机工程学硕士 21031 次赞同 去咨询
你的编程能力从什么时候开始突飞猛进？,无详细描述,百度多了 你就明白：它也许有用，但它封印了你精进计算机英语的机会。 Google多了 你就明白：各地大佬们的文章很Nice，但它们仅是你技术知识体系的精华补充。 开始读书了 你就明白：你以往东拼西凑几十篇烂文才明白的事，书上那几页纸都写着，而且详细的很。 接触到国内外大社的经典书后 你就明白：那些烂大街的21天宝典，7周速成，都是些什么玩意，误人子弟！ 图灵牛逼，动物牛逼，Manning牛逼。 好书读多了 你就明白：技术是一环扣一环的，有牢固的技术知识体系，学啥都事半功倍。 多做业务 你就明白：所学的技术该用在哪。 多做用户量大的业务 你就明白：光会用技术，和用好技术是两码子事。 多找第三方开源 你就明白：原来工作摸鱼不是梦。 太随便用第三方 你就明白：某天需求一变，它兼顾不到，可以把你往死里坑，坑到你得去看源码。 第一次看完源码 你就明白：开始还是很讨厌的，等全盘搞明白了，发现“咦~有点意思”。 源码看多了 你就明白：自己的查克拉莫名的增多了。而且吐槽文档不全的习惯也渐渐少了，一个不服就跑去观摩别人的源码，顺便偷个师。 再往后，或许你的技术确实突飞猛进了，然而你却只会觉得编程本来就是这个样子的。 因为，但凡通过点滴付出，累积出来的结果，都是平淡无声的。 突然获得这么多支持，十分感谢大家。 知乎就是师兄的心得记事本，喜欢的可以关注哦~ 「卫星｜ktshixiong，深度职业规划＋」 关于书籍的推荐，师兄挑几本常看常新的经典 一、新手进阶，可看 《重构 改善既有代码的设计》 本书的优点：篇幅短小，示例经典，讲解细致。最重要的是新手读起来不费力，可以作为长久阅读的床头书，开卷必有益。 本书的作用：帮助你学会如何写出有层次的好代码，让你在工作中赢在细节，更容易获得有实力的前辈的认可，职业发展更轻松。 二、寻求职业长久发展，可看 《人月神话》 本书的优点：偏重于讲述编程哲学，几乎无代码阅读成本，笔者像一位睿智的导师，以亦师亦友的口吻，有条有理地为你分析各种项目问题，分享各种工程与人的权衡，还有可靠的处理准则，有志于在编程事业上长久发展的朋友推荐阅读，可以少走很多弯路。 本书的作用：主要是打开你规划工程的格局，次要是积累行业谈资，一石二鸟 《UNIX环境高级编程》 本书的优点：就是全书都是优点，UNIX作为经典中的经典，它的设计理念，基础功能的实现方案，都是值得熟透于心中的，
你的编程能力从什么时候开始突飞猛进？,无详细描述,在你自学计算机的路上，哪些书籍对你的帮助最大? 125 赞同 · 1 评论 回答
你的编程能力从什么时候开始突飞猛进？,无详细描述,百度多了 你就明白：它也许有用，但它封印了你精进计算机英语的机会。 Google多了 你就明白：各地大佬们的文章很Nice，但它们仅是你技术知识体系的精华补充。 开始读书了 你就明白：你以往东拼西凑几十篇烂文才明白的事，书上那几页纸都写着，而且详细的很。 接触到国内外大社的经典书后 你就明白：那些烂大街的21天宝典，7周速成，都是些什么玩意，误人子弟！ 图灵牛逼，动物牛逼，Manning牛逼。 好书读多了 你就明白：技术是一环扣一环的，有牢固的技术知识体系，学啥都事半功倍。 多做业务 你就明白：所学的技术该用在哪。 多做用户量大的业务 你就明白：光会用技术，和用好技术是两码子事。 多找第三方开源 你就明白：原来工作摸鱼不是梦。 太随便用第三方 你就明白：某天需求一变，它兼顾不到，可以把你往死里坑，坑到你得去看源码。 第一次看完源码 你就明白：开始还是很讨厌的，等全盘搞明白了，发现“咦~有点意思”。 源码看多了 你就明白：自己的查克拉莫名的增多了。而且吐槽文档不全的习惯也渐渐少了，一个不服就跑去观摩别人的源码，顺便偷个师。 再往后，或许你的技术确实突飞猛进了，然而你却只会觉得编程本来就是这个样子的。 因为，但凡通过点滴付出，累积出来的结果，都是平淡无声的。 突然获得这么多支持，十分感谢大家。 知乎就是师兄的心得记事本，喜欢的可以关注哦~ 「卫星｜ktshixiong，深度职业规划＋」 关于书籍的推荐，师兄挑几本常看常新的经典 一、新手进阶，可看 《重构 改善既有代码的设计》 本书的优点：篇幅短小，示例经典，讲解细致。最重要的是新手读起来不费力，可以作为长久阅读的床头书，开卷必有益。 本书的作用：帮助你学会如何写出有层次的好代码，让你在工作中赢在细节，更容易获得有实力的前辈的认可，职业发展更轻松。 二、寻求职业长久发展，可看 《人月神话》 本书的优点：偏重于讲述编程哲学，几乎无代码阅读成本，笔者像一位睿智的导师，以亦师亦友的口吻，有条有理地为你分析各种项目问题，分享各种工程与人的权衡，还有可靠的处理准则，有志于在编程事业上长久发展的朋友推荐阅读，可以少走很多弯路。 本书的作用：主要是打开你规划工程的格局，次要是积累行业谈资，一石二鸟 《UNIX环境高级编程》 本书的优点：就是全书都是优点，UNIX作为经典中的经典，它的设计理念，基础功能的实现方案，都是值得熟透于心中的，
你的编程能力从什么时候开始突飞猛进？,无详细描述,update: 评论区很多学弟学妹要求整理一个学习路线，刚写了篇文章： 从小白到后端工程师的自学之路 - MutexLock的文章 - 知乎 https://zhuanlan.zhihu.com/p/130364187 --------------- 在啃掉一本本计算机经典书籍和写下大量代码以后。 疫情原因回不去学校，作为一个马上毕业，即将入职腾讯的大四生，分享一下自己的学习历程吧。 本人在大学之前从未接触过编程，最开始的编程学习还是在高考完后，从书店买了本C Primer Plus，然后暑假开始啃，前前后后也就看了几十页。 大一上的时候，来到了华中师范大学，还没有转专业到计算机，一直在自学C语言和看一些计算机入门书籍（编码、计算机科学概论）。当时也很迷茫，不知道以后道路如何，所以也学了一些杂七杂八的东西（前端 python啥的），所幸的是，当时坚持把C Primer Plus结结实实地精读了一遍，而且几乎练习题都做了，算是比较好的开端。 大一下，转专业到计算机了，开始自学数据结构，算法和C++，部分看完了 数据结构与算法分析，并且把书上的数据结构实现了一遍，记得当时五月份给自己的flag是看完C++ Primer，然后每天上课看，晚饭吃完后也跑去七号楼刷书，最后囫囵吞枣似的看完了大部分。 大一暑假，txr大佬 @杏仁糖 给我说他面试通过了华科的联创团队Unique Studio，而且给我说他们团队都特别厉害，有些人在军训的时候就把C++ Primer给蹲着看完了，当时十分钦佩，幻想也能够进入贵团队。于是打算在大二上的时候，去报名他们的秋招。所以，那个暑假在学校自学，呆了五十多天。最初，拿起一本APUE，看了一章后感觉看不懂又放下了。然后，又拿起一本红色封面的算法第四版，这本书看完了，并且用C++把上面的算法都实现了一遍。另外，听知乎大佬说CSAPP是必看的神书，当时也懵懵懂懂地看了前面三章，做了lab。为了学习linux，还看了一本叫linux命令行大全的书。武汉的夏天很热，只能寂寞待在宿舍的我，打开了LeetCode的世界，写了一百多道题。 大二上，十月，忐忑迎来了联创的面试，前面两轮都过了，直到其特色的“熬夜测试”环节，因为实力不足+精力不足，测试败北，没有通过。清晨七点，在回学校的公交车上思考自己不足，总结是知识体系仍然不够完全，而且深度也不够。后来这个学期
你的编程能力从什么时候开始突飞猛进？,无详细描述,update: 评论区很多学弟学妹要求整理一个学习路线，刚写了篇文章： 从小白到后端工程师的自学之路 - MutexLock的文章 - 知乎 https://zhuanlan.zhihu.com/p/130364187 --------------- 在啃掉一本本计算机经典书籍和写下大量代码以后。 疫情原因回不去学校，作为一个马上毕业，即将入职腾讯的大四生，分享一下自己的学习历程吧。 本人在大学之前从未接触过编程，最开始的编程学习还是在高考完后，从书店买了本C Primer Plus，然后暑假开始啃，前前后后也就看了几十页。 大一上的时候，来到了华中师范大学，还没有转专业到计算机，一直在自学C语言和看一些计算机入门书籍（编码、计算机科学概论）。当时也很迷茫，不知道以后道路如何，所以也学了一些杂七杂八的东西（前端 python啥的），所幸的是，当时坚持把C Primer Plus结结实实地精读了一遍，而且几乎练习题都做了，算是比较好的开端。 大一下，转专业到计算机了，开始自学数据结构，算法和C++，部分看完了 数据结构与算法分析，并且把书上的数据结构实现了一遍，记得当时五月份给自己的flag是看完C++ Primer，然后每天上课看，晚饭吃完后也跑去七号楼刷书，最后囫囵吞枣似的看完了大部分。 大一暑假，txr大佬 @杏仁糖 给我说他面试通过了华科的联创团队Unique Studio，而且给我说他们团队都特别厉害，有些人在军训的时候就把C++ Primer给蹲着看完了，当时十分钦佩，幻想也能够进入贵团队。于是打算在大二上的时候，去报名他们的秋招。所以，那个暑假在学校自学，呆了五十多天。最初，拿起一本APUE，看了一章后感觉看不懂又放下了。然后，又拿起一本红色封面的算法第四版，这本书看完了，并且用C++把上面的算法都实现了一遍。另外，听知乎大佬说CSAPP是必看的神书，当时也懵懵懂懂地看了前面三章，做了lab。为了学习linux，还看了一本叫linux命令行大全的书。武汉的夏天很热，只能寂寞待在宿舍的我，打开了LeetCode的世界，写了一百多道题。 大二上，十月，忐忑迎来了联创的面试，前面两轮都过了，直到其特色的“熬夜测试”环节，因为实力不足+精力不足，测试败北，没有通过。清晨七点，在回学校的公交车上思考自己不足，总结是知识体系仍然不够完全，而且深度也不够。后来这个学期
你的编程能力从什么时候开始突飞猛进？,无详细描述,大学时浑水摸鱼，毕业后大约半年，在网络上寻找自学资料时，发现了GitHub和一些程序员论坛，自学了py，然后打开了新世界的大门。 包括购买了梯子，独自啃下两套纯英文官方文档，在GitHub上友好亲切的交流，刷题，看最新的软件工程实践书，等等 ===========更新2：=========== 一些人问《哈弗大学幸福课》在哪里看 我是在这里看的：https://www.bilibili.com/video/BV1Gs411o71d?p=1 其他的我不知道 =========== 更新 ============ 断断续续的收到一些赞，写一些可能对大家有帮助的东西吧： 1、提高知识最好的途径是读书，包括但不限于计算机四大名著《操作系统》《计算机网络》《数据结构》《计算机组成原理》。经典书籍不仅仅有完善有效的知识，更重要的是这些书里的计算机经典思想，一直到现在都没有过时，十分的有用。 2、Github是个好网站，值得习惯性的到上面搜索需要的东西。比如awesome系列和一些质量很高的资料整理项目（整理常见的面试、刷题、常见工具链的git repo） 3、v2ex和知乎都是很好的网站（尽管审核方面被吐槽很多），论坛上有很多很厉害的大佬，关注认真答题大佬的动态对开拓知识领域是有一些帮助的。 4、善用搜索引擎（专指Google），最好能把自己最常用的工具的官方文档啃一遍。主要是习惯英文文档的表达方式+系统的认识自己所用的工具，对自己写文档也是有很多帮助的。 5、因个人有长期的抑郁经历，所以对心理方面关注得也比较多，十分推荐学习《哈弗大学幸福课》。这门课的综合内容十分丰富，实践性很强，能够有效的提高生活、职场中的软技能（沟通能力、抗压能力等）（这门课另外一个很厉害的地方在于，仅仅是上课的方式，也能提高你的逻辑思维能力，毕竟据说是哈弗学生选修最多的课，课程质量极其的高）。 6、有一个我自己打算做但实践得还不太好得地方：看经典开源项目得源码和架构。只看过一些小的玩票性质的开源项目，也学到了不少东西，大型的经典的开源项目还没能看（STL、Git等），这些项目对我来说主要是太庞大，时间上有些不够用。 7、最近在坚持做Leetcode每日一题，也推荐大家一起刷呀。保持手感，很多题看起来简单，但评论区也能看到有趣的知识。 8、关于职业规划这种事情，我以前是没有的（主要还是抑郁+低自尊影响的吧
你的编程能力从什么时候开始突飞猛进？,无详细描述,大学时浑水摸鱼，毕业后大约半年，在网络上寻找自学资料时，发现了GitHub和一些程序员论坛，自学了py，然后打开了新世界的大门。 包括购买了梯子，独自啃下两套纯英文官方文档，在GitHub上友好亲切的交流，刷题，看最新的软件工程实践书，等等 ===========更新2：=========== 一些人问《哈弗大学幸福课》在哪里看 我是在这里看的：https://www.bilibili.com/video/BV1Gs411o71d?p=1 其他的我不知道 =========== 更新 ============ 断断续续的收到一些赞，写一些可能对大家有帮助的东西吧： 1、提高知识最好的途径是读书，包括但不限于计算机四大名著《操作系统》《计算机网络》《数据结构》《计算机组成原理》。经典书籍不仅仅有完善有效的知识，更重要的是这些书里的计算机经典思想，一直到现在都没有过时，十分的有用。 2、Github是个好网站，值得习惯性的到上面搜索需要的东西。比如awesome系列和一些质量很高的资料整理项目（整理常见的面试、刷题、常见工具链的git repo） 3、v2ex和知乎都是很好的网站（尽管审核方面被吐槽很多），论坛上有很多很厉害的大佬，关注认真答题大佬的动态对开拓知识领域是有一些帮助的。 4、善用搜索引擎（专指Google），最好能把自己最常用的工具的官方文档啃一遍。主要是习惯英文文档的表达方式+系统的认识自己所用的工具，对自己写文档也是有很多帮助的。 5、因个人有长期的抑郁经历，所以对心理方面关注得也比较多，十分推荐学习《哈弗大学幸福课》。这门课的综合内容十分丰富，实践性很强，能够有效的提高生活、职场中的软技能（沟通能力、抗压能力等）（这门课另外一个很厉害的地方在于，仅仅是上课的方式，也能提高你的逻辑思维能力，毕竟据说是哈弗学生选修最多的课，课程质量极其的高）。 6、有一个我自己打算做但实践得还不太好得地方：看经典开源项目得源码和架构。只看过一些小的玩票性质的开源项目，也学到了不少东西，大型的经典的开源项目还没能看（STL、Git等），这些项目对我来说主要是太庞大，时间上有些不够用。 7、最近在坚持做Leetcode每日一题，也推荐大家一起刷呀。保持手感，很多题看起来简单，但评论区也能看到有趣的知识。 8、关于职业规划这种事情，我以前是没有的（主要还是抑郁+低自尊影响的吧
你的编程能力从什么时候开始突飞猛进？,无详细描述,大概……是为了追女生而写了一个游戏的时候吧。 大概七年前，我为了追一个女生，以她和我为主角写了一个战棋类RPG游戏（其实还做了很多别的事情hhhhh），灵感来源于小时候玩的世嘉版《水浒传》。故事的背景是我大学，游戏名字叫做《凌工路2号》。 我一直都觉得，在大学，生产力的来源主要有两件事情： deadline； 荷尔蒙。 这个游戏有对话系统： 有战斗系统： 有职业/升级/转职/职业相克系统： 职业/转职系统 职业相克系数表 有角色属性、物品、存档系统： 有剧情： 00:58 01:06 地图背景是我的学校 有作战系统和敌人的AI： 00:18 故事的背景是我的大学，这是中心食堂和足球场： 看到这个毛主席像有人应该会觉得很熟悉吧 我甚至还在综合楼的自动售货机上做了一个物品买卖系统： 00:28 这个游戏大概不到一万行Qt代码，没有用任何的框架和引擎，现在看来相当原始，所有的移动和动画效果都是用Qt的定时器+一堆if/else判断徒手撸出来的（当时不知道更好的办法，就这么一根筋地写了几个月）。我自己的感觉是，写代码超过5000行的时候，自己的能力会有一个飞跃——以前从没有注意过的东西开始觉得费解，从而逼迫自己思考和学习，然后进步。在我参加校招的时候，这个游戏的代码量占我当时的代码量的差不多一半……现在回想起来，我校招能进阿里，这个游戏带来的能力提升功不可没。 这个游戏没有最终完成，也从未发布，静静地在我的硬盘里躺了七年。 四年前我跟游戏设定的女主角结婚了。 这周二我无意中看到它，拿到现在的机器上重新编译通过。在吃晚饭的时候，我问她： “你知道我当时给你写了个游戏么？“ 她说：“不知道啊”。 代码在这里（我知道它很烂），遵守WhatTheFuckPublicLicense，随便修改： https://github.com/blindpirate/no2-linggong-road github.com/blindpirate/no2-linggong-road 最后放几个全地图的场景，如果你和我是一个学校的，会觉得相当亲切。不过，大部分的地图都不是我做的，我自己做了中心食堂、综合楼、研教楼、校医院、一馆五个场景的室内地图。 02:48 03:17 01:57 评论区炸出了很多同道中人： @杜凯 说： 我去，天涯何处无知己啊，我做过一个类似的玩意 http://www.dkl
你的编程能力从什么时候开始突飞猛进？,无详细描述,https://github.com/blindpirate/no2-linggong-road github.com/blindpirate/no2-linggong-road
你的编程能力从什么时候开始突飞猛进？,无详细描述,大概……是为了追女生而写了一个游戏的时候吧。 大概七年前，我为了追一个女生，以她和我为主角写了一个战棋类RPG游戏（其实还做了很多别的事情hhhhh），灵感来源于小时候玩的世嘉版《水浒传》。故事的背景是我大学，游戏名字叫做《凌工路2号》。 我一直都觉得，在大学，生产力的来源主要有两件事情： deadline； 荷尔蒙。 这个游戏有对话系统： 有战斗系统： 有职业/升级/转职/职业相克系统： 职业/转职系统 职业相克系数表 有角色属性、物品、存档系统： 有剧情： 00:58 01:06 地图背景是我的学校 有作战系统和敌人的AI： 00:18 故事的背景是我的大学，这是中心食堂和足球场： 看到这个毛主席像有人应该会觉得很熟悉吧 我甚至还在综合楼的自动售货机上做了一个物品买卖系统： 00:28 这个游戏大概不到一万行Qt代码，没有用任何的框架和引擎，现在看来相当原始，所有的移动和动画效果都是用Qt的定时器+一堆if/else判断徒手撸出来的（当时不知道更好的办法，就这么一根筋地写了几个月）。我自己的感觉是，写代码超过5000行的时候，自己的能力会有一个飞跃——以前从没有注意过的东西开始觉得费解，从而逼迫自己思考和学习，然后进步。在我参加校招的时候，这个游戏的代码量占我当时的代码量的差不多一半……现在回想起来，我校招能进阿里，这个游戏带来的能力提升功不可没。 这个游戏没有最终完成，也从未发布，静静地在我的硬盘里躺了七年。 四年前我跟游戏设定的女主角结婚了。 这周二我无意中看到它，拿到现在的机器上重新编译通过。在吃晚饭的时候，我问她： “你知道我当时给你写了个游戏么？“ 她说：“不知道啊”。 代码在这里（我知道它很烂），遵守WhatTheFuckPublicLicense，随便修改： https://github.com/blindpirate/no2-linggong-road github.com/blindpirate/no2-linggong-road 最后放几个全地图的场景，如果你和我是一个学校的，会觉得相当亲切。不过，大部分的地图都不是我做的，我自己做了中心食堂、综合楼、研教楼、校医院、一馆五个场景的室内地图。 02:48 03:17 01:57 评论区炸出了很多同道中人： @杜凯 说： 我去，天涯何处无知己啊，我做过一个类似的玩意 http://www.dkl
有哪些让你目瞪口呆的 Bug ？,无详细描述,关于考勤打卡的 我们单位粗心的人事在系统里删除离职人员的时候不小心把我也删除了 当了很长时间的黑户 后来虽然又添加回来 但饭卡，慰问品之类的总是出错，每次我都得解释一遍然后气急败坏的自己去单独领一份 直到我发现 我请假系统里不扣年假 哈哈哈哈哈哈哈 无限续杯
有哪些让你目瞪口呆的 Bug ？,无详细描述,"那年在淘宝买笛子，商家送了个陶笛，大概长这样： 娃上小学，笛子半天吹不响，这玩意儿就没这烦恼，于是开心地玩起来。 我上班时她得意地打来电话，说已经学会了2句，要吹给我听。 商家送的谱是“女儿情”， 她吹“鸳鸯双栖蝶双飞，满园春色惹人醉”，吹到一半电话不小心断了。好不扫兴，打过来重吹，吹到一半电话又断了！ 如是三次。 这是碰到本专业的bug了啊，我兴趣来了。 拉着娃一遍遍试验。最终发现吹到“惹人醉”那个“惹”，电话必断。 见了鬼了！ 坐在那儿分析：这是全曲第一次碰到“6”这个音，看来信道中某个设备对这个频率敏感，误检成了特殊的DTMF信号，触发挂断。 我的手机是广东联通，娃是湖北移动，经过的关口有点复杂。 我让娃打给她妈妈的同是湖北移动的号，果然没这个问题。 ===== 2025/1/6更新： 想不到这个偏技术的回答居然收到了我在知乎最多的赞，不知道是被谁翻了牌子，有没要在这里更新一下。 我参加革命时间晚，随路信令只在教科书上读过，没有亲见。 在评论区 @墨枫梧桐BA7MQN 和 @点点， @PROZAC 老师的引导下补习了1号信令。 呃，一句话，如果中继线路有使用带内单频脉冲方式的1号信令，一个持续600毫秒的2600Hz脉冲就可以把通话掐掉。 @Music-X 老师甚至进一步推理出乐器的调式。可惜5年前买的小玩意儿早已找不到了，某宝上的购买链接又提示商品下架。不然我拿来吹一下，测一测频率是不是2600Hz, 就可以正式破案。 ====== 2025/1/11更新: 我找到了这玩意儿，他长这样： 网上找到了当年的谱子，这个样子 唯一的问题是，6 吹出来是2355HZ，7才是2616HZ. 要么就是我记错了断线时吹到哪里了， 要么就是2355也在2600的误差范围(也太远了点），要么就是前面的随路信令猜测不对……"
有哪些让你目瞪口呆的 Bug ？,无详细描述,魅族手机把sim卡名称改成“无sim卡” 系统就会以为真的没有这张卡 直接断服务 且整张卡选项变为灰色 无法进行更改 重启也不行 解决办法是把系统语言改成英文 因为这样会识别到卡名字叫做“无sim卡”而不是真的没有sim卡
有哪些让你目瞪口呆的 Bug ？,无详细描述,有一次，上班时指头被a4纸划破， 虽然伤口不大，还是挺疼 就用创可贴把中指贴了一圈 第二天早上起来 打开一看，我去 竟然完全愈合，毫无痕迹 突然想起周星驰电影《功夫》里的 练武奇才 难道，我也是？ 就在我向同事吹嘘时 他默默来了句 你看你中指旁边的指头 汗…… 贴错指头了
有哪些让你目瞪口呆的 Bug ？,无详细描述,一个老爷子卖酸奶 三块一瓶，十块三瓶 来个小伙子 “大爷，来瓶酸奶！” “三块！” “大爷，再来一瓶！” “三块！” “大爷，再来一瓶！” “三块！” “大爷你看，我买了三瓶酸奶，才九块钱，所以你那个‘十块三瓶’算错了，买的越多应该越便宜才对！” “呵呵，每天都有你这样的来一下买三瓶！”
有哪些让你目瞪口呆的 Bug ？,无详细描述,写代码的时候记得把显示器屏幕擦干净点。。。。。。 -一个曾经被屏幕污点坑过的人(ノ=Д=)ノ┻━┻
有哪些让你目瞪口呆的 Bug ？,无详细描述,我买了个自动猫粮器，需要插电的，可以手机控制，没想到被我家猫测试出来bug 一天我下班回到家，我没操作的情况下，能吃3天的，1天就没了，就很懵逼。 然后晚上我偷偷的在门缝观察猫，发现它去扒拉插座，断电在通电就会掉一些猫粮出来
有哪些让你目瞪口呆的 Bug ？,无详细描述,有，不过是店员目瞪口呆，而我稳如老狗。 06年时候在福州，华莱士汉堡三个10元，两个7元，一个4.5元。 有次晚上请同学去吃，我说先来四个汉堡。 店员，“四个汉堡，14.5元。” 我，“不是14吗？” 店员，“三个10元，加一个4.5元，是14.5元啊。” 我摆摆手，“不要三个加一个，我要两个，加两个。” 店员，……………… 好了，可以点其他的了。
有哪些让你目瞪口呆的 Bug ？,无详细描述,其实不算Bug 二十年前，某地电信局，一路光纤时断时续，因刚刚换过光路板，怀疑是新板子问题，各种检查、换板子均无果。 于是挂表查断点，开车上路到断点，发现线杆老化倒地，光缆被野狗咬开外皮，光纤未断，却缠住了狗嘴，狗嘴一张一合，光路断断续续。 史称“狗咬光纤”事件。
有哪些让你目瞪口呆的 Bug ？,无详细描述,我高中同桌，上了本地一所理工大学。 大一新生入学，发现宿舍没有插座。 一群学理工的男生能忍吗？ 当即分工合作，从日光灯的线上引了一根线出来搞成插座。 搞定以后集体欢呼握手。 昂首四顾。 热血澎湃。 随即发现墙边的插座。
将 bug 译作「蚆蛒」，将 debug 译作「揥蚆蛒」，音译兼意译，是不是很巧妙？,因为 bug 和 debug 已经属于 IT 领域专有名词，错误和除错这种词义宽泛的词语不足以准确描述其特指软件相关的含义，中文译名也「专有」一下未必…显示全部,翻译得挺好 这仨字光看着就能感受到一股腥膻咸湿的克苏鲁气息，很是能准确复现debug时的精神状态 下次别翻译了
将 bug 译作「蚆蛒」，将 debug 译作「揥蚆蛒」，音译兼意译，是不是很巧妙？,因为 bug 和 debug 已经属于 IT 领域专有名词，错误和除错这种词义宽泛的词语不足以准确描述其特指软件相关的含义，中文译名也「专有」一下未必…显示全部,"阁下不会就是翻译出 “鲁棒性”""巴勒斯坦""""泰晤士报""""车厘子""""红地厘蛇果""""老头滚动条""“半条命”“套套逻辑”“套接字”“诱导公式”“方程式赛车”“把属性映射为属性”""双亲委派机制""""酉矩阵""""秩""""卡宾""""氮宾""""叶立德""""缺省""""渠化""""死投"" 的那位姐吧。 ————更新，应要求添加一下这些词的解释： 鲁棒性：robustness，robust意味健壮，强壮，应该译为健壮性，稳健性，强壮性，稳定性均可，译者不知何故要音译，由于词汇太过古早，也可能是译者当时不懂这个词的含义，总之结果导致其在国内教材中广泛使用，造成了大量学生的迷惑。 诱导公式：原文是reduction formula，即简化公式，译者翻译的时候可能用的是盗版书，国内标注的是induction formula，也可能是记错了单词的意思，因为其把reduction（减少）当作induction（归纳）来翻译，但最终的译文甚至没有体现出induction的意思，也就是说经过了两次错译才最终变成了“诱导公式”这个不明所以的名字，并且被我国高中教材广泛使用，以及各种教辅，培训班强行解释“诱导”的意思，导致越传越广。 半条命：应为半衰期。 老头滚动条：应为上古卷轴。 车厘子：cherry就是樱桃，译者非要音译出另一个物种来。 红地厘蛇果：delicious apple就是苹果，译者非要把delicious音译为地厘蛇，再加上红字，听起来像是“红地”这个地方的物种“厘蛇果”。 泰晤士报：原文是“The Times”。并没有“泰晤士（Thames）”这个发音，不仅丢失原义，还让人对该报纸的发行地产生误解。 巴勒斯坦：应为巴勒斯丁，见答主“知乎用户ObE5mQ”的回答： 套套逻辑：tautology，原义“同义反复”，纯音译导致的怪异翻译。 套接字：Socket，原义插座，接口。 方程式赛车：见用户“西瓜回路遮断器”的评论：formula使用了错误的意义。 把属性映射为属性：把property映射为attribute，译者（可能是机器）翻译时没有考虑其意义。 双亲委派机制：parent delegation，应为父类代理，当然，对于某些用户，非要译作母类代理我也没有意见，译为“双”会让人误解程序的继承关系。 酉矩阵，秩：Unitary Matrix，Unitary即单一的，被译作“酉”，中文意义看起来像是指十，"
将 bug 译作「蚆蛒」，将 debug 译作「揥蚆蛒」，音译兼意译，是不是很巧妙？,因为 bug 和 debug 已经属于 IT 领域专有名词，错误和除错这种词义宽泛的词语不足以准确描述其特指软件相关的含义，中文译名也「专有」一下未必…显示全部,"阁下不会就是翻译出 “鲁棒性”""巴勒斯坦""""泰晤士报""""车厘子""""红地厘蛇果""""老头滚动条""“半条命”“套套逻辑”“套接字”“诱导公式”“方程式赛车”“把属性映射为属性”""双亲委派机制""""酉矩阵""""秩""""卡宾""""氮宾""""叶立德""""缺省""""渠化""""死投"" 的那位姐吧。 ————更新，应要求添加一下这些词的解释： 鲁棒性：robustness，robust意味健壮，强壮，应该译为健壮性，稳健性，强壮性，稳定性均可，译者不知何故要音译，由于词汇太过古早，也可能是译者当时不懂这个词的含义，总之结果导致其在国内教材中广泛使用，造成了大量学生的迷惑。 诱导公式：原文是reduction formula，即简化公式，译者翻译的时候可能用的是盗版书，国内标注的是induction formula，也可能是记错了单词的意思，因为其把reduction（减少）当作induction（归纳）来翻译，但最终的译文甚至没有体现出induction的意思，也就是说经过了两次错译才最终变成了“诱导公式”这个不明所以的名字，并且被我国高中教材广泛使用，以及各种教辅，培训班强行解释“诱导”的意思，导致越传越广。 半条命：应为半衰期。 老头滚动条：应为上古卷轴。 车厘子：cherry就是樱桃，译者非要音译出另一个物种来。 红地厘蛇果：delicious apple就是苹果，译者非要把delicious音译为地厘蛇，再加上红字，听起来像是“红地”这个地方的物种“厘蛇果”。 泰晤士报：原文是“The Times”。并没有“泰晤士（Thames）”这个发音，不仅丢失原义，还让人对该报纸的发行地产生误解。 巴勒斯坦：应为巴勒斯丁，见答主“知乎用户ObE5mQ”的回答： 套套逻辑：tautology，原义“同义反复”，纯音译导致的怪异翻译。 套接字：Socket，原义插座，接口。 方程式赛车：见用户“西瓜回路遮断器”的评论：formula使用了错误的意义。 把属性映射为属性：把property映射为attribute，译者（可能是机器）翻译时没有考虑其意义。 双亲委派机制：parent delegation，应为父类代理，当然，对于某些用户，非要译作母类代理我也没有意见，译为“双”会让人误解程序的继承关系。 酉矩阵，秩：Unitary Matrix，Unitary即单一的，被译作“酉”，中文意义看起来像是指十，"
将 bug 译作「蚆蛒」，将 debug 译作「揥蚆蛒」，音译兼意译，是不是很巧妙？,因为 bug 和 debug 已经属于 IT 领域专有名词，错误和除错这种词义宽泛的词语不足以准确描述其特指软件相关的含义，中文译名也「专有」一下未必…显示全部,我觉得不巧妙。 因为你这样文字太多了，文字笔画太多就不好写了。 可以简化一下。 例如bug，音是：八各。 为了简化，可以把“各”简化成为“𠂊”，八字没必要简化了，就两笔。 为了区分汉子和翻译，咱们可以把这部分文字增加角标。 最终成品：bug→バグ
将 bug 译作「蚆蛒」，将 debug 译作「揥蚆蛒」，音译兼意译，是不是很巧妙？,因为 bug 和 debug 已经属于 IT 领域专有名词，错误和除错这种词义宽泛的词语不足以准确描述其特指软件相关的含义，中文译名也「专有」一下未必…显示全部,我觉得不如叫 涤悖格 涤 洗涤，去掉 悖 不合理，冲突，错误 格 格式，标准，规范，结构段落 悖格 谐音bug，导致错误，冲突或不合理的代码结构。 我觉得比你编的那个更加复合翻译的三要素，信达雅。
将 bug 译作「蚆蛒」，将 debug 译作「揥蚆蛒」，音译兼意译，是不是很巧妙？,因为 bug 和 debug 已经属于 IT 领域专有名词，错误和除错这种词义宽泛的词语不足以准确描述其特指软件相关的含义，中文译名也「专有」一下未必…显示全部,目前来说，我见过最秀的英文翻译是战锤的四大邪神名字的翻译，读音相似的同时还彰显了人物设定（而且字没那么生僻） 给路人来段背景和介绍 恐虐：Khorne，代表是颅骨与鲜血，设定中代表难以遏制的好斗，丧失心智的疯狂以及淹没战场的滚滚血海，信仰恐虐的自然都是战场狂战士。 纳垢：Nurgle，代表瘟疫和无穷无尽的死寂，世界上所有瘟疫都是在纳垢精心调配下产生，纳垢接纳所有信徒，不论老丑、善恶。 色孽：Slaanesh，代表放纵享乐堕落和感官刺激。欲望，骄傲和自我放纵是所有追随他的人的标志。 奸奇：Tzeentch，混沌四神里最多变狡猾的邪神。有人说奸奇来源于希望，象征着智慧。但那早已被邪恶的混沌所扭曲，奸奇的希望来源于受害者身处绝境无限的绝望与千方百计的求生，智慧则来源于那无穷无尽的算计与阴谋。 另外附上台湾（港译）译名： 恐虐-Khorne-哥达/科恩 纳垢-Nurgle-乐高/奈格 色孽-Slaanesh-沙莉士 奸奇-Tzeentch-辛烈智 相比较下是不是看得出来译者很用心 更正：根据评论区 @滴滴滴滴 大佬提醒，现行四神的翻译最早反而是出自台湾民间论坛的，后来被gw收编，大陆传入时采用的台版翻译，最后也被gw简中部门采纳 答主举的例子其实是港译，至今仍是gw港版官译，偏向粤语音译 大陆锤圈港译一度和台译分庭抗礼，现在很多老锤友都更习惯叫色孽.“沙历士” 调查少了，我的问题 感谢评论区 @苏止胡 提醒我还有绿皮（Green skin）的翻译 先说背景，绿皮是战锤世界里的兽人（Orks），属于比较欢乐，每天只知道打打沙沙沙沙沙的种族，可以理解为绿色并且爱打架的小黄人，绿皮的科技基本全内置在dna里，并且带有搞笑角色属性，最爱做的事就是四处捡垃圾然后拼个不稳定但是能用的武器出来 整天打打杀杀的兽人信仰搞哥（Gork）和毛哥（Mork），搞哥野蛮而狡猾，毛哥狡猾而野蛮 绿皮的终极泰坦单位叫大脚（Stompa）来源于英语单词跺脚（stomp）国内一般戏称这玩意叫古巨圾，虽然没音译不过蛮传神的 这玩意长这样 另外还有绿皮的技术科研单位技术小子（Mekaniak boy简称Mekboy），这玩意的高级版本叫做大技霸（Big Mek） 兽人聚在一起会发动一次声势浩大的Waaaaaaagh！！！，而他们的头领则叫做哇博士（War Boss）
将 bug 译作「蚆蛒」，将 debug 译作「揥蚆蛒」，音译兼意译，是不是很巧妙？,因为 bug 和 debug 已经属于 IT 领域专有名词，错误和除错这种词义宽泛的词语不足以准确描述其特指软件相关的含义，中文译名也「专有」一下未必…显示全部,看大家的评价，有一种小学男生花几天想了个自以为很酷的网名然后被嘲讽的美。
将 bug 译作「蚆蛒」，将 debug 译作「揥蚆蛒」，音译兼意译，是不是很巧妙？,因为 bug 和 debug 已经属于 IT 领域专有名词，错误和除错这种词义宽泛的词语不足以准确描述其特指软件相关的含义，中文译名也「专有」一下未必…显示全部,你自己大可以尽情的使用。但是建议不要跟我们讲。 大伙真没兴趣了解你那两个B虫子。 这个答案纯是被这个破问题气乐了、骂了句街，没想到有人看。多说两句。 当我看到题主的这种想法，我直接想到的是另外另一件事情。有些人在使用手机的时候，不喜欢设计师精心调教好的默认字体，而是换成了花里胡哨的个性字体。我今天刚收到过这种人发来的屏幕截图，一打开就感觉到两眼一黑。 此图片来自知乎上的另一个问题 这和题主的想法的共同点在于，在不适合追求美的地方追求美。 美当然是我们要追求的，照片，电影，诗词，小说，家居装潢，有得是地方让我们追求美。没必要在专业词汇和手机字体这样的、极大的影响着信息的传递效率和准确性的地方，牺牲效率和准确性去追求美。或者说，这些地方的高效所带来的益处，完全能让我们在其他地方得到更多“美”。 比方说，一本修仙小说，说有一种灵猴，能在太虚之中操控复杂的大型法术，叫乘虚猿；但是太虚中会滋生干扰法术运行的精怪，公的叫蚆，母的叫蛒；乘虚猿每天必须要去除蚆蛒来使法术正常运行。这个梗虽然够烂，但毕竟是在小说中，我是乐于见到的，因为小说就是追求娱乐的地方。 但题主说的是“不全是开玩笑”“是不是很巧妙”，洋洋自得的认为，这种巧妙就是我们应该追求的东西。其实错了呀，管你《方言》《正字通》云云，这几个字就是生僻字，就是徒增了理解难度，就是进行了不必要的翻译，就只有你自己会玩这玩意儿。如果有人对这东西感兴趣、觉得还不错，大概率是因为他平时并不编写程序，也用不到debug。 总之，把生产力的东西归于生产力，把美的东西归于美。
将 bug 译作「蚆蛒」，将 debug 译作「揥蚆蛒」，音译兼意译，是不是很巧妙？,因为 bug 和 debug 已经属于 IT 领域专有名词，错误和除错这种词义宽泛的词语不足以准确描述其特指软件相关的含义，中文译名也「专有」一下未必…显示全部,挺好，挺好笑的。 如果真的把 bug 显示成蚆蛒会有人觉得你电脑出了 bug。
将 bug 译作「蚆蛒」，将 debug 译作「揥蚆蛒」，音译兼意译，是不是很巧妙？,因为 bug 和 debug 已经属于 IT 领域专有名词，错误和除错这种词义宽泛的词语不足以准确描述其特指软件相关的含义，中文译名也「专有」一下未必…显示全部,我记得有个问题是“文字有没有恐怖谷效应”，这个题目就很适合作为例子，那五字被题主强行堆成词，一看就莫名烦恶难受，有一种强烈的不舒服的感觉。
被公司卸磨杀驴能把代码删除吗？,无详细描述,删除代码违法，但删除代码的注释不违法。 删除代码违法，但使用奇怪的函数名不违法。 删除代码违法，但调用乱七八糟的库不违法。 删除代码违法，但加入无用的代码不违法。
被公司卸磨杀驴能把代码删除吗？,无详细描述,想反抗又不敢反抗的时候 可以试着加倍努力干烂活，撸起袖子加油干.....烂活 态度一定要端正，水平一定要稀烂 —— 我当年实习的时候，领导敢7点之后打我电话，我就敢10点打回去向他请示 他敢10点给我打电话，我就凌晨1点给他回
被公司卸磨杀驴能把代码删除吗？,无详细描述,删除代码你什么也得不到，除了泄愤外屁用没有 不如在代码里埋点雷，最后还得请你回来修，要么就花大价钱重构 注释里面可以下毒，原则就是把注释写的没有参考价值，可以不按照代码实际功能来写注释，或者把注释里的参数名称调换一下，最好再夹杂大量正确的废话，增加阅读难度 活用变量闭包，闭包内外变量名称尽可能用一样的，这样整个代码就会看起来逻辑极其混乱难以分析，配合注释下毒就算尤雨溪来了都得琢磨半天 大量使用语法糖和各种简略写法，比如六七个箭头函数裹在一行里 高耦合低内聚，逼着别人必须极其谨慎的处理你的屎山 内存能不回收就不回收了，等着它内存泄漏 不写输入参数检查，只要调接口的时候参数有任何一点不对，马上崩就完事了 把关键逻辑写成一个开源库再引用的办法，引用版本号一定要写latest，离职后自己把开源库release一个会炸的新版本，等下次依赖自动升级就直接全炸 总之尽可能把你的代码写成一坨粘稠的屎山，这远比直接删代码来的更能恶心人 好吧，我还是年轻了，没想到我还能遇到更离谱的哈基神 印度外包公司的代码不但几乎完全实现了上面的部分（除了开源库他们写死了旧版本并且在cmakefiles里面下毒增加迁移难度） 同时还实现了更多的屎山 所有能复用的代码都是复制粘贴的，一个项目两套UI每套UI都有对应的一套重复的代码 注释里全tm是疑问句，以至于我怀疑这群哈基神的精神状态 全局变量左飞一个右飞一个 没有单行长度限制，不开自动换行能把带鱼屏撑出去 修bug全靠加三元运算符，一行里面四五个三元运算符 在尽可能符合给出的要求规范的情况下尽可能的用了各种不安全的设计，明文传密码，本地起服务器和webview通信还留了个远程任意执行的大雷 没有处理任何race condition但到处都是多线程，会产生114514种不同且无法复现的问题 我有时候都怀疑咖喱的原料里面是不是有见手青
被公司卸磨杀驴能把代码删除吗？,无详细描述,某个前东家有一段代码，在各种机缘巧合之下，是我直接在生产环境一气呵成写完的，除我以外没人敢动，离职六年后还有人打电话过来问我细节。 真是……太高看我了，写完不到一个月我基本就忘光了
被公司卸磨杀驴能把代码删除吗？,无详细描述,驴要明白一个道理，被卸磨杀驴后，你把面粉毁了，那买下一头驴重新磨一遍就行了。 但是你往面粉里加点脚皮屑，让老板吃，每次他吃的怪怪的，总觉得有问题，又不舍得扔了，然后一直吃。那才是最高效的报复。
被公司卸磨杀驴能把代码删除吗？,无详细描述,首先，屎山，bug，是合法的 代码写的差是合法的 代码中引用一个你自己的库(一般情况下)是合法的 写的代码先不提交是合法的 git合并时删掉一些代码也是合法的(合并代码又冲突嘛) 写代码不考虑特殊情况也是合法的 sql不防注入是合法的 域名解析源站ip是合法的 漏洞不修是合法的 多用点停止支持的库是合法的 多写点报错自动退出是合法的，什么参数错误管他什么直接报错 判断写严格点是合法的，发现问题立刻报错而且不输出问题 不写注释是合法的 什么？公司用的是1.8的jdk？没关系，用最新的jdk是合法的，直接把编译完成的代码传上去 突然又想到一个：写前端的兄弟们，用webpack来格式化代码如何～ 但你恶意删代码 1.(可能)没有效果，gitsvn直接恢复 2.如果删掉无法恢复那等着公司法务吧，违法的 兄弟们评论区不看后悔一辈子
被公司卸磨杀驴能把代码删除吗？,无详细描述,劝开公司的，对各种技术人员好一点， 如果你用maya，这两年估计你遇到过， 有一个病毒，中招就会现实这个： 程序员要是泄愤，删代码并不是好主意， 在代码中加东西才是好方法。
被公司卸磨杀驴能把代码删除吗？,无详细描述,在我任职的第一家公司，我只要认认真真写代码，公司多少会损失点什么
有哪些顶级水平的中国程序员？,希望写上名字，代表作，特点，轶事。（注：程序员既可以是在中国的，也包括中国人在国外工作的）,"ACM世界冠军陆靖，现就职阿里云，为人十分低调，公司内号称“人肉逻辑机”，他做事不轻易动手，深思熟虑后开干，一气呵成，鲜有编译错误。遇到搞不定的代码找他时，他就看代码，不调试，一遍一遍看代码，然后指出某行代码有错误。我们都觉得他看代码的时候大脑其实就是多核CPU，在一次又一次的运行代码。某次代码遇到bug,良久无策和另外一个同事打电话问他，他在电话里说你们检查下某个cpp文件的780行左右，是否参数传递有问题，一查果不其然，问他是否在电脑边，他说不在，在肯德基吃饭，众人大惊之下去git blame,发现这代码他8个月前提交过。特别聪明的本身少见，特别聪明而且记忆力超强的更是凤毛麟角。 他有一个爱好是看日本动画片，为此自学日语，最后能和日本人正常沟通，参与字幕组做翻译。 好多人留言问他的情况，这里统一补充答复，他是我见过的最纯粹自由的人，对钱，对名誉毫无兴趣，对别人怎么看他也不在乎，只对挑战性的问题有浓厚的兴趣和异于常人的专注。"
有哪些顶级水平的中国程序员？,希望写上名字，代表作，特点，轶事。（注：程序员既可以是在中国的，也包括中国人在国外工作的）,在鹅厂职级调整前，做到T5（科学家）的程序员，水平和履历都很能打。比如下面这位大佬： 吴石曾经是全球提交漏洞数量最多的个人。 他曾独自发掘超过100个Safari的CVE漏洞（“Common Vulnerabilities & Exposures”，公共漏洞和暴露）。 他曾创造过单月申报微软漏洞数量全球占比10%、独自发掘15个iOS漏洞的惊人成绩——这个数字比同期苹果自家研究人员发现漏洞（6个）的两倍还要多。 他曾发现只要给对方的QQ发送一条消息，就能够得到对方电脑的权限，进而控制对方的电脑，这对于受众巨大的QQ而言无疑是颗不定时炸弹，从此推动腾讯安全应急响应中心（TSRC）的成立。 据说初二之前吴石的数学非常差。但后来遇到良师启蒙，他对数学的兴趣一发不可收拾。高二拿了全国数学竞赛一等奖，后来考入了复旦大学数学系。 上了名校的吴石也和在座各位一样打游戏，但不是帝国时代和红警2，而是叫做“MUD”。但人家玩着玩着就黑进了游戏的服务器，并且成功修改了自己的游戏数据，从此走上了走漏洞之路。 你玩王者只想着喷队友，别人玩游戏自己开挂，这就是差距啊同学们。 *MUD（Multiple User Domain），一款上古时代的多用户虚拟空间游戏 整个大三吴石几乎都在搞计算机，他去软件公司打工，以至于几乎没有上一节课，但就是这样人家也就挂了一科。 一次偶然的机会，吴石向微软提交了可以实现系统提权的高质量漏洞，出乎他意料的是微软居然提供了奖励——要知道在当时的环境下，国内很少有公司能做到这么体面的事情。 受宠若惊的大神一发不可收拾，没多久又提交了数十个漏洞，这甚至超过了微软自家安全团队，2007年他收到了来自微软的offer。 再到后来，漏洞大牛的简历愈发丰满： 在加入KEEN Team后，吴石和队友们用两种不同的姿势搞定了 Safari，拿到了数万美金的奖金。第二年全世界的黑客用类似方法掀起了挖掘 IE 漏洞的狂潮。 2013年，腾讯抛出橄榄枝，吴石成为科恩实验室的首席科学家。2016年他带领科恩实验室团队和腾讯电脑管家组成的联合战队 Sniper 一举拿下了 Edge、Safari、Chrome，总分38分，以超越第二名13分之多的优势摘得了“世界破解大师”，比赛中所有的破解中都至少有一个吴石系统跑出来的漏洞。 当然现在更为人所知的，是他和他带领的科恩实验室团队对特斯拉的多次
有哪些顶级水平的中国程序员？,希望写上名字，代表作，特点，轶事。（注：程序员既可以是在中国的，也包括中国人在国外工作的）,破解特斯拉，腾讯安全科恩实验室公布三大安全研究成果_腾讯视频 v.qq.com/x/page/b0906vsvafc.html
有哪些顶级水平的中国程序员？,希望写上名字，代表作，特点，轶事。（注：程序员既可以是在中国的，也包括中国人在国外工作的）,在鹅厂职级调整前，做到T5（科学家）的程序员，水平和履历都很能打。比如下面这位大佬： 吴石曾经是全球提交漏洞数量最多的个人。 他曾独自发掘超过100个Safari的CVE漏洞（“Common Vulnerabilities & Exposures”，公共漏洞和暴露）。 他曾创造过单月申报微软漏洞数量全球占比10%、独自发掘15个iOS漏洞的惊人成绩——这个数字比同期苹果自家研究人员发现漏洞（6个）的两倍还要多。 他曾发现只要给对方的QQ发送一条消息，就能够得到对方电脑的权限，进而控制对方的电脑，这对于受众巨大的QQ而言无疑是颗不定时炸弹，从此推动腾讯安全应急响应中心（TSRC）的成立。 据说初二之前吴石的数学非常差。但后来遇到良师启蒙，他对数学的兴趣一发不可收拾。高二拿了全国数学竞赛一等奖，后来考入了复旦大学数学系。 上了名校的吴石也和在座各位一样打游戏，但不是帝国时代和红警2，而是叫做“MUD”。但人家玩着玩着就黑进了游戏的服务器，并且成功修改了自己的游戏数据，从此走上了走漏洞之路。 你玩王者只想着喷队友，别人玩游戏自己开挂，这就是差距啊同学们。 *MUD（Multiple User Domain），一款上古时代的多用户虚拟空间游戏 整个大三吴石几乎都在搞计算机，他去软件公司打工，以至于几乎没有上一节课，但就是这样人家也就挂了一科。 一次偶然的机会，吴石向微软提交了可以实现系统提权的高质量漏洞，出乎他意料的是微软居然提供了奖励——要知道在当时的环境下，国内很少有公司能做到这么体面的事情。 受宠若惊的大神一发不可收拾，没多久又提交了数十个漏洞，这甚至超过了微软自家安全团队，2007年他收到了来自微软的offer。 再到后来，漏洞大牛的简历愈发丰满： 在加入KEEN Team后，吴石和队友们用两种不同的姿势搞定了 Safari，拿到了数万美金的奖金。第二年全世界的黑客用类似方法掀起了挖掘 IE 漏洞的狂潮。 2013年，腾讯抛出橄榄枝，吴石成为科恩实验室的首席科学家。2016年他带领科恩实验室团队和腾讯电脑管家组成的联合战队 Sniper 一举拿下了 Edge、Safari、Chrome，总分38分，以超越第二名13分之多的优势摘得了“世界破解大师”，比赛中所有的破解中都至少有一个吴石系统跑出来的漏洞。 当然现在更为人所知的，是他和他带领的科恩实验室团队对特斯拉的多次
有哪些顶级水平的中国程序员？,希望写上名字，代表作，特点，轶事。（注：程序员既可以是在中国的，也包括中国人在国外工作的）,尤雨溪 在美国留学时，曾经用两天时间，就复制出一款H5的Clear软件，在APP Store上线一天，就取得了付费版和总版第二的成绩。 2014年2月，尤雨溪开发了一个前端库，就是我们熟悉的Vue.js。Vue发布后，受到很多前端程序员的喜爱，很大程度上提高了前端程序员的开发效率。 后来尤雨溪希望自己能够将所有精力都放在Vue.js上，希望全职去开发和维护，在patreon上进行众筹，最终众筹的效果也是让他非常满意，每月能收到一万美元的赞助。 为了大力推广Vue，他经常出现在JS的各种交流会上，给广大开发者分享Vue的开发经历，使用Vue开发的方法和技巧。 在他的带领下，Vue.js正在茁壮成长，国内很多大小公司都在使用Vue，相信你也一定使用过这款前端的开源框架。 尤雨溪全职做Vue后，已经赚取人民币上千万了，真是非常厉害的程序员，值得我们大家学习。 这就让我们不得不深思，同样是程序员，人家怎么这么厉害呢？ 蔡景现 蔡景现被称为阿里的扫地僧---“多隆”，是阿里巴巴初创时加入的三名工程师之一，也是阿里巴巴新增的三位合伙人之一。非科班出身的他，在一个月内从零开始搭建出了现在的淘宝，为了解决项目问题，常常在半夜爬起，去排除故障、去解决问题，独自维护淘宝搜索引擎5年，被称之为“码神”。 他精通C/C++/Java，从前端到后端，在从技术底层和高层业务之间来回切换，阿里的CTO对他做出过很高的评价，一个人能够顶得上一个团队。比如，写一个文件系统，别人做可能是一个项目组或一个公司，而他在很短时间内就能从0到1一个人做出来。 在所有工程师的眼中，他是一个神，甚至在公司内网的便签上，他也被称之为神。他很有钻研精神，很喜欢写代码，很傻很天真，写代码可以写到出神入化的状态。 我们应该像蔡景现一样，要有钻研精神，多写代码，多做项目，多学习；编程只是一个技术活，多做练习便能熟能生巧，将来也会成为一名出色的技术专家。 陈皓 陈皓被大众称之为“皓哥/耗子哥”，他在博客上写出了很多经典文章，推荐大家可以去看看，他的博客：http://coolshell.cn。 他从事软件已经17年多了，对底层技术架构早已了如指掌，曾就职于亚马逊、汤森路透等，目前正在进行创业。 阮一峰 阮一峰是一名经济学博士研究生，依靠对技术的执著和热情，不断学习钻研，成为了一名IT专家。他热爱技术、热爱写作、也热衷于开源。
有哪些顶级水平的中国程序员？,希望写上名字，代表作，特点，轶事。（注：程序员既可以是在中国的，也包括中国人在国外工作的）,尤雨溪 在美国留学时，曾经用两天时间，就复制出一款H5的Clear软件，在APP Store上线一天，就取得了付费版和总版第二的成绩。 2014年2月，尤雨溪开发了一个前端库，就是我们熟悉的Vue.js。Vue发布后，受到很多前端程序员的喜爱，很大程度上提高了前端程序员的开发效率。 后来尤雨溪希望自己能够将所有精力都放在Vue.js上，希望全职去开发和维护，在patreon上进行众筹，最终众筹的效果也是让他非常满意，每月能收到一万美元的赞助。 为了大力推广Vue，他经常出现在JS的各种交流会上，给广大开发者分享Vue的开发经历，使用Vue开发的方法和技巧。 在他的带领下，Vue.js正在茁壮成长，国内很多大小公司都在使用Vue，相信你也一定使用过这款前端的开源框架。 尤雨溪全职做Vue后，已经赚取人民币上千万了，真是非常厉害的程序员，值得我们大家学习。 这就让我们不得不深思，同样是程序员，人家怎么这么厉害呢？ 蔡景现 蔡景现被称为阿里的扫地僧---“多隆”，是阿里巴巴初创时加入的三名工程师之一，也是阿里巴巴新增的三位合伙人之一。非科班出身的他，在一个月内从零开始搭建出了现在的淘宝，为了解决项目问题，常常在半夜爬起，去排除故障、去解决问题，独自维护淘宝搜索引擎5年，被称之为“码神”。 他精通C/C++/Java，从前端到后端，在从技术底层和高层业务之间来回切换，阿里的CTO对他做出过很高的评价，一个人能够顶得上一个团队。比如，写一个文件系统，别人做可能是一个项目组或一个公司，而他在很短时间内就能从0到1一个人做出来。 在所有工程师的眼中，他是一个神，甚至在公司内网的便签上，他也被称之为神。他很有钻研精神，很喜欢写代码，很傻很天真，写代码可以写到出神入化的状态。 我们应该像蔡景现一样，要有钻研精神，多写代码，多做项目，多学习；编程只是一个技术活，多做练习便能熟能生巧，将来也会成为一名出色的技术专家。 陈皓 陈皓被大众称之为“皓哥/耗子哥”，他在博客上写出了很多经典文章，推荐大家可以去看看，他的博客：http://coolshell.cn。 他从事软件已经17年多了，对底层技术架构早已了如指掌，曾就职于亚马逊、汤森路透等，目前正在进行创业。 阮一峰 阮一峰是一名经济学博士研究生，依靠对技术的执著和热情，不断学习钻研，成为了一名IT专家。他热爱技术、热爱写作、也热衷于开源。
有哪些顶级水平的中国程序员？,希望写上名字，代表作，特点，轶事。（注：程序员既可以是在中国的，也包括中国人在国外工作的）,1、蔡景现 （多隆） 2000年加入阿里巴巴，在阿里的花名叫“多隆”；（经网友提醒是花名，不是外号，对不起我不严谨） 2003年，被马云拉进了一个秘密项目，和另外两位工程师一起从零开始，要在一个月内，搭建一个名叫“淘宝”的网站，并涵盖所有交易系统和论坛系统； 2003年-2007年，独自维护淘宝搜索引擎，并且这还不是他全部的工作； 2014年，被邀约成为阿里巴巴合伙人。 阿里系统软件事业部研究员毕玄说，“牛P很多，但能被称为‘神’的只有多隆一个。他在解决故障方面的能力更是无人能及，在淘宝的故障解决历史上有N多的案例。” 阿里中间件研究员小邪随手举了两个例子，“五彩石项目多隆完成了商城搜索的dump逻辑，当时如果没有多隆，整个项目需要延后2周；还有一次，淘宝session框架调用session_tair故障，一堆人（应该有10人+）一起排查问题，从6:00排查到第二天的6:00，最后多隆查到了问题。” 同样是阿里合伙人、天猫技术部副总裁范禹，之前在淘宝有个习惯，碰到搞不定的技术问题，就去找多隆。 2、章亦春 春哥的编程之旅起于抄书，就算如今已是罕见的编程高手，春哥依然逢人大力推荐他的抄书学编程之法 江苏镇江人，1999年，初中的章亦春第一次接触《C 语言程序设计》靠手抄自学编程，进入江苏大学后，一发不可收拾的迷恋上开源世界。 结束淘宝量子统计的工作后，全心从事 OpenResty 等开源项目的工作； 2017年，在美国创办了 OpenResty Inc. 公司。 有人说：“这是个不需要技术圈“网红”捧的务实大牛。一个牛逼的好人。是我见过的最Geek的工程师。” 3、陆靖 （中间捧奖杯那个） ACM世界冠军，为人十分低调，公司内号称“人肉逻辑机” 不调试，一遍一遍看代码，就能指出某行代码有错误； 爱看日漫，为此自学日语，最后能参与字幕组做翻译。
有哪些顶级水平的中国程序员？,希望写上名字，代表作，特点，轶事。（注：程序员既可以是在中国的，也包括中国人在国外工作的）,我有一个朋友，他和 NGINX 作者 Igor Sysoev 是同事。按NBA 那种“我和科比合砍 81 分”来算，他和 Igor 平均一下，大概也能算个顶级水平的程序员。 他的起点很普通。读书时没考过重点学校，工作后也没进过大厂，话说也想但是好难呀。大学念的也不是计算机专业，他对那专业没兴趣也念不来，然后就自学编程。对他来说，大学时看的那些经典书本，以及毕业后接触到的互联网知识，就是老师。 刚毕业那会儿，他连键盘都不是很熟悉。比较幸运的是，遇到一位把他带进 Linux 世界的前辈，教他写代码尽量不要用鼠标，教他手指该怎么移动。从那以后几乎没再用过别的编辑器，十几年一直用vi。那是一段很美好的学习时光。这个感谢他从来没当面说过，十几年过去了，如果您恰好能看到这段话，在此认真说一声：“非常感谢您，您一直是我心中最好的程序员之一，另一个是Igor”。 他问过Igor一个问题：假如有天nginx被另一个软件取代了，您怎么看？他说乐于看到这样发生。Igor是一个非常包容的工程师，也是他心中最好的程序员。 后来这些年，他一直做着普通的 Web 开发。第一次接触到nginx，就被它的代码吸引，写的也太干净了。此后一直学习研究 nginx 源码。那会是没有什么nginx中文资料的，尤其是源码分析方面的，全是一行行看下来。后来Igor还开源了njs和unit，都是他学习的开源项目。 他之前没参与过开源项目，第一次是在njs做了很小修改。是红黑树实现里的一个细节，补了个return语句。review的人刚好是Igor，没想到被他合并了。再往后，给njs支持模块化的实现，也是他review的。这难度挺大的，想想初生牛犊不怕虎呀。 再后来，30 多岁的时候，他收到了 nginx团队的邀请，成为核心成员。 回头看，他最大的特点就是自学，还有喜欢写好的代码。对了，那个朋友是我自己 ^^。
有哪些顶级水平的中国程序员？,希望写上名字，代表作，特点，轶事。（注：程序员既可以是在中国的，也包括中国人在国外工作的）,"左耳朵耗子， 目前在创业： MegaEase， 主要为企业提供技术解决方案以及高可用、高并发、高性能的分布式技术产品。 耗子叔有一个访问量千万的技术博客: coolshell, 上面的文章可以说是篇篇精华，我墙裂推荐大家去看看，CSDN 经常由于访问量过大被推上首页。 耗子叔尤其擅长底层技术架构，C/C++/Java和Unix/Linux/Windows。 对高性能，高可用，分布式，高并发，大规模数据处理系统有很深入的研究。 耗子叔是一个肯下笨功夫的人，他在2001年被外包到银行做开发， 他在 2001 年那年被外包到了某银行做开发，就是用 C 语言在 AIX 系统里堆一些银行的交易逻辑，他坦言，这个过程并没有让他学到什么东西，也没有什么成长，每天想的就是要离开这个地方。 所以，他在晚上 10 点以后开始看书学习到 11 点半，并使用工作环境动手实践书上的代码，一年后，精读了《TCP/IP 详解》《Windows 核心编程》《Java 编程思想》等书。然后，找到一份外企业的工作，月薪一下翻了三倍！！！ 看书一定是系统成长最快的方式，在这里顺便送大家一份我自己整理的电子书库，绝不是在网上那种打包下载的，而是自己需要学到某个方向知识的时候，需要看了，去网上挨个找的，最后汇总而成。 这部分我是会不断把它完善的，当成自己的小电子书库，不多，但贵在精。 我整理的这些书大家可以在这里下载，对于学习计算机的同学帮助非常大，且十分系统： https://zhuanlan.zhihu.com/p/369766867 正是凭借着这股子对底层技术的持续不断的专研劲，才有了耗子叔现在的成就，并且影响了几十万做技术的人。 在谈及程序员加班、996 这个话题的时候，耗子叔说到了他在外企的经历： 在这家公司是我成长最快的时候，然而，并不是因为我的努力，而是因为有很多比我牛逼的人在 Code Review 上给我大量的帮助，在项目上帮助我，我的努力学习虽然也有作用，但更多的是高手对我的帮助。 再回想一下我以前在职场上的很多关键点，不是因为我加班了，而是因为在某些关键问题上，我跳出来解决了其它人都解决不了的问题，我解决了一个网络通信莫名其妙的断掉的问题，我把性能优化了很多倍，我解决了一个不能重现的一个困扰团队 3 个星期的问题（其实就是大家没有认真读文档），我在入职一个公司的第一天里就为这个公司解决"
有哪些顶级水平的中国程序员？,希望写上名字，代表作，特点，轶事。（注：程序员既可以是在中国的，也包括中国人在国外工作的）,"左耳朵耗子， 目前在创业： MegaEase， 主要为企业提供技术解决方案以及高可用、高并发、高性能的分布式技术产品。 耗子叔有一个访问量千万的技术博客: coolshell, 上面的文章可以说是篇篇精华，我墙裂推荐大家去看看，CSDN 经常由于访问量过大被推上首页。 耗子叔尤其擅长底层技术架构，C/C++/Java和Unix/Linux/Windows。 对高性能，高可用，分布式，高并发，大规模数据处理系统有很深入的研究。 耗子叔是一个肯下笨功夫的人，他在2001年被外包到银行做开发， 他在 2001 年那年被外包到了某银行做开发，就是用 C 语言在 AIX 系统里堆一些银行的交易逻辑，他坦言，这个过程并没有让他学到什么东西，也没有什么成长，每天想的就是要离开这个地方。 所以，他在晚上 10 点以后开始看书学习到 11 点半，并使用工作环境动手实践书上的代码，一年后，精读了《TCP/IP 详解》《Windows 核心编程》《Java 编程思想》等书。然后，找到一份外企业的工作，月薪一下翻了三倍！！！ 看书一定是系统成长最快的方式，在这里顺便送大家一份我自己整理的电子书库，绝不是在网上那种打包下载的，而是自己需要学到某个方向知识的时候，需要看了，去网上挨个找的，最后汇总而成。 这部分我是会不断把它完善的，当成自己的小电子书库，不多，但贵在精。 我整理的这些书大家可以在这里下载，对于学习计算机的同学帮助非常大，且十分系统： https://zhuanlan.zhihu.com/p/369766867 正是凭借着这股子对底层技术的持续不断的专研劲，才有了耗子叔现在的成就，并且影响了几十万做技术的人。 在谈及程序员加班、996 这个话题的时候，耗子叔说到了他在外企的经历： 在这家公司是我成长最快的时候，然而，并不是因为我的努力，而是因为有很多比我牛逼的人在 Code Review 上给我大量的帮助，在项目上帮助我，我的努力学习虽然也有作用，但更多的是高手对我的帮助。 再回想一下我以前在职场上的很多关键点，不是因为我加班了，而是因为在某些关键问题上，我跳出来解决了其它人都解决不了的问题，我解决了一个网络通信莫名其妙的断掉的问题，我把性能优化了很多倍，我解决了一个不能重现的一个困扰团队 3 个星期的问题（其实就是大家没有认真读文档），我在入职一个公司的第一天里就为这个公司解决"
Bug是如何产生的？,最好可以通俗的解释一下！显示全部,项目：学校里的一次月考。 程序：确保学生规范答题并交卷，返回学生的分数。 教务处开始提需求：要考语文和数学，高一高二高三分开来考，根据教材出题…… 考务处开始写程序：要出这些题目，给学生分配考号，派监考老师防作弊…… 普通用户行为：填写自己的唯一标识符(考号)，然后答题，交卷(上传)…… 爬虫：张三一天之内补考了1024次，把题库记的一清二楚。 身份验证漏洞：李四填了王五的考号替考。 DDos攻击：王六克隆了王七、王八、王九……王一〇二四把考场挤的水泄不通。 注入攻击：小明在“姓名: ______”处填了“小明 成绩: 100”，获得了满分。 兼容问题：选择题只能用2B铅笔涂，老王用中性笔涂卡结果无法识别。 社工攻击：小明请校长喝酒，要到了试卷原题。 网络丢包：老师收卷时滑倒，试卷飞出去找不到了 性能问题：老师需要3天的时间改试卷，这3天响应速度很慢。 木马攻击：小红帮助老师改卷，实则悄悄把自己的成绩改成了100。 逻辑bug：“春眠不觉晓，_____。”既可以填“处处闻啼鸟”，也可以填“处处闻啼鸟。夜来风雨声，花落知多少”。 热更新：教务主任走进考场，告诉同学们“春眠不觉晓”后面只能写五个汉字，否则不给分。 抛出异常：改卷时发现学生字迹太丑无法识别。 异常捕获：规定看不清的字迹返回0分。
Bug是如何产生的？,最好可以通俗的解释一下！显示全部,领导：修个房子。 程序员：好的，马上开始打地基！ 领导：你看那隔壁那木房子就没有打地基，不要在小事上浪费时间，一个月水平面上面什么都看不到，你kpi不要了？ 这是敏捷开发。 一层房子修好。 领导：我觉得两层楼的视野好，再加一层。 程序员：可是我们没有地基，重新打地基要时间…… 领导：你一楼都修好了，照着再修个一模一样二楼很难？还要很多时间？ 这是高速版本迭代。 二楼修好。 领导：天天走路累死了，你再修个电梯。 程序员：可是…… 领导：没什么可是的，地基不稳？就在房子边上搭个电梯就行了嘛，不稳拿根木棍撑一下，这都不懂？ 这是版本优化。 电梯修好。 领导：我觉得顶楼再加个游泳池就好了。 程序员：这个结构行业翘楚的房子也不支持呀！ 领导：那不正显得我们牛逼么？修快点，夏天要来了。 这是快速功能追加。 游泳池修好，看着摇摇欲坠的房子，程序员跑路了，领导找来新人继续。 领导：我觉得游泳池水不够满，你加点的，一楼光线不好你在墙上打个窗户。 新人：好的，没问题领导，马上加一桶水，马上砸墙 这是打补丁。 房子塌了，电梯倒了，游泳池垮了…… 领导：真是个废物，就让他加桶水，居然能把房子弄倒了，你说这是多没用？ 新人：我真的就加了桶水，我怎么知道为什么。 这是软件莫名崩溃。
Bug是如何产生的？,最好可以通俗的解释一下！显示全部,老婆给当程序员的老公打电话：“下班顺路买一斤包子带回来，如果看到卖西瓜的，就买一个。” 当晚，程序员老公手捧一个包子进了家门…… 老婆怒道：“你怎么就买了一个包子？！” 老公答曰：“因为看到了卖西瓜的。
Bug是如何产生的？,最好可以通俗的解释一下！显示全部,我以前玩过一款游戏，叫做永恒之塔。 里面有个巨大的BUG. 在新手村打怪，一只怪最多掉5块钱。组队平分，每人1块。 但组队可以组满6个人。 于是当你组满6个人打一只怪的时候，这5块钱就不够分了。因为1是货币的最小单位。于是惊悚的事情就出现了。系统开始每人几十万，几百万的分。这个BUG就是个逻辑错误。 最后，因为刷钱被封号了。
Bug是如何产生的？,最好可以通俗的解释一下！显示全部,bug产生于人力有时穷。 知乎上看到的段子，但我不记得是在哪个答案了。。侵删： 一万个测试工程师在酒吧门外呼啸而过 一个测试工程师走进一家酒吧，什么也没要 一个测试工程师走进一家酒吧，要了一杯啤酒 一个测试工程师走进一家酒吧，要了一杯咖啡 一个测试工程师走进一家酒吧，要了0.7杯啤酒 一个测试工程师走进一家酒吧，要了NaN杯Null 一个测试工程师走进一家酒吧，要了2^32杯啤酒 一个测试工程师走进一家酒吧，要了一杯烫烫烫的锟斤拷 一个测试工程师走进一家酒吧，要了一份asdfQwer@24dg!&*(@ 一个测试工程师化装成老板走进一家酒吧，要了500杯啤酒并且不付钱 1T测试工程师冲进一家酒吧，要了500T啤酒咖啡洗脚水野猫狼牙棒奶茶 一个测试工程师走进一家酒吧，又走出去又从窗户进来又从后门出去从下水道钻进来 一个测试工程师走进一家酒吧，又走出去又进来又出去又进来又出去，最后在外面把老板打了一顿 测试工程师们满意地离开了酒吧。 然后一名顾客点了一份炒饭，酒吧炸了。。
Bug是如何产生的？,最好可以通俗的解释一下！显示全部,请出一组有点久远的图片。 --------- 客户是这样描述需求的 项目经理是这样理解的 设计出来是这样的 开发出来的是这样的 测试的时候是这样的 顾问是这样形容的 实施是这样的 顾客得到的是这个样子的 顾客真正想要的是这个样子的
Bug是如何产生的？,最好可以通俗的解释一下！显示全部,飞机上，乌鸦对乘务员说：给爷来杯水！ 猪听后也学道：给爷也来杯水！ 生气的乘务员把猪和乌鸦扔出机舱。 乌鸦笑着对猪说：傻了吧？爷会飞！ （出现BUG）这时，猪伸出翅膀扑哧扑哧问道：你说什么？ （修改BUG后）乘务员发现自己莫名其妙在飞机外飞，同时还给乌鸦和猪两杯水，而且三个飞得比飞机还快......
Bug是如何产生的？,最好可以通俗的解释一下！显示全部,理发师：我给这个村里所有不给自己理发的人理发。 bug：理发师给不给自己理发？ 补丁：给村里所有不给自己理发的人(不含理发师自己理发。) 测试：七大姑八大姨都来理发试试 用户：给我的牛理个发。
Bug是如何产生的？,最好可以通俗的解释一下！显示全部,根据我从业十五年的经验，bug一共就三种原因： 我艹，没想到！ 我艹，打错了！ 我艹，你没告诉我啊！
Bug是如何产生的？,最好可以通俗的解释一下！显示全部,之前在网上看到一组关于程序员的漫画，觉得用来回来这个问题很贴切！侵删 最后和程序员身边的朋友们嘱咐一句，就算程序员的工位再乱，也不要帮他整理。否则，当心会毁灭世界哦 -----------------------------------------我是分割线----------------------------------------- 请各位大佬支持一下我的这篇原创问答：
为什么祖传代码被称为「屎山」？,无详细描述,一个有趣的事情， 一个哥们上班时忽然怒气冲天，大声质问这TM谁写的代码，这么明显的bug都能出，还不写注释，当时项目组的码农们都心惊胆战，不敢说话，害怕把自己揪出来示众。 项目经理听到发话了：XX，你查一下SVN记录，查出来全公司通报，扣他年终奖。 这哥们：我已经在查了.... 过了几分钟...... 这哥们：不可能吧，这怎么可能呢？ 大家都凑了过去，发现这段代码是这哥们一年前自己提交的。 为了避免过度尴尬，大家都没再提这个事情。 --------------------------------------------------- 回到问题，是的，都是一堆臭屎，不做记号的话，还真分不出来是不是自己拉的。
为什么祖传代码被称为「屎山」？,无详细描述,直到改出了 bug，才知道原来某行代码是干这个用的 n天后，我擦，那行代码不止干了这个 又n天后，我擦，这种代码不止一行 又n天后，妈的，老子也搞上去了几行
为什么祖传代码被称为「屎山」？,无详细描述,就类似于我当时还在某家运营商当装维的时候，某天去一家购物广场地下室的机房看见的 注:这还只是一部分，另外两家运营商在这个机房的光纤也这样，整个机房的光纤就像一大滩意大利面一样淌在地上、挂在天上。 三家运营商的光纤你中有我，我中有你。组成了一个光纤意大利面大乱炖海洋，里面还有无数的分光器像配菜一般点缀其间
为什么祖传代码被称为「屎山」？,无详细描述,最近公司的电梯出了问题，平常从1层到8层都畅通无阻的电梯，偏偏在经过4楼时神秘的跳过了这一层。 原本负责修理电梯的老程序员已经被扔进电梯井了，所以老板决定由你全盘负责电梯的修理和维护。 你简单研究了下这部电梯，似乎初步找出了问题的关键所在。 这部电梯的1层到4层是一个老程序员修建的，而后面的5到8层则来自于另一位跟你水平相仿的程序员。 这也就是说，问题很大可能正是来自于4层到5层的接缝处，随着公司大楼的不断加高，原本生效的程序发生了某些错误的吻合，才导致4层被神秘的“跳过”。 了解了问题所在，你立刻开始针对性的开展工作，在你的妙手回春下，你和你的老板一起眼睁睁的看着电梯不可逆转的上升，向上、向上，甚至还顶破了8层的天花板，在一众员工的众目睽睽下消失在了高空之中…… 显然，问题从来不会这么简单的解决，你决定研究下那些延伸进钢筋混凝土深处的钢索，刚研究没多久，公司的女同事就过来对你破口大骂——因为电梯的钢索会影响厕所换气扇和电灯的开关，让整个厕所像极了三流鬼片的拍摄现场。 你开始意识到问题可能稍稍超出了你的想象，面对老板的不断催促，你只能赶鸭子上架般拿出了你的最终方案: 1.要求前往4楼的人站在电梯的后半部分。 2.在电梯下方安装滑梯。 3.将电梯后半部分的地板换成活版门，当检测到有人按4楼时，在5楼开启活版门。 4.最重要的一步，关闭电梯内部的光源，将电梯变成后来人看不明白的黑箱，也就没人会来找你的麻烦了。 虽然有些员工抱怨前往4楼时会遇到匪夷所思的失重感，但这无伤大雅的问题跟4楼的恢复使用又能算得上什么呢？ 你唯一需要知道的就是，你成功的解决了公司的问题，你的薪水翻了三番，而且你因为业务能力出色被调到了跟程序毫无关系的领导岗位，甚至还跟前一任修理电梯的员工当上了同事( ) 至于你问那个电梯？要相信后人的智慧。 而“去4楼只能站在电梯的后半部分”则变成了一个公司的都市怪谈，没人知道这古怪的规定是如何生效的。 但它正在客观实在的发生，不是吗？
为什么祖传代码被称为「屎山」？,无详细描述,有一天，有几条虫子，干扰了老板赚钱，老板希望你能抓住它们。 你带着年轻的锐气，青春的活力，学艺多年积累的程序设计艺术，打开了公司的代码仓库。 远看，似乎一个运转的机器，巨大的代码堆积在一起形成了大致的轮廓，蠕动着前进。 凑近了一看，在不净的框架中，乱码般的语句在运转，像生了麻风病的蛞蝓一样在喷吐，粘稠的水在流动，而穿着格子衫的人群则在焰柱旁围成了一个半圆，这就是码农的仪式。他们环绕着那不可名状植物，不断的伸手进去拨弄，又不断的掏出一些东西填上去，使他堆的更高，为了防止倒塌，又掏出黏糊糊的糊糊，用力的涂抹，试图把它们黏在一起。 这是一个前人留下的屎堆起来的一个克苏鲁缝合怪，看起来摇摇欲坠，有无数的虫子爬来爬去。但勉强堆起了山一样的形体，蠕动着为老板赚钱。 你满心热血，要对这座山进行清理，使它成为一个鲁棒的钢铁巨兽，可以随时更换最新的部件，奔腾如飞，坚固异常，带着兄弟们走向人生巅峰。 你经过缜密的分析，顺着虫子留下的痕迹，终于找到了问题的源头，发现一坨很多年前某码农因为时代局限或者水平有限拉的陈年旧屎，你觉得只要对它改良一下，梳理清楚结构，加强判断与容错，就可以变化成一个钢铁部件，让这坨怪物离巨兽更近一步。 你用力的挖掘其中的信息，却发现，事情没有那么简单，这一坨实际上不是孤立的一坨，而是和整个山体融合在一起。或者说，这座山实际上是一坨坨粘稠滑腻的克苏鲁，通过无数的触角和粘液连接在了一起，这些克苏鲁伸出无数的触角，伸进这座山体中未知的角落。 有看起来结构相同，但是出现了几十上百次的重复逻辑。有无数道不知道伸向何处的判断分支。有七零八落到处都是又无法解释的神秘数字。有从表面直接伸向最底层的神秘调用。还有猜不出，看不懂，无法预计什么时候会触发，什么时候会爆发的无数定时器。还有无数神秘的线程在独立的挂在那里，猜不出哪个什么时候会忽然启动，什么时候会忽然挂起，什么时候会忽然互相抢资源而死锁，哪些资源会莫名其妙的被改动。神秘的链接，神秘的任务队列，神秘的池，神秘的环形缓存，神秘的堆栈。 他们耦合在一起，互相支撑，构成了一坨更大的克苏鲁屎怪，缓慢的蠕动。 你极其困难的清理和修改了其中的一点点内容，让这一点点的内容脱离出耦合态，看起来清晰一点。结果，忽然屎山对面十万八千行外，你永远意想不到的一块功能，忽然挂了。一个你完全在工作上没接触过的同事，通过他的盘查，发现是他维护的一个函数/方
为什么祖传代码被称为「屎山」？,无详细描述,有一天，有几条虫子，干扰了老板赚钱，老板希望你能抓住它们。 你带着年轻的锐气，青春的活力，学艺多年积累的程序设计艺术，打开了公司的代码仓库。 远看，似乎一个运转的机器，巨大的代码堆积在一起形成了大致的轮廓，蠕动着前进。 凑近了一看，在不净的框架中，乱码般的语句在运转，像生了麻风病的蛞蝓一样在喷吐，粘稠的水在流动，而穿着格子衫的人群则在焰柱旁围成了一个半圆，这就是码农的仪式。他们环绕着那不可名状植物，不断的伸手进去拨弄，又不断的掏出一些东西填上去，使他堆的更高，为了防止倒塌，又掏出黏糊糊的糊糊，用力的涂抹，试图把它们黏在一起。 这是一个前人留下的屎堆起来的一个克苏鲁缝合怪，看起来摇摇欲坠，有无数的虫子爬来爬去。但勉强堆起了山一样的形体，蠕动着为老板赚钱。 你满心热血，要对这座山进行清理，使它成为一个鲁棒的钢铁巨兽，可以随时更换最新的部件，奔腾如飞，坚固异常，带着兄弟们走向人生巅峰。 你经过缜密的分析，顺着虫子留下的痕迹，终于找到了问题的源头，发现一坨很多年前某码农因为时代局限或者水平有限拉的陈年旧屎，你觉得只要对它改良一下，梳理清楚结构，加强判断与容错，就可以变化成一个钢铁部件，让这坨怪物离巨兽更近一步。 你用力的挖掘其中的信息，却发现，事情没有那么简单，这一坨实际上不是孤立的一坨，而是和整个山体融合在一起。或者说，这座山实际上是一坨坨粘稠滑腻的克苏鲁，通过无数的触角和粘液连接在了一起，这些克苏鲁伸出无数的触角，伸进这座山体中未知的角落。 有看起来结构相同，但是出现了几十上百次的重复逻辑。有无数道不知道伸向何处的判断分支。有七零八落到处都是又无法解释的神秘数字。有从表面直接伸向最底层的神秘调用。还有猜不出，看不懂，无法预计什么时候会触发，什么时候会爆发的无数定时器。还有无数神秘的线程在独立的挂在那里，猜不出哪个什么时候会忽然启动，什么时候会忽然挂起，什么时候会忽然互相抢资源而死锁，哪些资源会莫名其妙的被改动。神秘的链接，神秘的任务队列，神秘的池，神秘的环形缓存，神秘的堆栈。 他们耦合在一起，互相支撑，构成了一坨更大的克苏鲁屎怪，缓慢的蠕动。 你极其困难的清理和修改了其中的一点点内容，让这一点点的内容脱离出耦合态，看起来清晰一点。结果，忽然屎山对面十万八千行外，你永远意想不到的一块功能，忽然挂了。一个你完全在工作上没接触过的同事，通过他的盘查，发现是他维护的一个函数/方
为什么祖传代码被称为「屎山」？,无详细描述,几年的代码也好意思叫shit山？这种东西得在微软/电信公司这种toB地方才恐怖。 我司有些代码我正好要升级gcc版本，要试试转docker踢到云上去，然而这批代码写于2000年前，那个酸爽哦。最早的部分可能写于1980年代bell实验室，第一批维护升级做需求的人早就退休了，第二批也退休了，每一行代码动起来都胆战心惊。 这会出现什么结果呢，重构花费时间极长，但是b端客户对稳定性和可升级性的需求不是普通客户能比，所以历代开发在这个坑上只能采取坑上盖板子这样的方式继续开发，坑传个10年20年，从底子上来看问题多太正常了。质量全是靠工程手段维持。框架稀里哗啦，代码风格迥异，逻辑不知道干什么，早期代码没有注释，指针到处乱来，文档有一本砖头一样厚的90年代开发指南，那感觉，嘿嘿嘿。
为什么祖传代码被称为「屎山」？,无详细描述,"第0天，你发现电灯开关离床很远，每次睡觉关灯都很麻烦，于是把电灯开关封锁起来，从里面拉了一条连杆到床头，用机械传动的方法缩短了睡眠区域和开关操作区域之间的距离。 第1天，你觉得这样还是太远，打算再把它改造成遥控的，于是你做好了自动按按钮的装置和遥控器。此时你面临三种选择: 0.直接把装置装在新按钮上 1.把连杆拆了，把装置装在旧按钮上 2.把旧按钮拆了，换成传感器 你想了想，好不容易做好了，不用多可惜，于是选择了0。 第2天，遥控器不见了，你找了老半天才找着，心想这遥控器好是好，就是容易丢，于是一气之下用强力胶把它粘在了地上。 你冷静下来一想，不对啊，直接在床上合适的位置搭个小桌板，把遥控器固定在那上面不就行了？ 真聪明，可惜现在遥控器死死黏在了地上，要想扒下来就得把整个地板拆掉。 好巧不巧，你在某宝上发现一个电动伸缩器，一接到信号，就会像一根手指一样伸出来，然后缩回去。 你大喜过望，赶快买来了伸缩器，吊在旧遥控器正上方，再量好了自己睡眠时手的位置，在那里搭了个小桌板，把伸缩器的遥控器粘在上面。这样，你睡觉之前只需要按一下小桌板上的遥控器的按钮，伸缩器就会按一下地板上的遥控器的按钮，旋转器就会挤压连杆末端的元件，连杆就会移动，按下电灯开关，电灯就会关掉。 第3天，你感觉这小桌板硌得慌，于是把床平移了一段距离，清空空中空间。但这样，按钮又太远了。于是你去某宝买了个声控灯和一块黑色的幕布，罩在小桌板上遮住新遥控器，又给伸缩器装了温度传感器。睡觉前只需拍拍手，声控灯就会亮起，幕布内的空间就会升温，温度传感器就会监测到升温,伸缩器就会按下地板上的遥控器的按钮，旋转器就会挤压连杆末端的元件，连杆就会移动，按下电灯开关，电灯就会关掉。 第4天,你发现最近气温变化迅速,温度传感器总是误报。于是你接了一台电脑、一个机械臂、一个视频识别仪,每隔一秒,机械臂就会操作电脑刷新显示实时的外界温度的网页,再由识别仪扫描电脑屏幕,读出温度数字,由此刷新温度基准值。于是现在,睡觉前只需拍拍手,声控灯就会亮起，幕布内的空间就会升温，温度传感器就会监测到幕布内和外界温度的差值超过了阈值,伸缩器就会按下地板上的遥控器的按钮，旋转器就会挤压连杆末端的元件，连杆就会移动，按下电灯开关，电灯就会关掉。 第5天，你发现声控灯时常因为环境噪音误启动，但又没有说明书，不知道怎样把它拆开来调整启动的分贝阈值，于是又"
为什么祖传代码被称为「屎山」？,无详细描述,"第0天，你发现电灯开关离床很远，每次睡觉关灯都很麻烦，于是把电灯开关封锁起来，从里面拉了一条连杆到床头，用机械传动的方法缩短了睡眠区域和开关操作区域之间的距离。 第1天，你觉得这样还是太远，打算再把它改造成遥控的，于是你做好了自动按按钮的装置和遥控器。此时你面临三种选择: 0.直接把装置装在新按钮上 1.把连杆拆了，把装置装在旧按钮上 2.把旧按钮拆了，换成传感器 你想了想，好不容易做好了，不用多可惜，于是选择了0。 第2天，遥控器不见了，你找了老半天才找着，心想这遥控器好是好，就是容易丢，于是一气之下用强力胶把它粘在了地上。 你冷静下来一想，不对啊，直接在床上合适的位置搭个小桌板，把遥控器固定在那上面不就行了？ 真聪明，可惜现在遥控器死死黏在了地上，要想扒下来就得把整个地板拆掉。 好巧不巧，你在某宝上发现一个电动伸缩器，一接到信号，就会像一根手指一样伸出来，然后缩回去。 你大喜过望，赶快买来了伸缩器，吊在旧遥控器正上方，再量好了自己睡眠时手的位置，在那里搭了个小桌板，把伸缩器的遥控器粘在上面。这样，你睡觉之前只需要按一下小桌板上的遥控器的按钮，伸缩器就会按一下地板上的遥控器的按钮，旋转器就会挤压连杆末端的元件，连杆就会移动，按下电灯开关，电灯就会关掉。 第3天，你感觉这小桌板硌得慌，于是把床平移了一段距离，清空空中空间。但这样，按钮又太远了。于是你去某宝买了个声控灯和一块黑色的幕布，罩在小桌板上遮住新遥控器，又给伸缩器装了温度传感器。睡觉前只需拍拍手，声控灯就会亮起，幕布内的空间就会升温，温度传感器就会监测到升温,伸缩器就会按下地板上的遥控器的按钮，旋转器就会挤压连杆末端的元件，连杆就会移动，按下电灯开关，电灯就会关掉。 第4天,你发现最近气温变化迅速,温度传感器总是误报。于是你接了一台电脑、一个机械臂、一个视频识别仪,每隔一秒,机械臂就会操作电脑刷新显示实时的外界温度的网页,再由识别仪扫描电脑屏幕,读出温度数字,由此刷新温度基准值。于是现在,睡觉前只需拍拍手,声控灯就会亮起，幕布内的空间就会升温，温度传感器就会监测到幕布内和外界温度的差值超过了阈值,伸缩器就会按下地板上的遥控器的按钮，旋转器就会挤压连杆末端的元件，连杆就会移动，按下电灯开关，电灯就会关掉。 第5天，你发现声控灯时常因为环境噪音误启动，但又没有说明书，不知道怎样把它拆开来调整启动的分贝阈值，于是又"
为什么祖传代码被称为「屎山」？,无详细描述,之所以被成为屎山，因为你一碰，就会屎山爆发，那画面……不忍直视！ 当你看到祖传代码时： 当你尝试改动时，只删了一行代码时，可能会发生下面这种情况 有句话，说的非常好：祖传代码就像一座很大的屎山，你见过的最大的山，每次你想修正一个bug，你的工作就是爬到屎山的正中心去！
王小波的计算机水平有多好？,王小波的计算机水平到底有多好，在王小波自己的小说中，王小波非常骄傲地说，写书的软件都是自己编写的，王小波是自学的还是教的？都会什么语言？ 谢谢各位！！显示全部,以下文字都是我本人写的。为了让阅读方便，减少模糊性。我在文中以第三人视角描述。 而不用“我舅舅“，”我姥姥“，”我大舅舅“，”我小舅舅“之类的称呼。 这是一个十几年软件工程师的习惯而已。 我舅舅是王小波。我是个禁不住人肉的老百姓。资质平庸。 王小波一篇《我是怎样做青年思想工作》的杂文在我青年单身适龄的年代，给我个人做了最大程度的广告。算是他老人家留给我最宝贵的遗产之一。 除此之外，还有他那台用了很久的PC，在他去世前一年送了我。 他是汇编高手。自己用汇编写了DOS下的汉字输入法。输入法有个功能，可以加4声。 一般拼音输入法没有这功能。这需要普通话读音正确的使用者。90年代总共也没几种汉字输入法。看过他用自己输入法打汉字。速度几乎和盲打英文一样。那时候我大学，正在疯狂苦练吉他。并没有弄懂他用了何种技术。虽然我从小学也用Z80和APPLE II 做些机器码编程做游戏。但到了中学为了高考，计算机就荒废了。 他人生最后几年，WINDOWS 3.2开始普及。然后是WIN95。 他开始从DOS转向WIN32 SDK编程。最终非常任性地熬夜苦干了很长时间，把输入法转为WIN32 SDK 在WINDOWS下正常工作。当时WINDOWS已经有不少汉字输入法。 尤其到了WIN95时代。 他这么做也只是出于兴趣而不是在DOS时代的必须。就WIN32 SDK我们还讨论过一些。那时候win32 sdk真的是很难用。主要是互联网还没有（我是96年后用上的），资料很少。匈牙利命名法陌生。WIN32的体系和DOS大相径庭。全部都很陌生。而且完全抛弃了DOS那套东西。所有90年代DOS底层程序员向WIN32的迁徙都是一部血泪史。 他人生最后一年，多媒体开始普及。光驱，声卡，2D加速卡普及。95-96年他开始和我合计做多媒体出版。原因现在想起来很悲伤 ------ 他的书很难在大陆出版 。 他不得不想办法让他的作品能够让更多人看见。而平时维持生计，只能忍着严重的痔疮，每日给各种杂志写杂文稿件。 多媒体的兴起，让他感觉也许可以利用他的技术优势，自行制作电子出版物。配上插图，音乐，用电子书籍方式可以让自己作品为大众所见。他给我看了已经制作了一部分的DEMO。就和现在用Micromedia多媒体制作软件制作的电子多媒体制品很像。电子书内容是黄金时代。有图案的背景。按空格可以翻页。同时有音乐。好像偶尔还会有一
王小波的计算机水平有多好？,王小波的计算机水平到底有多好，在王小波自己的小说中，王小波非常骄傲地说，写书的软件都是自己编写的，王小波是自学的还是教的？都会什么语言？ 谢谢各位！！显示全部,以下文字都是我本人写的。为了让阅读方便，减少模糊性。我在文中以第三人视角描述。 而不用“我舅舅“，”我姥姥“，”我大舅舅“，”我小舅舅“之类的称呼。 这是一个十几年软件工程师的习惯而已。 我舅舅是王小波。我是个禁不住人肉的老百姓。资质平庸。 王小波一篇《我是怎样做青年思想工作》的杂文在我青年单身适龄的年代，给我个人做了最大程度的广告。算是他老人家留给我最宝贵的遗产之一。 除此之外，还有他那台用了很久的PC，在他去世前一年送了我。 他是汇编高手。自己用汇编写了DOS下的汉字输入法。输入法有个功能，可以加4声。 一般拼音输入法没有这功能。这需要普通话读音正确的使用者。90年代总共也没几种汉字输入法。看过他用自己输入法打汉字。速度几乎和盲打英文一样。那时候我大学，正在疯狂苦练吉他。并没有弄懂他用了何种技术。虽然我从小学也用Z80和APPLE II 做些机器码编程做游戏。但到了中学为了高考，计算机就荒废了。 他人生最后几年，WINDOWS 3.2开始普及。然后是WIN95。 他开始从DOS转向WIN32 SDK编程。最终非常任性地熬夜苦干了很长时间，把输入法转为WIN32 SDK 在WINDOWS下正常工作。当时WINDOWS已经有不少汉字输入法。 尤其到了WIN95时代。 他这么做也只是出于兴趣而不是在DOS时代的必须。就WIN32 SDK我们还讨论过一些。那时候win32 sdk真的是很难用。主要是互联网还没有（我是96年后用上的），资料很少。匈牙利命名法陌生。WIN32的体系和DOS大相径庭。全部都很陌生。而且完全抛弃了DOS那套东西。所有90年代DOS底层程序员向WIN32的迁徙都是一部血泪史。 他人生最后一年，多媒体开始普及。光驱，声卡，2D加速卡普及。95-96年他开始和我合计做多媒体出版。原因现在想起来很悲伤 ------ 他的书很难在大陆出版 。 他不得不想办法让他的作品能够让更多人看见。而平时维持生计，只能忍着严重的痔疮，每日给各种杂志写杂文稿件。 多媒体的兴起，让他感觉也许可以利用他的技术优势，自行制作电子出版物。配上插图，音乐，用电子书籍方式可以让自己作品为大众所见。他给我看了已经制作了一部分的DEMO。就和现在用Micromedia多媒体制作软件制作的电子多媒体制品很像。电子书内容是黄金时代。有图案的背景。按空格可以翻页。同时有音乐。好像偶尔还会有一
王小波的计算机水平有多好？,王小波的计算机水平到底有多好，在王小波自己的小说中，王小波非常骄傲地说，写书的软件都是自己编写的，王小波是自学的还是教的？都会什么语言？ 谢谢各位！！显示全部,这个月有两个人被拿出来隆重纪念，都是早就计划好的。 一个是张国荣，一个是王小波。 你得承认不少人是在张国荣自杀之后才听说并喜欢上这个“哥哥”，王小波也一样，97年他死得很突然，名声也在身后突然爆炸了起来。 1994年，王小波的《黄金时代》终于在大陆出版了，华夏出版社搞了一个研讨会，一共只有20多个人参加，李银河亲自上阵做了会议记录。 1994年也是中国互联网元年，中科院高能物理所第一个接入了互联网，丁磊从同学那里借来了一个账号登上了yahoo，张朝阳从MIT回国，王志东创办四通利方，马云创办海博翻译社并在美国第一次看到了互联网，张小龙也是那一年毕业直接辞掉了电信局的工作去了广州。 如果你在那个时候搞一个互联网研讨会，估计能到场的也就是20多人。 说不定里面就有王小波。 1992年前后，王小波写了两年“科技博客” 知乎网友Vernsu把王小波作品、书信里面和计算机、互联网有关的信息全都摘录出来做了一个网页，大家可以点击 王小波和编程 查看全文。 一共18条，其中14条写于1991年春节后到1993年春节前这两年时间里。1992年“更新”最为频繁，王小波写了自己做统计软件、输入法的事情，还有购买、维修计算机的经验之谈。 从中能看出来王小波是在美国读研究生期间接触的计算机，回国之后在人大负责一个计算机室，但是因为软件奇缺，又要做一些社会学研究的东西，所以开始自己接触编程。 王小波先后学了Fortran、汇编语言和C语言。为了做出软件需要的中文窗口和在电脑上输入自己的小说，他参考严氏拼音做了自己的输入法，实现了自定义拼音字库、输入后再修改这样的“高级功能”。 因为王小波的IBM PC/XT内存很小，李银河又不准他花钱买新的，所以他费了很大精力把软件的大小控制在55K以内，这让他很得意。但是因为turbo.c的原因，软件兼容性不太好，而且图形显示的速度一直不行，让他承认自己技不如人。 如果当时有互联网让王小波可以把这些文字共享出来，那他可以称得上是中国第一代科技博客作者。 但是1995年，中国接通互联网后不久，王小波的“科技博客”却停止更新了，最后一条是： 本来中国有几个国内网发展得很快，现在又出了问题，谁要上Internet，必须到有关部门去登记，留个案底，以备当局监控，很有一点监狱的气味。我还不想找这份麻烦，再说，通过ChinaNet联网，每月也要交七八百的月费，我也没有
王小波的计算机水平有多好？,王小波的计算机水平到底有多好，在王小波自己的小说中，王小波非常骄傲地说，写书的软件都是自己编写的，王小波是自学的还是教的？都会什么语言？ 谢谢各位！！显示全部,这个月有两个人被拿出来隆重纪念，都是早就计划好的。 一个是张国荣，一个是王小波。 你得承认不少人是在张国荣自杀之后才听说并喜欢上这个“哥哥”，王小波也一样，97年他死得很突然，名声也在身后突然爆炸了起来。 1994年，王小波的《黄金时代》终于在大陆出版了，华夏出版社搞了一个研讨会，一共只有20多个人参加，李银河亲自上阵做了会议记录。 1994年也是中国互联网元年，中科院高能物理所第一个接入了互联网，丁磊从同学那里借来了一个账号登上了yahoo，张朝阳从MIT回国，王志东创办四通利方，马云创办海博翻译社并在美国第一次看到了互联网，张小龙也是那一年毕业直接辞掉了电信局的工作去了广州。 如果你在那个时候搞一个互联网研讨会，估计能到场的也就是20多人。 说不定里面就有王小波。 1992年前后，王小波写了两年“科技博客” 知乎网友Vernsu把王小波作品、书信里面和计算机、互联网有关的信息全都摘录出来做了一个网页，大家可以点击 王小波和编程 查看全文。 一共18条，其中14条写于1991年春节后到1993年春节前这两年时间里。1992年“更新”最为频繁，王小波写了自己做统计软件、输入法的事情，还有购买、维修计算机的经验之谈。 从中能看出来王小波是在美国读研究生期间接触的计算机，回国之后在人大负责一个计算机室，但是因为软件奇缺，又要做一些社会学研究的东西，所以开始自己接触编程。 王小波先后学了Fortran、汇编语言和C语言。为了做出软件需要的中文窗口和在电脑上输入自己的小说，他参考严氏拼音做了自己的输入法，实现了自定义拼音字库、输入后再修改这样的“高级功能”。 因为王小波的IBM PC/XT内存很小，李银河又不准他花钱买新的，所以他费了很大精力把软件的大小控制在55K以内，这让他很得意。但是因为turbo.c的原因，软件兼容性不太好，而且图形显示的速度一直不行，让他承认自己技不如人。 如果当时有互联网让王小波可以把这些文字共享出来，那他可以称得上是中国第一代科技博客作者。 但是1995年，中国接通互联网后不久，王小波的“科技博客”却停止更新了，最后一条是： 本来中国有几个国内网发展得很快，现在又出了问题，谁要上Internet，必须到有关部门去登记，留个案底，以备当局监控，很有一点监狱的气味。我还不想找这份麻烦，再说，通过ChinaNet联网，每月也要交七八百的月费，我也没有
王小波的计算机水平有多好？,王小波的计算机水平到底有多好，在王小波自己的小说中，王小波非常骄傲地说，写书的软件都是自己编写的，王小波是自学的还是教的？都会什么语言？ 谢谢各位！！显示全部,说说我自己的理解。 王小波，新中国历史上最早的程序员之一，小说圈中的Geek！ 早在90年，王小波就自学编程、C等语言 独立研发了中文编辑器和输入法 靠买软件赚了一大笔钱 深受很多中关村老板的喜爱 纷纷邀请他做资深程序员 当时的马化腾还蛰伏在深圳电信，腾讯还没有影子，马云还在思考中国黄页的出路，李彦宏还在加州的院子里种菜养花，日后统率中国互联网的BAT连一个萌芽都算不上啊！ 这位神奇的程序员 究竟有着怎样的职场故事？ 他是如何做到从编程到文学的无缝跨越的？ 且看下文 王小波，骨子里有着极客的精神 早在90年代初，王小波就接触了计算机。1988年，他毕业于美国匹兹堡大学东亚研究中心，获硕士学位，那时就知道Macintosh，玩过IBMPS/2。 90年，学习FORTRAN，开始进行数据统计，并开始在北大教统计学。 91年，搞了个用调整字模发生器方法输出汉字的系统 92年开始自学C，做出了各种写小说的工具。 93年开始搞汇编，“下决心买了一台286，这些日子在改造软件，作了不少汇编工作。其核心是它在虚拟保护方式(virtual address protected)下工作，以便利扩展内存(expandedmemory)”。 …… 没有理想的应用软件，那就自己创造 早期，因为国内应用软件缺乏，尤其是中文编辑器和输入法。很喜欢写文字的王小波，就琢磨着，能不能自己编一套出来。说干就干，爱捣鼓东西的王小波就利用闲暇时间学习了FORTRAN，汇编，C等各种语言，接着又学习了数据结构，算法的相关知识，还有编译原理，终于创造出了中文编辑器和输入法。 在当时，这两个软件中的任何一个，都是大牛级的Geek才会去尝试的东西。这对一个当时爱写文字的他来说，简直天方夜谭，而且，类似的中文编辑器也就严援朝的CCDOS和求伯君WPS1.0，都是个人倾毕生所学以及背后的长城公司、金山公司投入大量的人力物力的结果。 通过卖软件，王小波也赚了一些钱，这算是最早的商业模式了。很多中关村老板，纷纷向王小波投去橄榄枝，邀请他加入公司做一名资深程序员，但被他一一拒绝。 有钱了干嘛？给自己投资呗。 身后这台就是王小波花大价钱买的286。王小波高兴得一塌糊涂，特意拍下了一张合照。 在当年3月份的日记中对此有翔实的记述，行文之间，甚是得意： “我终于下决心买了一台286，这些日子在改造软件，作了不少汇编工作。现在终于完
王小波的计算机水平有多好？,王小波的计算机水平到底有多好，在王小波自己的小说中，王小波非常骄傲地说，写书的软件都是自己编写的，王小波是自学的还是教的？都会什么语言？ 谢谢各位！！显示全部,说说我自己的理解。 王小波，新中国历史上最早的程序员之一，小说圈中的Geek！ 早在90年，王小波就自学编程、C等语言 独立研发了中文编辑器和输入法 靠买软件赚了一大笔钱 深受很多中关村老板的喜爱 纷纷邀请他做资深程序员 当时的马化腾还蛰伏在深圳电信，腾讯还没有影子，马云还在思考中国黄页的出路，李彦宏还在加州的院子里种菜养花，日后统率中国互联网的BAT连一个萌芽都算不上啊！ 这位神奇的程序员 究竟有着怎样的职场故事？ 他是如何做到从编程到文学的无缝跨越的？ 且看下文 王小波，骨子里有着极客的精神 早在90年代初，王小波就接触了计算机。1988年，他毕业于美国匹兹堡大学东亚研究中心，获硕士学位，那时就知道Macintosh，玩过IBMPS/2。 90年，学习FORTRAN，开始进行数据统计，并开始在北大教统计学。 91年，搞了个用调整字模发生器方法输出汉字的系统 92年开始自学C，做出了各种写小说的工具。 93年开始搞汇编，“下决心买了一台286，这些日子在改造软件，作了不少汇编工作。其核心是它在虚拟保护方式(virtual address protected)下工作，以便利扩展内存(expandedmemory)”。 …… 没有理想的应用软件，那就自己创造 早期，因为国内应用软件缺乏，尤其是中文编辑器和输入法。很喜欢写文字的王小波，就琢磨着，能不能自己编一套出来。说干就干，爱捣鼓东西的王小波就利用闲暇时间学习了FORTRAN，汇编，C等各种语言，接着又学习了数据结构，算法的相关知识，还有编译原理，终于创造出了中文编辑器和输入法。 在当时，这两个软件中的任何一个，都是大牛级的Geek才会去尝试的东西。这对一个当时爱写文字的他来说，简直天方夜谭，而且，类似的中文编辑器也就严援朝的CCDOS和求伯君WPS1.0，都是个人倾毕生所学以及背后的长城公司、金山公司投入大量的人力物力的结果。 通过卖软件，王小波也赚了一些钱，这算是最早的商业模式了。很多中关村老板，纷纷向王小波投去橄榄枝，邀请他加入公司做一名资深程序员，但被他一一拒绝。 有钱了干嘛？给自己投资呗。 身后这台就是王小波花大价钱买的286。王小波高兴得一塌糊涂，特意拍下了一张合照。 在当年3月份的日记中对此有翔实的记述，行文之间，甚是得意： “我终于下决心买了一台286，这些日子在改造软件，作了不少汇编工作。现在终于完
王小波的计算机水平有多好？,王小波的计算机水平到底有多好，在王小波自己的小说中，王小波非常骄傲地说，写书的软件都是自己编写的，王小波是自学的还是教的？都会什么语言？ 谢谢各位！！显示全部,王小波在杂文集《沉默的大多数》中［科学的美好］这样写到： “我现在既不是化学家，也不是数学家，更不是物理学家。我靠写文章为生，与科技绝缘——只是有时弄弄计算机。这个行当我会得不少，从最低等的汇编语言到最新潮的C++全会写，硬件知识也有一些。但从我自己的利益来看，我还不如一点都不会，省得整夜不睡，鼓捣我的电脑，删东加西，最后把整个系统弄垮，手头又没有软件备份。” ------------------------------------------- 不得不说，《沉默的大多数》这本书读起来真的是拍案叫绝：
王小波的计算机水平有多好？,王小波的计算机水平到底有多好，在王小波自己的小说中，王小波非常骄傲地说，写书的软件都是自己编写的，王小波是自学的还是教的？都会什么语言？ 谢谢各位！！显示全部,计算机水平很高，恶搞水平更高，他不高兴的时候把命名都写成caonima1，caonima2，caonima3 ……
王小波的计算机水平有多好？,王小波的计算机水平到底有多好，在王小波自己的小说中，王小波非常骄傲地说，写书的软件都是自己编写的，王小波是自学的还是教的？都会什么语言？ 谢谢各位！！显示全部,补充 @王二 ： 王小波是个神人，统计、计算机真不是白给的。 « COS论坛 王小波与他的好友间关于计算机和统计的一部分书信摘要。
王小波的计算机水平有多好？,王小波的计算机水平到底有多好，在王小波自己的小说中，王小波非常骄傲地说，写书的软件都是自己编写的，王小波是自学的还是教的？都会什么语言？ 谢谢各位！！显示全部,《姚勇：现在的社会要钱不要王小波》 转载自：南方人物周刊 原文链接: Ò¦ÓÂ£ºÏÖÔÚµÄÉç 作为外甥，他眼里的王小波是什么样子呢？这个王小波对他有什么样的影响呢？或许，能告诉我们另一面的王小波。 出事前不久，姚勇说，舅舅嘴唇的颜色已经变紫了，电话中也透露出不舒服的感觉。出事前两天半夜一点，姚勇接到姥姥的电话，老人仿佛有预感似地说，找不到王小波，可能是出事了。“当时我们都没当真，后来姥姥的弟弟出去寻找，在昌平的房子发现了尸体。” 4月11日早晨7点，姚勇还在睡觉，父亲接到了电话。姚勇匆匆和父亲一起赶到姥姥家，帮忙给剑桥网站管理员写信找远在英国读书的舅妈李银河——当时email还不是那么普及 人物·姚勇 “被王小波教育过的外甥”——在王《我怎样做青年的思想工作》一文中提到“天资聪明，虽然不甚用功，也考进了清华大学” “这孩子爱好摇滚音乐，白天上课，晚上弹吉它唱歌，还聚了几个同好，自称是在‘排演’，但使邻居感到悲愤；这主要是因为他的吉它上有一种名为噪声发生器的设备，可以弹出砸碎铁锅的声音。每逢考期临近，他就要熬夜突击准备功课；这样一来就找不着时间睡觉。几个学期下来，眼见得尖嘴猴腮，两眼乌青，瘦得可以飘起来。他还想毕业后以摇滚音乐为生。” 临近下班的姚勇疲态尽显，不时摘下眼镜狠狠地揉搓眼眶；尽管如此，面对镜头的眼神还是有些失去焦点。每天精神高度集中地工作以及经常熬夜写代码，让“疲惫”成了这个32岁IT青年的常态，一如其他所有努力拼搏、处于创业阶段的IT人士。 姚勇留着长发，这可能是他“IT青年”形象的唯一“破绽”。若干年前，他曾甩动长发，用吉它弹出令人兴奋的音符，引发台下阵阵尖叫。后来他一度成为国内著名演唱组合“水木年华”的主唱，他的形象出现在“水木年华”“新歌+精选3”专辑的封面上，这是该乐队唯一一次以三人形式出现。 姚勇的又一重身份是王小波的外甥，或者按照他朋友的说法，是“被王小波教育过的外甥”——在王《我怎样做青年的思想工作》（以下简称《思想工作》）一文中提到的“天资聪明，虽然不甚用功，也考进了清华大学”的那个外甥，就是姚勇。在王小波生前的最后几年里，姚勇是和他关系最密切的亲人之一；也正是因为王小波，促成了姚勇从手捧吉它到手握鼠标的转变。 思想工作者王小波 24岁前，姚勇的简历基本按照音乐人的标准写就——小学开始学习小提琴；初中进入军乐团、交响乐团；高中喜欢摇
怎样评价《数码宝贝》第一部中的泉光子郎的编程水平？,无详细描述,"受到 @夜路川 答主勇于用python进化自己室友的激励，我顺便深挖了一下《数码宝贝》第一部第五集中光子郎在电脑上敲出的代码，终于把原始代码跑了出来，视频在最后。 《数码宝贝》第一部第五集截图 虽然这段代码会自己乱动并让甲虫兽进化，显得狂拽酷炫吊炸天，但其实和第十集出现的代码是一模一样的（而动画里表现出的效果明显不同）。第十集里的代码反而看得更清楚一点。 《数码宝贝》第一部第十集截图 根据这张图抽出文本如下： 100 /* func sample. coast creation */ 110 float s 120 while s<1 or s>=2 130 input ""ratio 1 to 2"";s 140 endwhile 150 s = (s-1)/10+1 160 screen 1,2,1,1 170 s=sqr(s*s-1) 180 float x0=100, x1=412, y0=0, y1=0 190 fractal(x0,x1,y0,y1,1) 200 line(100, 50, 412, 50, 255, 65535) 210 end 220 func fractal(x0;float,x1;float,y0;float,y1;float,sp;int) 230 float l, r, x2, y2 240 l=sqr((x1-x0)*(x1-x0)+(y1-y0)*(y1-y0)) 250 if l<2 or sp>=9 then { 260 line(x0,y0/3+50,x1,y1/3+50,255,65535) : return() 270 } 280 r=rnd()+rnd()+rnd()-2 290 x2=(x0+x1)/2+s*(y1-y0)*r 300 y2=(y0+y1)/2+s*(x0-x1)*r 310 sp = sp + 1 320 fractal(x0,x2,y0,y2,sp) 330 fractal(x2,x1,y2,y1,sp) 340 endfunc 如果想重新原汁原味地运行这段代码，首先要明确它的语言和版本。注意到注释和变量定义的语法更接近C系语言，但还有endwhile、func、endfunc等关键字，可以确定这不是VB或者其他主流的BASIC系语言。但是代码行号的格式暴露了这货肯定是个远古产物，我本来想看看"
怎样评价《数码宝贝》第一部中的泉光子郎的编程水平？,无详细描述,"受到 @夜路川 答主勇于用python进化自己室友的激励，我顺便深挖了一下《数码宝贝》第一部第五集中光子郎在电脑上敲出的代码，终于把原始代码跑了出来，视频在最后。 《数码宝贝》第一部第五集截图 虽然这段代码会自己乱动并让甲虫兽进化，显得狂拽酷炫吊炸天，但其实和第十集出现的代码是一模一样的（而动画里表现出的效果明显不同）。第十集里的代码反而看得更清楚一点。 《数码宝贝》第一部第十集截图 根据这张图抽出文本如下： 100 /* func sample. coast creation */ 110 float s 120 while s<1 or s>=2 130 input ""ratio 1 to 2"";s 140 endwhile 150 s = (s-1)/10+1 160 screen 1,2,1,1 170 s=sqr(s*s-1) 180 float x0=100, x1=412, y0=0, y1=0 190 fractal(x0,x1,y0,y1,1) 200 line(100, 50, 412, 50, 255, 65535) 210 end 220 func fractal(x0;float,x1;float,y0;float,y1;float,sp;int) 230 float l, r, x2, y2 240 l=sqr((x1-x0)*(x1-x0)+(y1-y0)*(y1-y0)) 250 if l<2 or sp>=9 then { 260 line(x0,y0/3+50,x1,y1/3+50,255,65535) : return() 270 } 280 r=rnd()+rnd()+rnd()-2 290 x2=(x0+x1)/2+s*(y1-y0)*r 300 y2=(y0+y1)/2+s*(x0-x1)*r 310 sp = sp + 1 320 fractal(x0,x2,y0,y2,sp) 330 fractal(x2,x1,y2,y1,sp) 340 endfunc 如果想重新原汁原味地运行这段代码，首先要明确它的语言和版本。注意到注释和变量定义的语法更接近C系语言，但还有endwhile、func、endfunc等关键字，可以确定这不是VB或者其他主流的BASIC系语言。但是代码行号的格式暴露了这货肯定是个远古产物，我本来想看看"
怎样评价《数码宝贝》第一部中的泉光子郎的编程水平？,无详细描述,"2020年，光子郎用Python打开了数码宝贝世界的大门，也象征着我们的青春结束了。 不说别的，就看他写了什么。 坐标是数码宝贝第一部的第五集 这是和 黑安杜鲁兽 战斗时 光子郎用来进化甲虫兽的代码 发现这大概像一段VB代码。不敢确定。 根据诸位大佬的研究，光子郎的代码是X-Basic 破千了！！ 十分感谢各位大佬的抬爱。在各位大佬的指正下，把这个看不清楚写错的文本修正一下。 转文本如下： 100 /* func sample.coast creation */ 110 float s 120 while s<1 or s>=2 130 input ""ratio 1 to 2"";s 140 endwhile 150 s = (s-1)/10+1 160 screen 1,2,1,1 170 s=sqr(s*s-1) 180 float x0=100, x1=412, y0=0, y1=0 190 fractal(x0,x1,y0,y1,1) 200 line(100,50,412,50,255,65535) 210 end 220 func fractal(x0;float,x1;float,y0;float,y1;float,sp;int) 230 float l,r,x2,y2 240 l=sqr((x1-x0)*(x1-x0)+(y1-y0)*(y1-y0)) 250 if l<2 or sp>=9 then ( 260 line(x0,y0/3+50,x1,y1/3+50,255,65535) :return() 270 ) 280 r=rnd()+rnd()+rnd()-2 290 x2=(x0+x1)/2+s*(y1-y0)*r 300 y2=(y0+y1)/2+s*(x0-x1)*r 310 sp = sp + 1 320 fractal(x0,x2,y0,y2,sp) 330 fractal(x2,x1,y2,y1,sp) 340 endfunc 对这段代码的个人理解如下： 定义一个浮点数 s 当 s<1 或 s>=2 s = input(""ratio 1 to 2"") s = (s-1)/10+1 screen 估计是一个类？不知道有什么用 大佬指出 这是一个屏幕控制命令 sqr 估计是开方函数 s = s^2-1 定义四个浮点数 调用fracta"
怎样评价《数码宝贝》第一部中的泉光子郎的编程水平？,无详细描述,"2020年，光子郎用Python打开了数码宝贝世界的大门，也象征着我们的青春结束了。 不说别的，就看他写了什么。 坐标是数码宝贝第一部的第五集 这是和 黑安杜鲁兽 战斗时 光子郎用来进化甲虫兽的代码 发现这大概像一段VB代码。不敢确定。 根据诸位大佬的研究，光子郎的代码是X-Basic 破千了！！ 十分感谢各位大佬的抬爱。在各位大佬的指正下，把这个看不清楚写错的文本修正一下。 转文本如下： 100 /* func sample.coast creation */ 110 float s 120 while s<1 or s>=2 130 input ""ratio 1 to 2"";s 140 endwhile 150 s = (s-1)/10+1 160 screen 1,2,1,1 170 s=sqr(s*s-1) 180 float x0=100, x1=412, y0=0, y1=0 190 fractal(x0,x1,y0,y1,1) 200 line(100,50,412,50,255,65535) 210 end 220 func fractal(x0;float,x1;float,y0;float,y1;float,sp;int) 230 float l,r,x2,y2 240 l=sqr((x1-x0)*(x1-x0)+(y1-y0)*(y1-y0)) 250 if l<2 or sp>=9 then ( 260 line(x0,y0/3+50,x1,y1/3+50,255,65535) :return() 270 ) 280 r=rnd()+rnd()+rnd()-2 290 x2=(x0+x1)/2+s*(y1-y0)*r 300 y2=(y0+y1)/2+s*(x0-x1)*r 310 sp = sp + 1 320 fractal(x0,x2,y0,y2,sp) 330 fractal(x2,x1,y2,y1,sp) 340 endfunc 对这段代码的个人理解如下： 定义一个浮点数 s 当 s<1 或 s>=2 s = input(""ratio 1 to 2"") s = (s-1)/10+1 screen 估计是一个类？不知道有什么用 大佬指出 这是一个屏幕控制命令 sqr 估计是开方函数 s = s^2-1 定义四个浮点数 调用fracta"
怎样评价《数码宝贝》第一部中的泉光子郎的编程水平？,无详细描述,前方多图，流量预警 ———————————————————————— 友情提示，本文配合此音乐服用效果更佳： 07 - Digital Scratch! ~～光子郎のテーマ～#2 [-] Digital Scratch! ~Koushirou no Theme~ #2 有句话叫做不看广告看疗效，我们就直接来看看光子郎都有过哪些优秀操作吧。 光子郎的成就不完全统计： 1.成功分析出了动力室的程序，并且用程序手动进化了甲虫兽（技术宅威武）。 2.成功获取遗迹的地图，并且还建立了语音通讯来指导美美如何走出这个迷宫一样的地方。 3.分析了发现希望徽章后出现的那个山洞里面的程序，直接得出了数码世界是建立在现实世界之上的结论。（我觉得这段是光子郎最神的一幕。） 4.发现了分子兽在金字塔之下的密道。 5.基本上找出了石盘上卡牌摆放的内在规律。（之前在水底，玄内说的那些东西也基本上只有他才能完全理解，最后干脆单独和他说。） 6.成功设置好了玄内传给他的“数码结界”程序，正是靠着这个程序才保护了他一家人的安全。 （你看不见我~你看不见我~你看不见我……） 7.连接了巨鲸兽的视觉系统可以看见巨鲸兽所看见的，并且还配合嘉儿的哨声完成了一个“声纳系统”。 8.通过查询玄内老人给他的数码宝贝图鉴，光子郎发现了战斗暴龙兽的杀手锏“恐龙克星”，给了孩子们一针强心剂。 9.虽然一开始由于使用电脑造成暴露目标，但是光子郎很快就把他和太一的方位变成了”禁忌的多重存在“让敌人一头雾水。 10.没错，重头戏来了。在剧场版《我们的战争游戏》里，光子郎开始疯狂地秀起了操作(值得一提的是，在另一部同为细田守指导的电影《夏日大作战》里，主角也是一个技术宅)： (1).看一个人的技术水平，可以看和他交流的都是些什么水平的人（光子郎自己也说过，在数码世界里最希望的事就是回到家上网发邮件给他的朋友）： 当然了，更diao的在后面，这水是有多深… (2).小试牛刀，几下子就成功连上ISDN网络。 (3).在由于地狱使者兽入侵导致掉线以后，通过卫星电话连接上了外国节点再次进入了网络。 (4).最后的关头，光子郎意识到BOSS的速度太快导致无法锁定，直接快速把巨量的邮件全转发到BOSS的邮箱，于是，BOSS卡机了……，被奥米加兽成功击杀。 10.剧场版里的夏天过去了，在第二部的故事里光子郎依然风头强劲，多次发挥重要作用。 (
怎样评价《数码宝贝》第一部中的泉光子郎的编程水平？,无详细描述,前方多图，流量预警 ———————————————————————— 友情提示，本文配合此音乐服用效果更佳： 07 - Digital Scratch! ~～光子郎のテーマ～#2 [-] Digital Scratch! ~Koushirou no Theme~ #2 有句话叫做不看广告看疗效，我们就直接来看看光子郎都有过哪些优秀操作吧。 光子郎的成就不完全统计： 1.成功分析出了动力室的程序，并且用程序手动进化了甲虫兽（技术宅威武）。 2.成功获取遗迹的地图，并且还建立了语音通讯来指导美美如何走出这个迷宫一样的地方。 3.分析了发现希望徽章后出现的那个山洞里面的程序，直接得出了数码世界是建立在现实世界之上的结论。（我觉得这段是光子郎最神的一幕。） 4.发现了分子兽在金字塔之下的密道。 5.基本上找出了石盘上卡牌摆放的内在规律。（之前在水底，玄内说的那些东西也基本上只有他才能完全理解，最后干脆单独和他说。） 6.成功设置好了玄内传给他的“数码结界”程序，正是靠着这个程序才保护了他一家人的安全。 （你看不见我~你看不见我~你看不见我……） 7.连接了巨鲸兽的视觉系统可以看见巨鲸兽所看见的，并且还配合嘉儿的哨声完成了一个“声纳系统”。 8.通过查询玄内老人给他的数码宝贝图鉴，光子郎发现了战斗暴龙兽的杀手锏“恐龙克星”，给了孩子们一针强心剂。 9.虽然一开始由于使用电脑造成暴露目标，但是光子郎很快就把他和太一的方位变成了”禁忌的多重存在“让敌人一头雾水。 10.没错，重头戏来了。在剧场版《我们的战争游戏》里，光子郎开始疯狂地秀起了操作(值得一提的是，在另一部同为细田守指导的电影《夏日大作战》里，主角也是一个技术宅)： (1).看一个人的技术水平，可以看和他交流的都是些什么水平的人（光子郎自己也说过，在数码世界里最希望的事就是回到家上网发邮件给他的朋友）： 当然了，更diao的在后面，这水是有多深… (2).小试牛刀，几下子就成功连上ISDN网络。 (3).在由于地狱使者兽入侵导致掉线以后，通过卫星电话连接上了外国节点再次进入了网络。 (4).最后的关头，光子郎意识到BOSS的速度太快导致无法锁定，直接快速把巨量的邮件全转发到BOSS的邮箱，于是，BOSS卡机了……，被奥米加兽成功击杀。 10.剧场版里的夏天过去了，在第二部的故事里光子郎依然风头强劲，多次发挥重要作用。 (
怎样评价《数码宝贝》第一部中的泉光子郎的编程水平？,无详细描述,我来歪个楼吧，我不是学编程的，但是我懂一点日语，也是数码宝贝的铁杆粉丝。 偶然一我看到了这张图，所以想要吧墙上的文字解出来，看一看究竟是什么意思。于是想要翻译墙上的文字。 00:54 模仿光子郎解读暗号 墙上的文字是五十音平假名符号化了。（这在日漫中不算不常见，在《信蜂》、《家庭教师》、都有这样的字体出现。 不过 墙上的图并不是按照50音家名完全对应的，存在着大约百分之10比例的干扰图形。 （视频里我空出的部分就是在deji文字对照表里从未出现的图形，而红色的部分是与对照表图形有像的地方但是不完全一样靠猜测大致翻译的文字） 也就是说有几个图形并不在五十音里面。这大概就是光子郎一直敲键盘的原因吧。 这些李鬼们严重的吸引到了光子郎小朋友的注意力导致他连他的小女朋友都不顾。（笑 这种感觉就好比一部分文字里大部分的字都认识但是因为有几个字不认识影响理解 众所周知（也许不见得）日语中纯假名表述属于表音符号，相当于我们把拼音拆开了写这样的情况，那么就导致中间缺少的音非常影响理解整段话的意思。 我认为，制作方的用意应该是把这个数码宝贝的世界线说明，dejimoji化之后贴在动画的遗迹墙上了，所以光子郎才会说，只要读懂墙上的文字，就可以知道数码世界的意义了。 嗯，上道。四年级的小孩子居然这么上道。 然后，从结果上看，后期光子郎能够推出数码世界是与现实世界重叠的另一个世界这一点看，光子郎的进展应该是比我快。因为我解出来的密码只是一首糟糕的诗。 （当然，也许因为我日语不是母语，在缺少大量音之后根本无法达意，而光子郎小朋友通过一系列的方式最终破解了全部的密码，并顺利读懂。） 大家知道一段话，中间缺东西是什么感觉吗？ （大家做过完形填空吗？） 从其他答案那些程序员们运行程序过程中出现的情况来看，动画的文字部分应该也并未特别考究，所以光子郎背景墙上的文字应该是随机写的。 只是设定上说墙上写着数码宝贝世界的运行法则。 不过，既然这么想要知道这句话什么意思，那么我们有百度翻译啊。 百度翻译上人家这么说： （嗯好吧，还挺应景的啊）
怎样评价《数码宝贝》第一部中的泉光子郎的编程水平？,无详细描述,"（是因为我强调“玩Python”，所以把宠物小精灵也推给我了么 ^_^ ） 前面 夜路川 的考据十分专业，赞一个先。其中回帖里很多网友提到这是老Basic或GwBasic，不过各位只知其一不知其二。这个屏幕截图确实是Basic的大量变种之一，但却是一个非常非常小众的分支，恐怕国内真没有几个人用过 —— 它是 1987 年 日本夏普为其 Sharp 68000 机器设计的 X-Basic 语言（别问我怎么知道的）。 典型的X-Basic程序代码 其实从截屏中也可以看出它和其他basic变种之间的显著区别，比如： 使用 /* ... */ 这种C风格的块注释，而不是 basic 标准的REM或引号； 使用 func ... endfunc 定义函数而不是 basic 标准的 DEF ； 直接用 float s 定义浮点数变量，而不是使用 basic 标准的 DIM As； if then 后面居然用花括号包装语句，而且还出现了 return() ！ 一方面使用古老的行号，另一方面却有大量的缩进结构。要知道当时即使权威的Basic教材里，语句一般也都是全部顶格书写的。 所以可以推断，这个语言的设计师当时受了很多C语言的影响。回想当年有很多改进Basic语言的努力，比如加入面向对象特征等等，所以这个语法确实是那个年代的风格。 最后跟这个帖炸出来的老程序员们握个手！看到 screen 1,2,1,1 这一句时，感觉眼泪都要出来了，真的是30年前的回忆啊！当时使用的显示器是显像管那种，有CGA、EGA等不同型号，支持的颜色和分辨率都不同。screen这个命令就是用来指示显示器切换到哪一种模式。不过 X-BASIC 里面的screen参数含义与国内熟悉的 GW-BASIC 不太一样（可能当时日本的显示器指标普遍更高）：其中第一个参数 1 代表的是让显示器切换到512*512分辨率（我记得GWBasic里是320*320）、第二个参数2代表的是让显示器进入16色状态（可以显示16种颜色、不是16位颜色！），第三个参数1代表高分辨率模式，第四个好像是代表内存缓存开关（记不清了）。 这几天好像特别喜欢怀旧，昨天刚考证了 1991年爱国者导弹那次事故 ，今天直接飞回1987年了。我大概真的是老了吧 …… （还好头发还在，请各位CS同学安心学习、勇敢从业）"
怎样评价《数码宝贝》第一部中的泉光子郎的编程水平？,无详细描述,引用： 为什么电影中的黑客几乎绝不用鼠标？ - 黑客 (Hacker) 我觉得题主应该去看下秒速五厘米，男主会。。。。结果。。。。语法是php，左边的文件目录结构是jsp。
怎样评价《数码宝贝》第一部中的泉光子郎的编程水平？,无详细描述,前面高赞回答的各位大佬们已经扒过光子郎的代码了，我就不再扒了。 当时光子郎才小学四年级，能用X-Basic写代码还原迷宫，说中科大少年班水平都不为过。 光子郎代码运行结果 但是其实大家不必太过讶异，光子郎还真不是编剧给开挂了，因为在很多发达国家，许多小学生都具备一定的编程能力。 在光子郎的家乡日本，孩子们5岁就可以学编程了。 是的你没看错……5岁…… 在欧美国家，编程甚至早已成为中小学必修科目。 不过动画归动画，现实是现实。 动画里光子郎是用编程语言写代码，但现实中，这些中小学生基本都是用MIT（麻省理工学院）的LLK团队开发的Scratch编程工具进行编程学习，主要学习的是运算思维。 不过，靠它完成一个迷宫程序还是轻而易举的： ▲10岁小学生用Scratch编程工具做出的迷宫游戏 综上，小学四年级的光子郎会编程不奇怪，牛逼的是他是用真编程语言写代码，而别的小学生需要借助编程工具来实现整个程序操作。 现实点说，现在很多计算机专业的大学生恐怕都比不上动画中的光子郎，因为真的从小接触编程语言的人真的很少。光子郎是妥妥的赢在起跑线上。不过也有例外，BT之父的Bram Cohen（布莱姆•科恩）就是五岁的时候开始学习C语言，到十六岁，他已经学会了三种编程语言了。 但这样的天才是真的屈指可数，动画中的光子郎可能就是Bram Cohen这种水平吧，谁看了不说一句牛逼呢！
学 Python 都用来干嘛的？,我最近学python，不过不知道怎么练习，不知道用来写什么。大家都用来干嘛的？都说说python可以用来写什么好玩的东东。,"python能做太多有趣的事了，看看我是怎么玩的 先动动小手关注一下呀 @朱卫军 ，已经写了几百篇原创技术回答和文章，后续会继续努力！ 自动发邮件 朱卫军：干货 | 解放双手,用Python实现自动发送邮件 599 赞同 · 97 评论 文章 自动化操作excel 朱卫军：xlwings，让excel飞起来！ 1353 赞同 · 64 评论 文章 朱卫军：python读写excel等数据文件方法汇总 573 赞同 · 12 评论 文章 用python进行办公自动化都需要学习什么知识呢？ 1381 赞同 · 43 评论 回答 最近做了个Python办公自动化的Live讲座，里面对技术讲得更加详细 广告 如何利用python进行自动化办公？ 作者 朱卫军 ¥9.99 去查看 大家有什么编程或者求职的问题可以在值乎向我提问哈 朱卫军 53 次咨询 4.9 Python优秀回答者 汽车制造业 数据分析师 去咨询 定制酷炫二维码 朱卫军：教你使用Python制作酷炫二维码 672 赞同 · 71 评论 文章 下载视频、MP3 朱卫军：教你使用Python下载b站等各大主流网站音视频 716 赞同 · 89 评论 文章 爬虫 朱卫军：哪吒票房超复联4，100行python代码抓取豆瓣短评，看看网友怎么说 311 赞同 · 23 评论 文章 朱卫军：使用requests爬取python岗位招聘数据 94 赞同 · 15 评论 文章 朱卫军：小白如何入门 Python 爬虫？ 2978 赞同 · 115 评论 文章 你是如何开始能写 Python 爬虫？ 1417 赞同 · 79 评论 回答 朱卫军：干货！python爬虫100个入门项目 2893 赞同 · 85 评论 文章 朱卫军：selenium入门详细指南（附淘宝抢购案例） 301 赞同 · 27 评论 文章 朱卫军：这个Pandas函数可以自动爬取Web图表 188 赞同 · 7 评论 文章 朱卫军：使用Python验证常见的50个正则表达式 817 赞同 · 36 评论 文章 HTML\网页自动生成PDF 朱卫军：pdfkit | 利用python实现html文件转pdf 126 赞同 · 29 评论 文章 从PDf中抽取图表 朱卫军：如何使用python提取pdf表格及文本，并保存到excel 419 赞同 · 32 "
学 Python 都用来干嘛的？,我最近学python，不过不知道怎么练习，不知道用来写什么。大家都用来干嘛的？都说说python可以用来写什么好玩的东东。,"朱卫军：干货 | 解放双手,用Python实现自动发送邮件 599 赞同 · 97 评论 文章"
学 Python 都用来干嘛的？,我最近学python，不过不知道怎么练习，不知道用来写什么。大家都用来干嘛的？都说说python可以用来写什么好玩的东东。,"python能做太多有趣的事了，看看我是怎么玩的 先动动小手关注一下呀 @朱卫军 ，已经写了几百篇原创技术回答和文章，后续会继续努力！ 自动发邮件 朱卫军：干货 | 解放双手,用Python实现自动发送邮件 599 赞同 · 97 评论 文章 自动化操作excel 朱卫军：xlwings，让excel飞起来！ 1353 赞同 · 64 评论 文章 朱卫军：python读写excel等数据文件方法汇总 573 赞同 · 12 评论 文章 用python进行办公自动化都需要学习什么知识呢？ 1381 赞同 · 43 评论 回答 最近做了个Python办公自动化的Live讲座，里面对技术讲得更加详细 广告 如何利用python进行自动化办公？ 作者 朱卫军 ¥9.99 去查看 大家有什么编程或者求职的问题可以在值乎向我提问哈 朱卫军 53 次咨询 4.9 Python优秀回答者 汽车制造业 数据分析师 去咨询 定制酷炫二维码 朱卫军：教你使用Python制作酷炫二维码 672 赞同 · 71 评论 文章 下载视频、MP3 朱卫军：教你使用Python下载b站等各大主流网站音视频 716 赞同 · 89 评论 文章 爬虫 朱卫军：哪吒票房超复联4，100行python代码抓取豆瓣短评，看看网友怎么说 311 赞同 · 23 评论 文章 朱卫军：使用requests爬取python岗位招聘数据 94 赞同 · 15 评论 文章 朱卫军：小白如何入门 Python 爬虫？ 2978 赞同 · 115 评论 文章 你是如何开始能写 Python 爬虫？ 1417 赞同 · 79 评论 回答 朱卫军：干货！python爬虫100个入门项目 2893 赞同 · 85 评论 文章 朱卫军：selenium入门详细指南（附淘宝抢购案例） 301 赞同 · 27 评论 文章 朱卫军：这个Pandas函数可以自动爬取Web图表 188 赞同 · 7 评论 文章 朱卫军：使用Python验证常见的50个正则表达式 817 赞同 · 36 评论 文章 HTML\网页自动生成PDF 朱卫军：pdfkit | 利用python实现html文件转pdf 126 赞同 · 29 评论 文章 从PDf中抽取图表 朱卫军：如何使用python提取pdf表格及文本，并保存到excel 419 赞同 · 32 "
学 Python 都用来干嘛的？,我最近学python，不过不知道怎么练习，不知道用来写什么。大家都用来干嘛的？都说说python可以用来写什么好玩的东东。,能写的东西可太多了，日常生活的有这么些有趣的教程： 比如哄哄女朋友：Python导出微信聊天记录并生成词云，备用地址： 向手机发送通知：教你如何使用Python向手机发送通知(IFTTT)，备用地址： 文献搜索工具：你不得不知道的python超级文献搜索工具，备用地址: 制作日历：Excel+Python=精美壁纸日历 任意DIY 检测人脸是否佩戴口罩：20行代码检测人脸是否佩戴口罩，备用地址： 打水印：超简单Python安全批量打水印教程！ 提取音乐高潮：Python 制作音乐高潮副歌提取器，备用地址： 如果你想成为超级极客，可以看看这些文章： 树莓派+智能音箱：Python声控普通风扇、Python声控开机 树莓派+摄像头：Python人脸识别开机 Python 深度学习图像风格迁移 想看更多 更多有趣的Python教程欢迎关注公众号：Python实用宝典 或者访问网站：Python实用宝典
学 Python 都用来干嘛的？,我最近学python，不过不知道怎么练习，不知道用来写什么。大家都用来干嘛的？都说说python可以用来写什么好玩的东东。,熊孩子浏览器 我们家娃喜欢看电视，一看就没够，为了让她在看电视的时候做点儿有意义的事情，我用python做了一个小程序，叫bear_kids_player. 说起来也简单，就是在播放视频的时候每隔一段时间弹出一个对话框，里面有一个问题，让孩子输入。答对了对话框就销毁，然后视频就接着播放；答不对，对话框就一直在那里，视频停止。 最初的设定只是让孩子输入字母或者做做加法，后来加了一点改进，目前可以显示图片，并且自动朗读显示的单词。 具体安装只要用pip install bear_kids_player 就可以。 安装结束以后，用如下命令可以启动： import bear_kids_player import run_bear_kids_player run_bear_kids_player.run_bear_kids_player() ctrl+o 可以打开视频 ctrl +F2 可以关闭视频 在 .../bear_kids_player 文件加下有一个config.csv 文件，可以对一些参数进行设定 比如：Intervals(间隔时间)， 打开文件的快捷方式，关闭文件的快捷方式，题库筛选的阈值，题库筛选所需的类型 另外还有一个questions.csv 文件，这是一个题库。这个题库可以自己输入题目，答案，类型，以及想要显示在对话框里的图片链接，可以依据个人的情况自己添加题目。 下面是一个简单的演示 当然由于朗读功能使用的是gtts实际上链接google获取音频的，所以在国内可能朗读功能会不那么好用。不过本来也就给自己娃写的程序，倒是也没指望推广。 python的主程序用的pyqt5，总共用了我大概一周业余时间完成，由于对一些库以及发布python包不是很熟悉所以浪费了很多时间。 此外，视频解码程序是K-Lite_Codec_Pack_1526_Basic（17MB），可以从 下载到，需要安装解码程序才能对常见的视频格式进行支持。 家里的娃娃三岁半，原本小写字母认不熟，许多字母会搞混譬如p，q，g，d，b，还有一些小写字母认不出，教了无数遍都不上心学。自从使用了这个程序大概三天左右，小写字母都差不多认识了。增加了单词输入题目以后，娃娃只用了两天就可以不依赖我的帮助，自己把我事先设定的10个单词准确输入了。我们家娃从来没接触过键盘，有这个成绩我还比较满意。 后面可能会做
学 Python 都用来干嘛的？,我最近学python，不过不知道怎么练习，不知道用来写什么。大家都用来干嘛的？都说说python可以用来写什么好玩的东东。,熊孩子浏览器 我们家娃喜欢看电视，一看就没够，为了让她在看电视的时候做点儿有意义的事情，我用python做了一个小程序，叫bear_kids_player. 说起来也简单，就是在播放视频的时候每隔一段时间弹出一个对话框，里面有一个问题，让孩子输入。答对了对话框就销毁，然后视频就接着播放；答不对，对话框就一直在那里，视频停止。 最初的设定只是让孩子输入字母或者做做加法，后来加了一点改进，目前可以显示图片，并且自动朗读显示的单词。 具体安装只要用pip install bear_kids_player 就可以。 安装结束以后，用如下命令可以启动： import bear_kids_player import run_bear_kids_player run_bear_kids_player.run_bear_kids_player() ctrl+o 可以打开视频 ctrl +F2 可以关闭视频 在 .../bear_kids_player 文件加下有一个config.csv 文件，可以对一些参数进行设定 比如：Intervals(间隔时间)， 打开文件的快捷方式，关闭文件的快捷方式，题库筛选的阈值，题库筛选所需的类型 另外还有一个questions.csv 文件，这是一个题库。这个题库可以自己输入题目，答案，类型，以及想要显示在对话框里的图片链接，可以依据个人的情况自己添加题目。 下面是一个简单的演示 当然由于朗读功能使用的是gtts实际上链接google获取音频的，所以在国内可能朗读功能会不那么好用。不过本来也就给自己娃写的程序，倒是也没指望推广。 python的主程序用的pyqt5，总共用了我大概一周业余时间完成，由于对一些库以及发布python包不是很熟悉所以浪费了很多时间。 此外，视频解码程序是K-Lite_Codec_Pack_1526_Basic（17MB），可以从 下载到，需要安装解码程序才能对常见的视频格式进行支持。 家里的娃娃三岁半，原本小写字母认不熟，许多字母会搞混譬如p，q，g，d，b，还有一些小写字母认不出，教了无数遍都不上心学。自从使用了这个程序大概三天左右，小写字母都差不多认识了。增加了单词输入题目以后，娃娃只用了两天就可以不依赖我的帮助，自己把我事先设定的10个单词准确输入了。我们家娃从来没接触过键盘，有这个成绩我还比较满意。 后面可能会做
学 Python 都用来干嘛的？,我最近学python，不过不知道怎么练习，不知道用来写什么。大家都用来干嘛的？都说说python可以用来写什么好玩的东东。,学习了Python其实可做很多事情，首先你可以找一份好工作！！ 来看看这份职业规划书 学了Python我们选的工作： web开发工程师 人工智能工程师 数据分析师 爬虫工程师 自动化运维工程师 自动化测试工程师 当然，如果你想自己做一些事情，比如爬一下喜欢的图片，爬某个网站，或者是抢火车票都可以，下面我们就来说说具体的！ 想聊私密话题，就用Python来做个聊天器 【Python】2小时利用Python实现一个聊天器 yun.itheima.com/open/343.html?2001stt 配套资料：https://pan.baidu.com/s/12mlxhKw1tFPSDuAZkkBLKQ 提取码：i1or 节假日抢不到火车票，不用怕，用Python全自动抢票 春运回家抢票无忧，Python大牛带你实现12306全自动抢票 yun.itheima.com/open/425.html?2001stt 配套资料：https://pan.baidu.com/s/1E3O-gFBbzaUcjtvSBROBtg 提取码：9epq 想去吃饭游玩不知道哪好，用Python实现实时比较 Python从零基础到大牛项目实战：抓取景点评论数量实现旅游景点推荐 yun.itheima.com/open/361.html?2001stt 配套资料：https://pan.baidu.com/s/1FcO28DBQIrFqZ1_dTyRitw 提取码：yem6 想换工作，可以利用Python爬取适合你的职位信息哦！ 用Python抓取职位信息 yun.itheima.com/open/356.html?2001stt 配套资料：https://pan.baidu.com/s/1_JankxPLCvwqpD8MR7ZoqQ 提取码：edrg 用Python搭建你想搭建的系统 从零搭建图书管理系统 yun.itheima.com/open/420.html?2001stt1 配套资料：https://pan.baidu.com/s/1jHMLUT4H-Bf1EYKlDZjwIQ 提取码：6arw 用Python搭建聊天机器人 Python搭建聊天机器人平台实战 yun.itheima.com/open/450.html?2001stt 配套资料：https://pan.baidu.com/
学 Python 都用来干嘛的？,我最近学python，不过不知道怎么练习，不知道用来写什么。大家都用来干嘛的？都说说python可以用来写什么好玩的东东。,【Python】2小时利用Python实现一个聊天器 yun.itheima.com/open/343.html?2001stt
学 Python 都用来干嘛的？,我最近学python，不过不知道怎么练习，不知道用来写什么。大家都用来干嘛的？都说说python可以用来写什么好玩的东东。,学习了Python其实可做很多事情，首先你可以找一份好工作！！ 来看看这份职业规划书 学了Python我们选的工作： web开发工程师 人工智能工程师 数据分析师 爬虫工程师 自动化运维工程师 自动化测试工程师 当然，如果你想自己做一些事情，比如爬一下喜欢的图片，爬某个网站，或者是抢火车票都可以，下面我们就来说说具体的！ 想聊私密话题，就用Python来做个聊天器 【Python】2小时利用Python实现一个聊天器 yun.itheima.com/open/343.html?2001stt 配套资料：https://pan.baidu.com/s/12mlxhKw1tFPSDuAZkkBLKQ 提取码：i1or 节假日抢不到火车票，不用怕，用Python全自动抢票 春运回家抢票无忧，Python大牛带你实现12306全自动抢票 yun.itheima.com/open/425.html?2001stt 配套资料：https://pan.baidu.com/s/1E3O-gFBbzaUcjtvSBROBtg 提取码：9epq 想去吃饭游玩不知道哪好，用Python实现实时比较 Python从零基础到大牛项目实战：抓取景点评论数量实现旅游景点推荐 yun.itheima.com/open/361.html?2001stt 配套资料：https://pan.baidu.com/s/1FcO28DBQIrFqZ1_dTyRitw 提取码：yem6 想换工作，可以利用Python爬取适合你的职位信息哦！ 用Python抓取职位信息 yun.itheima.com/open/356.html?2001stt 配套资料：https://pan.baidu.com/s/1_JankxPLCvwqpD8MR7ZoqQ 提取码：edrg 用Python搭建你想搭建的系统 从零搭建图书管理系统 yun.itheima.com/open/420.html?2001stt1 配套资料：https://pan.baidu.com/s/1jHMLUT4H-Bf1EYKlDZjwIQ 提取码：6arw 用Python搭建聊天机器人 Python搭建聊天机器人平台实战 yun.itheima.com/open/450.html?2001stt 配套资料：https://pan.baidu.com/
学 Python 都用来干嘛的？,我最近学python，不过不知道怎么练习，不知道用来写什么。大家都用来干嘛的？都说说python可以用来写什么好玩的东东。,目录 如果你还没有开始使用Python，答应我，把这个回答看完，如果你真的学习并深入使用过Python，我想你一定会爱上他，并且对于Python的未来充满期待。 对于Python而言，不光是简洁的语法，它广泛的应用场景，完善的语言生态，丰富的库，都吸引着我不断地探索，接下来，我分两个方向和大家聊一聊 Python在各个领域中的降龙伏虎之能，不要走开，我们一起探索一下。 首先来说一下极其推荐的方向： 1、数据分析 可能几年之前，说到数据分析，你并不会想到Python，但不知从什么时候开始，数据分析师的简历上，Python已经成了最亮眼的加分项。各种数据分析框架的出现，让Python这种本就极其简单的语言更加方便易用，让数据分析师可以将更多的经历放在数据本身。而后随之而来的各种数据可视化框架，也让数据分析工作不再需要切换不同的语言不同的软件，将所有的工作集中交给Python，他都可以用最简单便捷的方式帮你完成。 话说数据分析是当下一个非常热门的方向，如果你想学习的话，可以学习知乎知学堂推出的官方课程，学习3天，只需要1毛钱。知乎数据分析大V猴子老师讲课，近距离跟大佬学习。 学习数据分析方法，通过方法拆解任务问题，思维+方法双重进阶，告别数据小白。 快来报名吧！ 数据分析 3 天实战训练营 ￥0.10 已失效 2、科学计算 曾几何时，讲到科学计算，我们想到的就是几个头发花白的老教授在实验室里不停的计算，但如今，我们每个人都可以站在巨人的肩膀上进行科学计算，这个巨人就是丰富的科学计算库，我们只需要几行或者十几行代码就可以做到数据的预测，评估，图像的判别，修复，路线的规划，修改等，随着近几年Facebook，Google，百度等大厂的加入，Python在科学计算方向的地位水涨创高，现在已经成为数据挖掘，机器学习，人工智能等的第一编程语言，相信过不了多久，可能我们人人都是数据科学家吧。 3、大数据框架 大数据现在可是风口，不亚于10年左右的移动互联，怎么能少了Python的身影呢！近几年Python你在大数据领域的发展也是风生水起，虽然无论是实时还是离线计算，Python你的性能都是远不如Scala与Java的，但是Python的易用性，以及丰富的库，大大提高了大数据开发者的工作效率，同时，Python能够更好的兼容各种科学计算库，让大数据的开发从根本上规避了各种复杂的技术问题
既然有些人喜欢开挂，为啥不开发一款网游，提供编程接口，允许玩家自行用各种软件，同时允许计算机参与计算？,比如，敌方开枪，由玩家设定扫描区域及间隔，同时服务器返回扫描区域内的物质，由计算机运算区分出是否是子弹，及时提醒玩家，或者自动计算躲避路径，并及时躲避…显示全部,"真有这种游戏啊。。。 《Screeps》 steam链接：https://store.steampowered.com/app/464350/Screeps/ 有想要挑战一下的可以看这个live demo，不需要注册就可以立刻试玩：https://screeps.com/a/#!/sim 游戏的介绍：Screeps is an open source MMO RTS sandbox game for programming enthusiasts, wherein the core mechanic is programming your units AI. You control your colony by writing JavaScript which operates 24/7 in the single persistent world filled by other players on par with you. 介绍的翻译：Screeps是一个为代码变态(划掉)爱好者设计的开源的MMO RTS（大规模多人在线即时战略）游戏。这个游戏的核心机制就是来为你控制的单位写AI。你可以用JavaScript来控制你殖民地（里的一切），并且这些内容7*24小时运行的，并且充满其他玩家来与你对抗。 说白了就是给你提供一个JavaScript的接口，用来写一个“AI”来跟其他玩家对抗。可以简单的基于规则，也可以写有限状态自动机，也可以写增强学习之类的agent ai（但性能其实很受限）。 现在这个游戏已经变得巨复杂了。从能源到采集，从防御到进攻策略甚至还有贸易等等等等。。。 这个游戏有多复杂？首先想要入门，游戏是全英文的，除了写code要用纯英文，最重要的是所有的官方文档也都是英文的。你需要通过阅读文档来学习这个游戏的API：https://docs.screeps.com/architecture.html （这文档一看就是API Reference的风格） 文档中包括整个游戏系统的运行逻辑、写code的接口和一大堆内部机制。 当然，还有API References！来来来，请随意体验一下被代码支配的恐惧： 然后看看大佬开源出来的code：https://github.com/TooAngel/screeps （是的，放在了全球最大宅男/女交友社区） 这个游戏的"
既然有些人喜欢开挂，为啥不开发一款网游，提供编程接口，允许玩家自行用各种软件，同时允许计算机参与计算？,比如，敌方开枪，由玩家设定扫描区域及间隔，同时服务器返回扫描区域内的物质，由计算机运算区分出是否是子弹，及时提醒玩家，或者自动计算躲避路径，并及时躲避…显示全部,"真有这种游戏啊。。。 《Screeps》 steam链接：https://store.steampowered.com/app/464350/Screeps/ 有想要挑战一下的可以看这个live demo，不需要注册就可以立刻试玩：https://screeps.com/a/#!/sim 游戏的介绍：Screeps is an open source MMO RTS sandbox game for programming enthusiasts, wherein the core mechanic is programming your units AI. You control your colony by writing JavaScript which operates 24/7 in the single persistent world filled by other players on par with you. 介绍的翻译：Screeps是一个为代码变态(划掉)爱好者设计的开源的MMO RTS（大规模多人在线即时战略）游戏。这个游戏的核心机制就是来为你控制的单位写AI。你可以用JavaScript来控制你殖民地（里的一切），并且这些内容7*24小时运行的，并且充满其他玩家来与你对抗。 说白了就是给你提供一个JavaScript的接口，用来写一个“AI”来跟其他玩家对抗。可以简单的基于规则，也可以写有限状态自动机，也可以写增强学习之类的agent ai（但性能其实很受限）。 现在这个游戏已经变得巨复杂了。从能源到采集，从防御到进攻策略甚至还有贸易等等等等。。。 这个游戏有多复杂？首先想要入门，游戏是全英文的，除了写code要用纯英文，最重要的是所有的官方文档也都是英文的。你需要通过阅读文档来学习这个游戏的API：https://docs.screeps.com/architecture.html （这文档一看就是API Reference的风格） 文档中包括整个游戏系统的运行逻辑、写code的接口和一大堆内部机制。 当然，还有API References！来来来，请随意体验一下被代码支配的恐惧： 然后看看大佬开源出来的code：https://github.com/TooAngel/screeps （是的，放在了全球最大宅男/女交友社区） 这个游戏的"
既然有些人喜欢开挂，为啥不开发一款网游，提供编程接口，允许玩家自行用各种软件，同时允许计算机参与计算？,比如，敌方开枪，由玩家设定扫描区域及间隔，同时服务器返回扫描区域内的物质，由计算机运算区分出是否是子弹，及时提醒玩家，或者自动计算躲避路径，并及时躲避…显示全部,哈哈哈，我玩过一款网游可能符合题主的意思。 预警：本文较长，注意流量。 既然是外挂，提供编程接口就没什么意思啦，允许玩家自行用各种软件这个才是问题的关键。 大概是2014年的时候吧，有时候上下班通勤时间或者厕所蹲坑时间，想找点游戏打发时间，不想玩单机，也不想爆肝玩一些容易耗时耗力的游戏。 然后我就发现了一款很弱智很脑残很沙雕但是又很魔性的网络游戏。我刷微博的时候看见一个同事在玩，我就跟着点进去开始玩了。我当时玩的是微博小游戏版，游戏名字叫“愚公移山”（PS：我玩的游戏版本目前已经倒闭停止运营了！因此此文所有配图都是在网上搜索，如有版权问题，请联系我删除。） 游戏开始界面 现在回想，这游戏仍可以排进我玩过的沙雕网游的top榜之首，游戏很简单，就是点这个茅屋，然后就会造一个小人，（还记得《愚公移山》的课文吗？“子又生孙，孙又生子。子子孙孙无穷匮也! 而山不加增，何苦而不平? ”）这个游戏就是要造小人，然后去移山！！ 游戏里面的boss就是山，而且那些山不是叫王屋和太行，策划们给那些山取了一些很脑残的名字，诸如： 游戏boss之一 打boss就是，点击这个山，然后你的子孙数量就会减少一个数值，山的HP数量（血条）也会减少一个数字，然后根据你的子孙数量，和移山的数量，会在游戏里面有一个世界排名，然后里面也会有一个好友排名，会显示你和你的游戏好友的子孙数进行排名。 当然，作为一个网游，它不可避免的也有充值系统，当然沙雕游戏的商店也是很沙雕的，卖的就是一些莫名其妙毫无关联但是让你在游戏里更快生孩子的道具，或者是对好友使用可以给好友避孕的一些道具。 游戏中的商店 游戏中增加生产率的方法有很多，比如升级茅屋变成豪宅，茅屋点一次只能生一个，豪宅点一次可以生十几个；比如增加草丛或克隆人装置等自动生育场景（充值开通或者攻克boss之后的金币道具购买） 游戏内核就这么简单，接下来就是开始斗法。 =======简单分割线======== 我开始玩的时候，我那个同事已经是图2那种级别了，子孙67亿，生产速度222万人每秒，击败全球60%的玩家。我想偷偷地超过他，于是悄悄咪咪地开始玩，由于这个游戏只有“点击生娃”这么一个简单的操作，于是我先用了最简单的外挂，按键精灵。 鼠标连点器 用按键精灵写了一个鼠标连点的软件，然后通过模拟器在闲置电脑上开启游戏，最开始通过大概十分钟的个人玩法，我已经把茅屋升
既然有些人喜欢开挂，为啥不开发一款网游，提供编程接口，允许玩家自行用各种软件，同时允许计算机参与计算？,比如，敌方开枪，由玩家设定扫描区域及间隔，同时服务器返回扫描区域内的物质，由计算机运算区分出是否是子弹，及时提醒玩家，或者自动计算躲避路径，并及时躲避…显示全部,哈哈哈，我玩过一款网游可能符合题主的意思。 预警：本文较长，注意流量。 既然是外挂，提供编程接口就没什么意思啦，允许玩家自行用各种软件这个才是问题的关键。 大概是2014年的时候吧，有时候上下班通勤时间或者厕所蹲坑时间，想找点游戏打发时间，不想玩单机，也不想爆肝玩一些容易耗时耗力的游戏。 然后我就发现了一款很弱智很脑残很沙雕但是又很魔性的网络游戏。我刷微博的时候看见一个同事在玩，我就跟着点进去开始玩了。我当时玩的是微博小游戏版，游戏名字叫“愚公移山”（PS：我玩的游戏版本目前已经倒闭停止运营了！因此此文所有配图都是在网上搜索，如有版权问题，请联系我删除。） 游戏开始界面 现在回想，这游戏仍可以排进我玩过的沙雕网游的top榜之首，游戏很简单，就是点这个茅屋，然后就会造一个小人，（还记得《愚公移山》的课文吗？“子又生孙，孙又生子。子子孙孙无穷匮也! 而山不加增，何苦而不平? ”）这个游戏就是要造小人，然后去移山！！ 游戏里面的boss就是山，而且那些山不是叫王屋和太行，策划们给那些山取了一些很脑残的名字，诸如： 游戏boss之一 打boss就是，点击这个山，然后你的子孙数量就会减少一个数值，山的HP数量（血条）也会减少一个数字，然后根据你的子孙数量，和移山的数量，会在游戏里面有一个世界排名，然后里面也会有一个好友排名，会显示你和你的游戏好友的子孙数进行排名。 当然，作为一个网游，它不可避免的也有充值系统，当然沙雕游戏的商店也是很沙雕的，卖的就是一些莫名其妙毫无关联但是让你在游戏里更快生孩子的道具，或者是对好友使用可以给好友避孕的一些道具。 游戏中的商店 游戏中增加生产率的方法有很多，比如升级茅屋变成豪宅，茅屋点一次只能生一个，豪宅点一次可以生十几个；比如增加草丛或克隆人装置等自动生育场景（充值开通或者攻克boss之后的金币道具购买） 游戏内核就这么简单，接下来就是开始斗法。 =======简单分割线======== 我开始玩的时候，我那个同事已经是图2那种级别了，子孙67亿，生产速度222万人每秒，击败全球60%的玩家。我想偷偷地超过他，于是悄悄咪咪地开始玩，由于这个游戏只有“点击生娃”这么一个简单的操作，于是我先用了最简单的外挂，按键精灵。 鼠标连点器 用按键精灵写了一个鼠标连点的软件，然后通过模拟器在闲置电脑上开启游戏，最开始通过大概十分钟的个人玩法，我已经把茅屋升
既然有些人喜欢开挂，为啥不开发一款网游，提供编程接口，允许玩家自行用各种软件，同时允许计算机参与计算？,比如，敌方开枪，由玩家设定扫描区域及间隔，同时服务器返回扫描区域内的物质，由计算机运算区分出是否是子弹，及时提醒玩家，或者自动计算躲避路径，并及时躲避…显示全部,我们有个黑客游戏，岂止是允许写外挂？而是不会写代码没法玩。 黑客大逃杀：一个服务器，每人一个root权限账号。然后写个程序运行，杀掉所有其他人的程序，同时保护自己的程序不死。活到最后的赢。 你们会想玩不…
既然有些人喜欢开挂，为啥不开发一款网游，提供编程接口，允许玩家自行用各种软件，同时允许计算机参与计算？,比如，敌方开枪，由玩家设定扫描区域及间隔，同时服务器返回扫描区域内的物质，由计算机运算区分出是否是子弹，及时提醒玩家，或者自动计算躲避路径，并及时躲避…显示全部,有啊有啊。 有个游戏叫robocode，题主要不要试一试？这个就是你要的类型哦，包你满意。 2001年发布，最新版是2018年4月发布。 玩法很简单，用程序控制自己的坦克击毁对方坦克。 但实际上可没那么容易，开炮要算提前量，不过对方也不傻，会用随机移动来扰乱你的瞄准。当然你也要用有效的移动策略防止对方打中。 我随便贴个视频你体会一下 Robocode坦克大战 m.youku.com/video/id_XMzMxMzIwNTI0.html?debug=flv&source=https%3A%2F%2Fwww.google.co.jp%2F 当然这是低段位的比试，双方的动作都有很多问题。高手对决可以用深不见底来形容。 虽然国内并不流行，但真的是很好的游戏。
既然有些人喜欢开挂，为啥不开发一款网游，提供编程接口，允许玩家自行用各种软件，同时允许计算机参与计算？,比如，敌方开枪，由玩家设定扫描区域及间隔，同时服务器返回扫描区域内的物质，由计算机运算区分出是否是子弹，及时提醒玩家，或者自动计算躲避路径，并及时躲避…显示全部,Robocode坦克大战 m.youku.com/video/id_XMzMxMzIwNTI0.html?debug=flv&source=https%3A%2F%2Fwww.google.co.jp%2F
既然有些人喜欢开挂，为啥不开发一款网游，提供编程接口，允许玩家自行用各种软件，同时允许计算机参与计算？,比如，敌方开枪，由玩家设定扫描区域及间隔，同时服务器返回扫描区域内的物质，由计算机运算区分出是否是子弹，及时提醒玩家，或者自动计算躲避路径，并及时躲避…显示全部,虽然不是完全符合题主的要求，但这两款游戏，一定程度上形成了一个“开挂”的小圈子，各国作者都在研究如何更加优美，更加奔放的“开挂”。而且后者对于外挂的研究深度，一定程度诠释了外挂的最终形态。 第一款游戏是暗黑破坏神2。 无线电镇楼 暗黑破坏神2大家可能都玩过，一部分人的记忆停留在血乌都瑞尔上，硬核点的玩家可能还记得build各种char。但能觉得这款游戏能跟开挂扯上关系的，无非也就是hackmap，大箱子插件，深入点可能还研究过ATMA或者UdieToo。 但这个游戏有一种小众而独特的玩法，叫做硬血。 硬血就是修改暗黑2的人物存档，d2s文件，不涉及MPQ，dll文件的修改，使其可以进入任意暗黑2的战网房间内，两个人进行PVP。因为相比于正常存档，硬血人物是完全打不死的存在，所以起名硬血。 硬血玩法是硬血人物对抗硬血人物，不像传统单机游戏一样是外挂欺负AI，也不像传统网游一样是外挂欺负正常玩家。所以如何修改成一个好的硬血人物存档，有着非常深刻的讲究，其中运用了非常多的暗黑2基础游戏机制，需要大量时间去钻研。 硬血人物图片 硬血科普贴： 【图片】｛申精｝玩暗黑的这些年，玩硬血的这些年……【暗黑破坏神吧】_百度贴 浅谈对硬血的理解【暗黑破坏神吧】_百度贴吧 第二款游戏是mugen。 mugen是一个格斗游戏引擎，最经常拿来做同人格斗，详情请见我的科普 mugen到底是什么，怎么以最正确的姿势入门？ 格斗游戏中，被讨论的最多的就是人物的强度，绝大部分格斗游戏，都被玩家严格的区分了人物等级，S-C不等。甚至更多的人还在跨作品比较人物强度，比如KOF97中的大蛇和KOF2001的伊格尼兹到底谁厉害，而mugen就为这种跨作品PK提供了平台。 再加上中期mugen的AI作者的崛起，本来傻傻的任人欺负的普通人物，被赋予了强大的AI，于是mugen玩家们不再去手操控制人物，而是观战让AI打AI，于是你在B站上看到了各种各样关公战秦琼的杯赛。 我的入门杯赛：强中-凶中略有节操大乱斗 https://www.bilibili.com/video/av215112 开启拳皇时代的杯赛：拳皇世界 https://www.bilibili.com/video/av780682 既然人物-AI都是各国作者制作的，那么mugen人物就免不了被加上各种私货，比如制作一个超高防御超高攻击时刻全屏攻击的
既然有些人喜欢开挂，为啥不开发一款网游，提供编程接口，允许玩家自行用各种软件，同时允许计算机参与计算？,比如，敌方开枪，由玩家设定扫描区域及间隔，同时服务器返回扫描区域内的物质，由计算机运算区分出是否是子弹，及时提醒玩家，或者自动计算躲避路径，并及时躲避…显示全部,虽然不是完全符合题主的要求，但这两款游戏，一定程度上形成了一个“开挂”的小圈子，各国作者都在研究如何更加优美，更加奔放的“开挂”。而且后者对于外挂的研究深度，一定程度诠释了外挂的最终形态。 第一款游戏是暗黑破坏神2。 无线电镇楼 暗黑破坏神2大家可能都玩过，一部分人的记忆停留在血乌都瑞尔上，硬核点的玩家可能还记得build各种char。但能觉得这款游戏能跟开挂扯上关系的，无非也就是hackmap，大箱子插件，深入点可能还研究过ATMA或者UdieToo。 但这个游戏有一种小众而独特的玩法，叫做硬血。 硬血就是修改暗黑2的人物存档，d2s文件，不涉及MPQ，dll文件的修改，使其可以进入任意暗黑2的战网房间内，两个人进行PVP。因为相比于正常存档，硬血人物是完全打不死的存在，所以起名硬血。 硬血玩法是硬血人物对抗硬血人物，不像传统单机游戏一样是外挂欺负AI，也不像传统网游一样是外挂欺负正常玩家。所以如何修改成一个好的硬血人物存档，有着非常深刻的讲究，其中运用了非常多的暗黑2基础游戏机制，需要大量时间去钻研。 硬血人物图片 硬血科普贴： 【图片】｛申精｝玩暗黑的这些年，玩硬血的这些年……【暗黑破坏神吧】_百度贴 浅谈对硬血的理解【暗黑破坏神吧】_百度贴吧 第二款游戏是mugen。 mugen是一个格斗游戏引擎，最经常拿来做同人格斗，详情请见我的科普 mugen到底是什么，怎么以最正确的姿势入门？ 格斗游戏中，被讨论的最多的就是人物的强度，绝大部分格斗游戏，都被玩家严格的区分了人物等级，S-C不等。甚至更多的人还在跨作品比较人物强度，比如KOF97中的大蛇和KOF2001的伊格尼兹到底谁厉害，而mugen就为这种跨作品PK提供了平台。 再加上中期mugen的AI作者的崛起，本来傻傻的任人欺负的普通人物，被赋予了强大的AI，于是mugen玩家们不再去手操控制人物，而是观战让AI打AI，于是你在B站上看到了各种各样关公战秦琼的杯赛。 我的入门杯赛：强中-凶中略有节操大乱斗 https://www.bilibili.com/video/av215112 开启拳皇时代的杯赛：拳皇世界 https://www.bilibili.com/video/av780682 既然人物-AI都是各国作者制作的，那么mugen人物就免不了被加上各种私货，比如制作一个超高防御超高攻击时刻全屏攻击的
既然有些人喜欢开挂，为啥不开发一款网游，提供编程接口，允许玩家自行用各种软件，同时允许计算机参与计算？,比如，敌方开枪，由玩家设定扫描区域及间隔，同时服务器返回扫描区域内的物质，由计算机运算区分出是否是子弹，及时提醒玩家，或者自动计算躲避路径，并及时躲避…显示全部,我之前就想要做一个这种游戏来着，没有人机界面，全部API提供，后来被朋友阻止了，他们的理由非常说服人： 我不想下班了以后再上班。。。。 ===== 没想到这么多人想要下班了以后再上班。。。。。有建设性意见的可以加我微信，备注：下班之后再上班，我拉你进讨论群。。。。
程序员必须掌握哪些算法？,无详细描述,不 BB，直接上干货，非科班出生，毕业工作后才开始学算法，到目前学了 4 年 ！！！ 为了让你对数据结构和算法能有个全面的认识，我画了一张图，里面几乎涵盖了所有数据结构和算法书籍中都会讲到的知识点。 这里面有10个数据结构：数组、链表、栈、队列、散列表、二叉树、堆、跳表、图、Trie 树；10个算法：递归、排序、二分查找、搜索、哈希算法、贪心算法、分治算法、回溯算法、动态规划、字符串匹配算法。 掌握了这些基础的数据结构和算法，再学更加复杂的数据结构和算法，就会非常容易、非常快。 这里也给大家推荐一个特别适合新手免费刷题的网站 算法相关内容非常全面，从基础入门到进阶提升，所有必备知识点都包含了，而且牛客不光是一个刷题网站，还是一个交流学习平台，发个问题总有热心的大佬帮助！ 如果觉得不错，别忘了双击点个赞哦。 在这里也送大家一本帮助我拿到BAT 等一线大厂 offer 的算法笔记，是一位阿里大神写的，对于算法薄弱或者需要提高的同学都十分受用，算法一定是计算机学习的重中之重： 貌似手机端打开连接有的会出现问题，可以点击这个总结看看： 这里补充一下，无论是学习算法还是学习编程的任何一个技术点，想要得到提升，最好的一个方法就是去阅读，阅读优秀牛人的分享，目前主流的程序员习惯阅读的博客网站中，掘金社区属于质量不错的一个，内容包括前端、后端、Android、iOS、人工智能等等，各个方向，各个技术点都有，C++程序员需要的知识都能找到。 喜欢在掘金社区阅读的小伙伴可以通过下方链接了解。 1、复杂度分析 看动画轻松理解时间复杂度（一） 看动画轻松理解时间复杂度（二） 冰与火之歌：「时间」与「空间」复杂度 每个程序员都应该收藏的算法复杂度速查表 2、基本算法思想 五分钟了解一下什么是「贪心算法 」 有了四步解题法模板，再也不害怕动态规划！ （进阶版）有了四步解题法模板，再也不害怕动态规划！ （再进阶版）有了四步解题法模板，再也不害怕动态规划！ 浅谈什么是分治算法 看动画轻松理解「递归」与「动态规划」 浅谈什么是动态规划以及相关的「股票」算法题 深度解析「正则表达式匹配」：从暴力解法到动态规划 3、排序算法 「多图警告」手撕排序算法 – iOS进阶必备 十大经典排序算法动画与解析，看我就够了！（配代码完全版） 这或许是东半球分析十大排序算法最好的一篇文章 4、搜索 几道和「广度优先搜索
程序员必须掌握哪些算法？,无详细描述,不 BB，直接上干货，非科班出生，毕业工作后才开始学算法，到目前学了 4 年 ！！！ 为了让你对数据结构和算法能有个全面的认识，我画了一张图，里面几乎涵盖了所有数据结构和算法书籍中都会讲到的知识点。 这里面有10个数据结构：数组、链表、栈、队列、散列表、二叉树、堆、跳表、图、Trie 树；10个算法：递归、排序、二分查找、搜索、哈希算法、贪心算法、分治算法、回溯算法、动态规划、字符串匹配算法。 掌握了这些基础的数据结构和算法，再学更加复杂的数据结构和算法，就会非常容易、非常快。 这里也给大家推荐一个特别适合新手免费刷题的网站 算法相关内容非常全面，从基础入门到进阶提升，所有必备知识点都包含了，而且牛客不光是一个刷题网站，还是一个交流学习平台，发个问题总有热心的大佬帮助！ 如果觉得不错，别忘了双击点个赞哦。 在这里也送大家一本帮助我拿到BAT 等一线大厂 offer 的算法笔记，是一位阿里大神写的，对于算法薄弱或者需要提高的同学都十分受用，算法一定是计算机学习的重中之重： 貌似手机端打开连接有的会出现问题，可以点击这个总结看看： 这里补充一下，无论是学习算法还是学习编程的任何一个技术点，想要得到提升，最好的一个方法就是去阅读，阅读优秀牛人的分享，目前主流的程序员习惯阅读的博客网站中，掘金社区属于质量不错的一个，内容包括前端、后端、Android、iOS、人工智能等等，各个方向，各个技术点都有，C++程序员需要的知识都能找到。 喜欢在掘金社区阅读的小伙伴可以通过下方链接了解。 1、复杂度分析 看动画轻松理解时间复杂度（一） 看动画轻松理解时间复杂度（二） 冰与火之歌：「时间」与「空间」复杂度 每个程序员都应该收藏的算法复杂度速查表 2、基本算法思想 五分钟了解一下什么是「贪心算法 」 有了四步解题法模板，再也不害怕动态规划！ （进阶版）有了四步解题法模板，再也不害怕动态规划！ （再进阶版）有了四步解题法模板，再也不害怕动态规划！ 浅谈什么是分治算法 看动画轻松理解「递归」与「动态规划」 浅谈什么是动态规划以及相关的「股票」算法题 深度解析「正则表达式匹配」：从暴力解法到动态规划 3、排序算法 「多图警告」手撕排序算法 – iOS进阶必备 十大经典排序算法动画与解析，看我就够了！（配代码完全版） 这或许是东半球分析十大排序算法最好的一篇文章 4、搜索 几道和「广度优先搜索
程序员必须掌握哪些算法？,无详细描述,程序员必须掌握的常用算法正如 @力扣（LeetCode）所讲，主要包括以下内容： 算法： 1、排序算法：快速排序、归并排序、计数排序 2、搜索算法：回溯、递归、剪枝 3、图论：最短路径、最小生成树、网络流建模 4、动态规划：背包问题、最长子序列、计数问题 5、基础技巧：分治、倍增、二分法、贪心算法 数据结构： 1、数组和链表 2、栈与队列 3、树和图 4、哈希表 5、大/小跟堆，可并堆 6、字符串：字典树、后缀树 还可以在此基础上细分，例如单单排序算法就可以分为以下十种： 对于学习算法，我推荐在力扣上刷题： 此外，推荐一个用动画的形式演示 LeetCode 上的题目的项目： 例如基础的冒泡排序法演示如下： 选择排序法： 插入排序法： 希尔排序法： 归并排序法： 快速排序法： 堆排序： 计数排序： 桶排序： 基数排序： 该项目正在完善中，已经用动画的形式演示出了一下题目： 因为知乎排版没有表格，所以我就截图了，以上内容详见： 此外，再推荐一些免费的学习资源： 在学习的时候，要想为什么要这样设计，优点在哪里，有什么改进方法，逐步通过这样的方式提升逻辑思维能力。不懂就查，找学习资料和相关解答，坚持学习。 1. 算法学习 LintCode：https://www.lintcode.com/ 算法学习网站，上去每天刷两道算法题，走遍天下都不怕。 2. 算法学习 LeetCode：https://leetcode.com/ 也是算法题网站，同上。 3. 算法学习 LeetCode 中文站：https://leetcode-cn.com/ 这个是上面算法题网站的中文站点，英文不好的可以刷这个，英文好的推荐去刷英文网站的题目，还能提升英语能力。 4. 中国大学MOOC网：https://www.icourse163.org/ 中国大学MOOC是由网易与高教社携手推出的在线教育平台，承接教育部国家精品开放课程任务，向大众提供中国知名高校的MOOC课程。在这里，每一个有意愿提升自己的人都可以免费获得更优质的高等教育。 我是程序员客栈，中国领先的程序员自由工作平台，技术新人力解决方案。
程序员必须掌握哪些算法？,无详细描述,大学四年，算法是我非常注重学习的一门知识。下面是我觉得值得学习的一些算法以及数据结构，当然，并且我也整理一些看过不错的文章给大家，大家也可以留言区补充。如果觉得不错，别忘了点个赞哦。先上图，后详细解说 ----------------2021.9.1更新-------------- 另外，这里有个可以白嫖的项目，推荐给大家 一、算法最最基础 1、时间复杂度 2、空间复杂度 一般最先接触的就是时间复杂度和空间复杂度的学习了，这两个概念以及如何计算，是必须学的，也是必须最先学的，主要有最大复杂度、平均复杂度等，直接通过博客搜索学习即可。 文章推荐： 算法分析神器—时间复杂度 二、基础数据结构 1、线性表 列表（必学） 链表（必学） 跳跃表（知道原理，应用，最后自己实现一遍） 并查集（建议结合刷题学习） 不用说，链表、列表必须，不过重点是链表。 三分钟基础数据结构：如何轻松手写链表？ 以后有面试官问你「跳跃表」，你就把这篇文章扔给他 2、栈与队列 栈（必学） 队列（必学） 优先队列、堆（必学） 多级反馈队列（原理与应用） 特别是优先队列，再刷题的时候，还是经常用到的，队列与栈，是最基本的数据结构，必学。可以通过博客来学习。相关文章： 三分钟基础知识：什么是栈？ 二叉堆是什么鬼？ 【算法与数据结构】堆排序是什么鬼？ 学习算法的过程中，有业余时间也可以学一学项目，毕竟很多算法最终都落地到项目上滴，这里给大家推荐一个 3、哈希表（必学） 碰撞解决方法：开放定址法、链地址法、再次哈希法、建立公共溢出区（必学） 布隆过滤器（原理与应用） 哈希表相关的，推荐通过博客来学习，推荐文章： Hash冲突之开放地址法 4、树 二叉树：各种遍历（递归与非递归）（必学） 哈夫曼树与编码（原理与应用） AVL树（必学） B 树与 B+ 树（原理与应用） 前缀树（原理与应用） 红黑树（原理与应用） 线段树（原理与应用） 树相关是知识还是挺多的，建议看书，可以看《算法第四版》。相关文章： 高频面试题：什么是B树？为啥文件索引要用B树而不用二叉查找树？ 【漫画】以后在有面试官问你AVL树，你就把这篇文章扔给他。 腾讯面试题：有了二叉查找树、平衡树为啥还需要红黑树？ 【面试被虐】游戏中的敏感词过滤是如何实现的？ 5、数组 树状数组 矩阵（必学） 树状数组其实我也没学过，，，， 这里给大家推荐一份刷题笔记，
程序员必须掌握哪些算法？,无详细描述,大学四年，算法是我非常注重学习的一门知识。下面是我觉得值得学习的一些算法以及数据结构，当然，并且我也整理一些看过不错的文章给大家，大家也可以留言区补充。如果觉得不错，别忘了点个赞哦。先上图，后详细解说 ----------------2021.9.1更新-------------- 另外，这里有个可以白嫖的项目，推荐给大家 一、算法最最基础 1、时间复杂度 2、空间复杂度 一般最先接触的就是时间复杂度和空间复杂度的学习了，这两个概念以及如何计算，是必须学的，也是必须最先学的，主要有最大复杂度、平均复杂度等，直接通过博客搜索学习即可。 文章推荐： 算法分析神器—时间复杂度 二、基础数据结构 1、线性表 列表（必学） 链表（必学） 跳跃表（知道原理，应用，最后自己实现一遍） 并查集（建议结合刷题学习） 不用说，链表、列表必须，不过重点是链表。 三分钟基础数据结构：如何轻松手写链表？ 以后有面试官问你「跳跃表」，你就把这篇文章扔给他 2、栈与队列 栈（必学） 队列（必学） 优先队列、堆（必学） 多级反馈队列（原理与应用） 特别是优先队列，再刷题的时候，还是经常用到的，队列与栈，是最基本的数据结构，必学。可以通过博客来学习。相关文章： 三分钟基础知识：什么是栈？ 二叉堆是什么鬼？ 【算法与数据结构】堆排序是什么鬼？ 学习算法的过程中，有业余时间也可以学一学项目，毕竟很多算法最终都落地到项目上滴，这里给大家推荐一个 3、哈希表（必学） 碰撞解决方法：开放定址法、链地址法、再次哈希法、建立公共溢出区（必学） 布隆过滤器（原理与应用） 哈希表相关的，推荐通过博客来学习，推荐文章： Hash冲突之开放地址法 4、树 二叉树：各种遍历（递归与非递归）（必学） 哈夫曼树与编码（原理与应用） AVL树（必学） B 树与 B+ 树（原理与应用） 前缀树（原理与应用） 红黑树（原理与应用） 线段树（原理与应用） 树相关是知识还是挺多的，建议看书，可以看《算法第四版》。相关文章： 高频面试题：什么是B树？为啥文件索引要用B树而不用二叉查找树？ 【漫画】以后在有面试官问你AVL树，你就把这篇文章扔给他。 腾讯面试题：有了二叉查找树、平衡树为啥还需要红黑树？ 【面试被虐】游戏中的敏感词过滤是如何实现的？ 5、数组 树状数组 矩阵（必学） 树状数组其实我也没学过，，，， 这里给大家推荐一份刷题笔记，
程序员必须掌握哪些算法？,无详细描述,"更新： 有很多朋友私信问我Python学习有没有什么好的资料，我给大家找了几门不错的免费课，想学的可以看看。 《Python入门教程》 《Python初级入门精讲》 《Python爬虫开发》 《Python实战编程》 《1小时掌握Python爬虫+高效学习法则》 原回答： 【收藏是点赞的4倍，你们是要闹哪样！】 程序员必须要掌握的十大经典算法 算法一：快速排序算法 快速排序是由东尼·霍尔所发展的一种排序算法。在平均状况下，排序 n 个项目要Ο(n log n)次比较。在最坏状况下则需要Ο(n2)次比较，但这种状况并不常见。事实上，快速排序通常明显比其他Ο(n log n) 算法更快，因为它的内部循环（inner loop）可以在大部分的架构上很有效率地被实现出来。 快速排序使用分治法（Divide and conquer）策略来把一个串行（list）分为两个子串行（sub-lists）。 算法步骤： 1 从数列中挑出一个元素，称为 “基准”（pivot）， 2 重新排序数列，所有元素比基准值小的摆放在基准前面，所有元素比基准值大的摆在基准的后面（相同的数可以到任一边）。在这个分区退出之后，该基准就处于数列的中间位置。这个称为分区（partition）操作。 3 递归地（recursive）把小于基准值元素的子数列和大于基准值元素的子数列排序。 递归的最底部情形，是数列的大小是零或一，也就是永远都已经被排序好了。虽然一直递归下去，但是这个算法总会退出，因为在每次的迭代（iteration）中，它至少会把一个元素摆到它最后的位置去。 算法二：堆排序算法 堆排序（Heapsort）是指利用堆这种数据结构所设计的一种排序算法。堆积是一个近似完全二叉树的结构，并同时满足堆积的性质：即子结点的键值或索引总是小于（或者大于）它的父节点。 堆排序的平均时间复杂度为Ο(nlogn) 。 算法步骤： 创建一个堆H[0..n-1] 把堆首（最大值）和堆尾互换 3. 把堆的尺寸缩小1，并调用shift_down(0),目的是把新的数组顶端数据调整到相应位置 4. 重复步骤2，直到堆的尺寸为1 算法三：归并排序 归并排序（Merge sort，台湾译作：合并排序）是建立在归并操作上的一种有效的排序算法。该算法是采用分治法（Divide and Conquer）的一个非常典型的应用。 算法步骤"
程序员必须掌握哪些算法？,无详细描述,"更新： 有很多朋友私信问我Python学习有没有什么好的资料，我给大家找了几门不错的免费课，想学的可以看看。 《Python入门教程》 《Python初级入门精讲》 《Python爬虫开发》 《Python实战编程》 《1小时掌握Python爬虫+高效学习法则》 原回答： 【收藏是点赞的4倍，你们是要闹哪样！】 程序员必须要掌握的十大经典算法 算法一：快速排序算法 快速排序是由东尼·霍尔所发展的一种排序算法。在平均状况下，排序 n 个项目要Ο(n log n)次比较。在最坏状况下则需要Ο(n2)次比较，但这种状况并不常见。事实上，快速排序通常明显比其他Ο(n log n) 算法更快，因为它的内部循环（inner loop）可以在大部分的架构上很有效率地被实现出来。 快速排序使用分治法（Divide and conquer）策略来把一个串行（list）分为两个子串行（sub-lists）。 算法步骤： 1 从数列中挑出一个元素，称为 “基准”（pivot）， 2 重新排序数列，所有元素比基准值小的摆放在基准前面，所有元素比基准值大的摆在基准的后面（相同的数可以到任一边）。在这个分区退出之后，该基准就处于数列的中间位置。这个称为分区（partition）操作。 3 递归地（recursive）把小于基准值元素的子数列和大于基准值元素的子数列排序。 递归的最底部情形，是数列的大小是零或一，也就是永远都已经被排序好了。虽然一直递归下去，但是这个算法总会退出，因为在每次的迭代（iteration）中，它至少会把一个元素摆到它最后的位置去。 算法二：堆排序算法 堆排序（Heapsort）是指利用堆这种数据结构所设计的一种排序算法。堆积是一个近似完全二叉树的结构，并同时满足堆积的性质：即子结点的键值或索引总是小于（或者大于）它的父节点。 堆排序的平均时间复杂度为Ο(nlogn) 。 算法步骤： 创建一个堆H[0..n-1] 把堆首（最大值）和堆尾互换 3. 把堆的尺寸缩小1，并调用shift_down(0),目的是把新的数组顶端数据调整到相应位置 4. 重复步骤2，直到堆的尺寸为1 算法三：归并排序 归并排序（Merge sort，台湾译作：合并排序）是建立在归并操作上的一种有效的排序算法。该算法是采用分治法（Divide and Conquer）的一个非常典型的应用。 算法步骤"
程序员必须掌握哪些算法？,无详细描述,"我来缅怀一下当年OI和ACM的日子……题目都在 Welcome To PKU JudgeOnline 上。 初期（校赛及省赛水题难度）: 一.基本算法: 枚举. (poj1753,poj2965) 贪心(poj1328,poj2109,poj2586) 递归和分治法. 递推. 构造法.(poj3295) 模拟法.(poj1068,poj2632,poj1573,poj2993,poj2996) 二.图算法: 图的深度优先遍历和广度优先遍历. 最短路径算法(dijkstra,bellman-ford,floyd,heap+dijkstra) (poj1860,poj3259,poj1062,poj2253,poj1125,poj2240) 最小生成树算法(prim,kruskal) (poj1789,poj2485,poj1258,poj3026) 拓扑排序 (poj1094) 二分图的最大匹配 (匈牙利算法) (poj3041,poj3020) 最大流的增广路算法(KM算法). (poj1459,poj3436) 三.数据结构. 串 (poj1035,poj3080,poj1936) 排序(快排、归并排(与逆序数有关)、堆排) (poj2388,poj2299) 简单并查集的应用. 哈希表和二分查找等高效查找法(数的Hash,串的Hash) (poj3349,poj3274,POJ2151,poj1840,poj2002,poj2503) 哈夫曼树(poj3253) 堆 trie树(静态建树、动态建树) (poj2513) 四.简单搜索 深度优先搜索 (poj2488,poj3083,poj3009,poj1321,poj2251) 广度优先搜索(poj3278,poj1426,poj3126,poj3087.poj3414) 简单搜索技巧和剪枝(poj2531,poj1416,poj2676,1129) 五.动态规划 背包问题. (poj1837,poj1276) 型如下表的简单DP(可参考lrj的书 page149): E[j]=opt{D+w(i,j)} (poj3267,poj1836,poj1260,poj2533) E[i,j]=opt{D[i-1,j]+xi,D[i,j-1]+yj,D[i-1][j-1]+zij} (最长公共子序列) (poj3176"
程序员必须掌握哪些算法？,无详细描述,"我来缅怀一下当年OI和ACM的日子……题目都在 Welcome To PKU JudgeOnline 上。 初期（校赛及省赛水题难度）: 一.基本算法: 枚举. (poj1753,poj2965) 贪心(poj1328,poj2109,poj2586) 递归和分治法. 递推. 构造法.(poj3295) 模拟法.(poj1068,poj2632,poj1573,poj2993,poj2996) 二.图算法: 图的深度优先遍历和广度优先遍历. 最短路径算法(dijkstra,bellman-ford,floyd,heap+dijkstra) (poj1860,poj3259,poj1062,poj2253,poj1125,poj2240) 最小生成树算法(prim,kruskal) (poj1789,poj2485,poj1258,poj3026) 拓扑排序 (poj1094) 二分图的最大匹配 (匈牙利算法) (poj3041,poj3020) 最大流的增广路算法(KM算法). (poj1459,poj3436) 三.数据结构. 串 (poj1035,poj3080,poj1936) 排序(快排、归并排(与逆序数有关)、堆排) (poj2388,poj2299) 简单并查集的应用. 哈希表和二分查找等高效查找法(数的Hash,串的Hash) (poj3349,poj3274,POJ2151,poj1840,poj2002,poj2503) 哈夫曼树(poj3253) 堆 trie树(静态建树、动态建树) (poj2513) 四.简单搜索 深度优先搜索 (poj2488,poj3083,poj3009,poj1321,poj2251) 广度优先搜索(poj3278,poj1426,poj3126,poj3087.poj3414) 简单搜索技巧和剪枝(poj2531,poj1416,poj2676,1129) 五.动态规划 背包问题. (poj1837,poj1276) 型如下表的简单DP(可参考lrj的书 page149): E[j]=opt{D+w(i,j)} (poj3267,poj1836,poj1260,poj2533) E[i,j]=opt{D[i-1,j]+xi,D[i,j-1]+yj,D[i-1][j-1]+zij} (最长公共子序列) (poj3176"
为什么美国程序员工作比中国程序员工作轻松、加班少？,工作效率区别大吗？ 感觉美国程序员工作时间灵活、加班少，相比与国内程序员工作，似乎压力小很多。但是美国程序员的产出却非常牛逼（如google、fb等）…显示全部,不是因为外国公司效率高，也不是因为他们开会多。同类的app，不论是电商还是视频，国内的app远比国外的复杂，变化更快，功能更多。三天一小改，五天一大改，过个节都要出一套ui，新功能层出不穷，做活动此起彼伏。 国内程序员的工作量，就是比国外的同行多，同样多的功能，国外程序员做，照样加班。 关键是，这些功能，真的有用吗？ 知乎可以提问，可以回答，因为它是个问答社区。但它还能直播，能视频，能充值，能交易，能借书，能开课，还能众裁。正中间的按钮，有时是想法，有时是会员，是创作，是发现，但没人在乎，大家只是看看首页的时间线罢了。这么多的功能，对用户来说，体验不一定有几年前的版本好。 大量的加班时间，花在了一些可有可无的需求上。 微观上看，是kpi焦虑，宏观上看，是违法成本低。有多低呢？大概像水电费那么低。 多开几小时的灯，就能出个新功能，成本近乎于零，没人用也不亏，何乐而不为？没有法律层面的支持，劳动者就像在囚徒困境中，谁都不想加班，谁都不敢先走。 随着时间的推移，加班成为新常态，向各行各业蔓延。生活越来越单调，越来越重复，人从生产者，转化为生产资料。
为什么美国程序员工作比中国程序员工作轻松、加班少？,工作效率区别大吗？ 感觉美国程序员工作时间灵活、加班少，相比与国内程序员工作，似乎压力小很多。但是美国程序员的产出却非常牛逼（如google、fb等）…显示全部,你自己随便拿出一个app看看吧 淘宝，支付宝：要喂小鸡？要建农场？ 拼多多：要各种小游戏，要砍一刀，要各种抽奖抽红包（100%最大奖但就不行，你就得花几秒钟去看一个抽奖动画） 微信：直播，视频，小程序 美团：也是各种小游戏，稍不留神就点进去了 中国的KPI啊，明明是个购物app，明明是个支付app，明明是个外卖app，明明是个即时通讯app 为什么要增加那么多各种各样花里胡哨的小游戏？ 亚马逊有小游戏吗？PayPal有小游戏吗？Google有小游戏吗？ 说白了，不就是骗老板骗投资人的钱吗？ 无法增加用户时长，咱们就小游戏走起，甚至送钱让你玩各种app内置的垃圾游戏，说白了，就是花公司的钱，花用户的时长，增加自己的绩效。 往上，骗得是投资人和老板，一看数据，全都增长 往下，坑的是用户，版本三天一小更，五天一大更，让你每天多花十来分钟挣那几分一毛钱 往内，写代码的不堪其扰，一会这需求，一会那需求，天天996，把自己的app跟摊大饼似的，约摊约大。
为什么美国程序员工作比中国程序员工作轻松、加班少？,工作效率区别大吗？ 感觉美国程序员工作时间灵活、加班少，相比与国内程序员工作，似乎压力小很多。但是美国程序员的产出却非常牛逼（如google、fb等）…显示全部,嗯，被经理举报了： 现在我切换到表扬模式。 是的，他们效率更高。 但是，国内程序员不可能通过提高效率减少加班和压力。因为这事的决定权不在你而在公司。 之前“开发和产品经理因为识别手机外壳颜色而打架”的传闻之所以能引起广泛共鸣，就是因为这类事实在太普遍了，太多人感同身受。 因为中高层聪明。太聪明了。聪明绝顶、英明神武、别具慧眼、大巧若拙、福慧双修、绝圣弃智、兰芷蕙心、七行俱下、上智下愚、秀外慧中、足智多谋、聪明绝世、聪明睿智、聪明正直、精明能干、才清智高——人家喜欢听好话，咱得多说。尤其像这个水平的，起码值一千个关于聪明的形容词，对吧。 可惜俺才疏学浅，实在凑不够数。只能列出八百个——不信您数数，足斤足两，一个不少！ 啊？别看评论区。那都是不识数的。数到八百太难了，也就您这么聪明的能数清。不信您点点，八百！少一个俺再赔你一千个！ 怎么样？满意了吧？ 满意了我们继续。 所以，当你花大力气设计了一个精简高效的架构，把一个很难的问题干净漂亮解决掉时，绝不会有人击节赞叹——恰恰相反，他们觉得你捣鼓了个把月才产出几百行代码，反而会犯嘀咕：这人是磨洋工呢，还是不会？ 你面向搜索引擎编程，乱七八糟拷一大堆东西到代码里，用到用不到都留着，KPI表现反而会特别亮眼。 一天几千行代码当然亮眼。 一群外行，怎么会知道这几千行里面就两行有效呢。 类似的，你兢兢业业，一个bug都不让出，人家就把你忘了；反之，你大大咧咧，一个功能你能写出800个bug——经理看起来就很忙很努力，因为他得不停的和你交流；你也很忙很努力，不停跑经理那里讨论问题：全公司你最忙你经理最敬业，不奖励你俩还有天理吗？！ 你看，你好我好大家好，身为聪明人，你为什么不多写点bug呢。 当然了，这是极端情况。大多数公司还是没这么极端的——他们的中高层还不是那种聪明绝顶、英明神武、别具慧眼、大巧若拙、福慧双修、绝圣弃智、兰芷蕙心、七行俱下、上智下愚、秀外慧中、足智多谋、聪明绝世、聪明睿智、聪明正直、精明能干、才清智高的。 即便如此，他们中的绝大多数——包括多数程序员——仍然不懂软件工程。 他们并不知道，或者说并没有想过，今天你写的每一行代码，都会是明天的新代码的地基。 即使你知道，也没办法让中高层明白。 如果你今天写的太过随意，明天就很难在这个基础上扩展它；如果你着急完成任务，今天不先把昨天的设计缺陷修改掉，而是想一个办法绕开……
为什么美国程序员工作比中国程序员工作轻松、加班少？,工作效率区别大吗？ 感觉美国程序员工作时间灵活、加班少，相比与国内程序员工作，似乎压力小很多。但是美国程序员的产出却非常牛逼（如google、fb等）…显示全部,嗯，被经理举报了： 现在我切换到表扬模式。 是的，他们效率更高。 但是，国内程序员不可能通过提高效率减少加班和压力。因为这事的决定权不在你而在公司。 之前“开发和产品经理因为识别手机外壳颜色而打架”的传闻之所以能引起广泛共鸣，就是因为这类事实在太普遍了，太多人感同身受。 因为中高层聪明。太聪明了。聪明绝顶、英明神武、别具慧眼、大巧若拙、福慧双修、绝圣弃智、兰芷蕙心、七行俱下、上智下愚、秀外慧中、足智多谋、聪明绝世、聪明睿智、聪明正直、精明能干、才清智高——人家喜欢听好话，咱得多说。尤其像这个水平的，起码值一千个关于聪明的形容词，对吧。 可惜俺才疏学浅，实在凑不够数。只能列出八百个——不信您数数，足斤足两，一个不少！ 啊？别看评论区。那都是不识数的。数到八百太难了，也就您这么聪明的能数清。不信您点点，八百！少一个俺再赔你一千个！ 怎么样？满意了吧？ 满意了我们继续。 所以，当你花大力气设计了一个精简高效的架构，把一个很难的问题干净漂亮解决掉时，绝不会有人击节赞叹——恰恰相反，他们觉得你捣鼓了个把月才产出几百行代码，反而会犯嘀咕：这人是磨洋工呢，还是不会？ 你面向搜索引擎编程，乱七八糟拷一大堆东西到代码里，用到用不到都留着，KPI表现反而会特别亮眼。 一天几千行代码当然亮眼。 一群外行，怎么会知道这几千行里面就两行有效呢。 类似的，你兢兢业业，一个bug都不让出，人家就把你忘了；反之，你大大咧咧，一个功能你能写出800个bug——经理看起来就很忙很努力，因为他得不停的和你交流；你也很忙很努力，不停跑经理那里讨论问题：全公司你最忙你经理最敬业，不奖励你俩还有天理吗？！ 你看，你好我好大家好，身为聪明人，你为什么不多写点bug呢。 当然了，这是极端情况。大多数公司还是没这么极端的——他们的中高层还不是那种聪明绝顶、英明神武、别具慧眼、大巧若拙、福慧双修、绝圣弃智、兰芷蕙心、七行俱下、上智下愚、秀外慧中、足智多谋、聪明绝世、聪明睿智、聪明正直、精明能干、才清智高的。 即便如此，他们中的绝大多数——包括多数程序员——仍然不懂软件工程。 他们并不知道，或者说并没有想过，今天你写的每一行代码，都会是明天的新代码的地基。 即使你知道，也没办法让中高层明白。 如果你今天写的太过随意，明天就很难在这个基础上扩展它；如果你着急完成任务，今天不先把昨天的设计缺陷修改掉，而是想一个办法绕开……
为什么美国程序员工作比中国程序员工作轻松、加班少？,工作效率区别大吗？ 感觉美国程序员工作时间灵活、加班少，相比与国内程序员工作，似乎压力小很多。但是美国程序员的产出却非常牛逼（如google、fb等）…显示全部,先说结论：跟国外公司比，国内公司最大的问题就是管理者素质不高，对问题的边界定义不清楚。提需求的人没有成本，无止境地提不靠谱的需求。码农自己开发时也追求快糙猛，提高了系统的风险。总的来说，经理很忙，产品很忙，码农很忙，测试很忙，运维也受不了。。就是这样的结局。 我在血汗工厂，大亚麻。整个大部门有80号码工。想知道大家工作有多轻松。。。我先上图为敬。 这位是最忙的。。这Commit记录你们看着办。。。 我们部门是前两年重组出来的，做了七八个全新的项目，按血汗工厂的风格，SDE是要full stack的，还要讲政治，写个类都要摆出个设计文档。跟自己组，隔壁组过完设计，大家blibli一通留言，然后针对几个service的API划分和命名再掰扯个一周。最后谁都说服不了谁，摆出一句”求赐名“这时高级经理或者SDE会猥琐地从希腊神话里找一个神的名字出来命名service，再随机指定几个比较顺眼的命名，会议就结束了。 除了内部Tech的会议，偶尔也会参与业务方的会议。在这里也是要讲政治的，你参会了就必须要多说，无论说什么，一定要存在感巨强。当小透明是行不通的，为什么，小透明就说明你这个人没想法，能力不行啊。某种意义上，声音大就是impact，就是能力！！有没有！！ 接着说对SDE full stack的要求。你以为我们有前端，有测试，有运维？想多了，新开的service，如果涉及前端页面。是要自己写的。。。。没错，别管你是前端工程师还是后端工程师还是算法工程师，首先你得是个工程师，工程师就没有解决不了的问题。。。我们做前端时也要开很多会啊，跟业务方沟通进展和Demo时，业务方可以提意见，一旦提了意见是要sign off的。不是随意说说那么简单。这样有个好处，很多东西定下来了就不随意改变。提需求的人是面临很大的成本，你老提了需求又改，又sign off，不出两月大家就觉得你这人不靠谱，会给你很差的反馈。 谈完了前端，该到开发阶段了吧，开发时50%的时间在也业务代码，50%的时间在写测试代码。如果没有测试代码，code review是说啥也过不去的。写完代码之后，内部有很完整的自动部署工具，把你的单元测试，集成测试都跑完，然后部署测试环境，gamma环境等等。包括日志监控，都是要自己上手的，也是前文反复说的full stack的概念。SDE真的是Someone Does Everyt
为什么美国程序员工作比中国程序员工作轻松、加班少？,工作效率区别大吗？ 感觉美国程序员工作时间灵活、加班少，相比与国内程序员工作，似乎压力小很多。但是美国程序员的产出却非常牛逼（如google、fb等）…显示全部,先说结论：跟国外公司比，国内公司最大的问题就是管理者素质不高，对问题的边界定义不清楚。提需求的人没有成本，无止境地提不靠谱的需求。码农自己开发时也追求快糙猛，提高了系统的风险。总的来说，经理很忙，产品很忙，码农很忙，测试很忙，运维也受不了。。就是这样的结局。 我在血汗工厂，大亚麻。整个大部门有80号码工。想知道大家工作有多轻松。。。我先上图为敬。 这位是最忙的。。这Commit记录你们看着办。。。 我们部门是前两年重组出来的，做了七八个全新的项目，按血汗工厂的风格，SDE是要full stack的，还要讲政治，写个类都要摆出个设计文档。跟自己组，隔壁组过完设计，大家blibli一通留言，然后针对几个service的API划分和命名再掰扯个一周。最后谁都说服不了谁，摆出一句”求赐名“这时高级经理或者SDE会猥琐地从希腊神话里找一个神的名字出来命名service，再随机指定几个比较顺眼的命名，会议就结束了。 除了内部Tech的会议，偶尔也会参与业务方的会议。在这里也是要讲政治的，你参会了就必须要多说，无论说什么，一定要存在感巨强。当小透明是行不通的，为什么，小透明就说明你这个人没想法，能力不行啊。某种意义上，声音大就是impact，就是能力！！有没有！！ 接着说对SDE full stack的要求。你以为我们有前端，有测试，有运维？想多了，新开的service，如果涉及前端页面。是要自己写的。。。。没错，别管你是前端工程师还是后端工程师还是算法工程师，首先你得是个工程师，工程师就没有解决不了的问题。。。我们做前端时也要开很多会啊，跟业务方沟通进展和Demo时，业务方可以提意见，一旦提了意见是要sign off的。不是随意说说那么简单。这样有个好处，很多东西定下来了就不随意改变。提需求的人是面临很大的成本，你老提了需求又改，又sign off，不出两月大家就觉得你这人不靠谱，会给你很差的反馈。 谈完了前端，该到开发阶段了吧，开发时50%的时间在也业务代码，50%的时间在写测试代码。如果没有测试代码，code review是说啥也过不去的。写完代码之后，内部有很完整的自动部署工具，把你的单元测试，集成测试都跑完，然后部署测试环境，gamma环境等等。包括日志监控，都是要自己上手的，也是前文反复说的full stack的概念。SDE真的是Someone Does Everyt
为什么美国程序员工作比中国程序员工作轻松、加班少？,工作效率区别大吗？ 感觉美国程序员工作时间灵活、加班少，相比与国内程序员工作，似乎压力小很多。但是美国程序员的产出却非常牛逼（如google、fb等）…显示全部,其实科学的规划和合理的安排可以令每个人的工作量减少的同时令结果质量更高。 然而有些人就是不信，怎么办呢(摊手 国内很多公司的领导自己都没有想清楚就交代任务。自己多做1%，就可以让好几个手下减轻一半的工作量，稍微动脑子优化一下流程更是不得了。其实这就是领导能力差的表现，他们还不自知。真正的领导能力不是令人服从，而是让大家用正确高效的方法完成任务。
为什么美国程序员工作比中国程序员工作轻松、加班少？,工作效率区别大吗？ 感觉美国程序员工作时间灵活、加班少，相比与国内程序员工作，似乎压力小很多。但是美国程序员的产出却非常牛逼（如google、fb等）…显示全部,先问是不是，再问为什么。 难道美国的程序员就不加班吗？他们就一天八小时工作，还想来就来，想走就走？非工作时间完全找不到人？还有什么食物饮料都免费提供？ 让我来告诉你真实的情况吧，还...真是这样的。 加班文化应该是中美两地最明显的不同了，形成这种差异的原因不是一两句可以讲清楚的。我在两个国家都工作过，也在不同岗位工作过，所以就尽量从不同角度来简要说一下。 国内程序员加班严重，首先问题不在程序员这个群体。 产品层面拍脑袋决策多 产品层面，拍脑袋决策多，美其名曰：互联网思维、小步快跑、试错思维，其实是没想清楚，反正我就需求一提，技术团队来做，上线后成功了我是产品天才，失败了也没啥坏处，找个借口说什么“互联网市场变化太快”也能搪塞过去，或者找个新项目，继续画大饼。 国内的产品经理实在是太多了，很多还是刚毕业的小鲜肉，没有一点经验积累，凭借天马行空的想象力，提一个需求，就能让一帮技术专家为之操劳好几个月去实现，这简直是不可思议的。即使产品经理很厉害，但人数一多，每个人都要业绩，都拼命想点子、提需求，技术团队怎么能招架得住那么多需求呢。于是就会这些现象： 节假日来了，我们上一个活动，或者节日小彩蛋功能。 竞品上了一个 xx 功能，看起来不错，我们也抓紧上一个。 10个产品经理同时跟你说：这个需求我跟老板对过了，xx 之前必须上线。 产品经理没有想清楚某个功能的价值，或者带来的收益不痛不痒，而技术团队则需要为此付出巨大的心血，也就是加班。当然这也不一定是产品经理的错，国内公司，老板的指令太多了，不说了，你懂的。 在美国这边，产品经理大多是行业经验非常丰富的人，要么是从工程师转过来，要么是从多年的商业领域经历然后读个 MBA转过来。上线一个功能，经过严谨的理论推演、多轮前期调研、科学的 AB test，从提出 idea 到最终用户看到更新，经常耗时半年或一年。很多不成功的 idea 还没面市，就因为数据不好而“胎死腹中”。这样一方面提高了产品需求的质量，另一方面也给技术团队足够多的时间来设计和实现一个可持续发展的架构。 技术团队话语权低 管理层在做决策时，往往更重视产品更新迭代，而忽视技术的建设。 比如说技术团队有100个小时，老板可能会把90小时都投入到实现产品功能，给技术优化、修补技术债务。于是就会出现技术实现非常粗糙的情况，举个栗子，给你一周时间，实现一个 IM 功能，你还
为什么美国程序员工作比中国程序员工作轻松、加班少？,工作效率区别大吗？ 感觉美国程序员工作时间灵活、加班少，相比与国内程序员工作，似乎压力小很多。但是美国程序员的产出却非常牛逼（如google、fb等）…显示全部,先问是不是，再问为什么。 难道美国的程序员就不加班吗？他们就一天八小时工作，还想来就来，想走就走？非工作时间完全找不到人？还有什么食物饮料都免费提供？ 让我来告诉你真实的情况吧，还...真是这样的。 加班文化应该是中美两地最明显的不同了，形成这种差异的原因不是一两句可以讲清楚的。我在两个国家都工作过，也在不同岗位工作过，所以就尽量从不同角度来简要说一下。 国内程序员加班严重，首先问题不在程序员这个群体。 产品层面拍脑袋决策多 产品层面，拍脑袋决策多，美其名曰：互联网思维、小步快跑、试错思维，其实是没想清楚，反正我就需求一提，技术团队来做，上线后成功了我是产品天才，失败了也没啥坏处，找个借口说什么“互联网市场变化太快”也能搪塞过去，或者找个新项目，继续画大饼。 国内的产品经理实在是太多了，很多还是刚毕业的小鲜肉，没有一点经验积累，凭借天马行空的想象力，提一个需求，就能让一帮技术专家为之操劳好几个月去实现，这简直是不可思议的。即使产品经理很厉害，但人数一多，每个人都要业绩，都拼命想点子、提需求，技术团队怎么能招架得住那么多需求呢。于是就会这些现象： 节假日来了，我们上一个活动，或者节日小彩蛋功能。 竞品上了一个 xx 功能，看起来不错，我们也抓紧上一个。 10个产品经理同时跟你说：这个需求我跟老板对过了，xx 之前必须上线。 产品经理没有想清楚某个功能的价值，或者带来的收益不痛不痒，而技术团队则需要为此付出巨大的心血，也就是加班。当然这也不一定是产品经理的错，国内公司，老板的指令太多了，不说了，你懂的。 在美国这边，产品经理大多是行业经验非常丰富的人，要么是从工程师转过来，要么是从多年的商业领域经历然后读个 MBA转过来。上线一个功能，经过严谨的理论推演、多轮前期调研、科学的 AB test，从提出 idea 到最终用户看到更新，经常耗时半年或一年。很多不成功的 idea 还没面市，就因为数据不好而“胎死腹中”。这样一方面提高了产品需求的质量，另一方面也给技术团队足够多的时间来设计和实现一个可持续发展的架构。 技术团队话语权低 管理层在做决策时，往往更重视产品更新迭代，而忽视技术的建设。 比如说技术团队有100个小时，老板可能会把90小时都投入到实现产品功能，给技术优化、修补技术债务。于是就会出现技术实现非常粗糙的情况，举个栗子，给你一周时间，实现一个 IM 功能，你还
为什么美国程序员工作比中国程序员工作轻松、加班少？,工作效率区别大吗？ 感觉美国程序员工作时间灵活、加班少，相比与国内程序员工作，似乎压力小很多。但是美国程序员的产出却非常牛逼（如google、fb等）…显示全部,上次更新将近一年半了，从国内996的互联网润到美国，从一个啥也不懂的愣头青跑来美国也已经3年有余了，在美国的生活也算步入了正轨。 回首往昔，一切如梦似幻。 当时在国内工作，被老板PUA到住院的我，现在也过上了曾经梦想的生活。 很多朋友当时因为我写润的文章关注了我， 所以今日就借花献佛，写一写我的工作体验。 国内应该几乎没什么人知道这家公司，因为知乎上基本没有这家公司的标签，所以发文前贴个简介： Geico是美国第四大汽车保险公司，是巴菲特的伯克希尔哈撒韦公司投资公司的子公司，没有上市。 Geico，即政府员工保险公司，是美国第四大私人客户汽车保险公司，拥有保险客户约600万人。同时是美国最大的直销保险公司。 我在24年拿到了GEICO这家公司的intern offer，并且进行了实习成功拿到了正式offer，并且25年已经正式入职了一段时间。 同时我也拿到了另一家比较大的公司的全职offer，所以选择先来geico过渡半年，到时候离职了去另一家公司正式工作。 原因在结尾会说。 总结如下： 实习40美金/小时，全职12.5万美金/年，在tech行业算中下薪资。 但是，和我之前待过的亚马逊相比，实际上我认为福利远超薪资，尤其是身心健康。 非常摸鱼，每周20个小时的工作时间，可能我还说多了，毕竟亚洲人该死的责任心。 没有on call。 我实习的时候发现周围基本没有国人，因为jd上写的是不支持任何cpt的实习，但是其实geico完全支持cpt以及opt还有h1b的工作机会（hr原话），所以哪怕是entry level的机会，所以大家看到就可以投。 但是注意申请的时候写不需要身份支持（实习我一律默认都是这么做的），因为这里完全可以和hr商量。 下面是实习体验： 非常划水，wlb极佳，一周2次组会。 我平均一天最多工作3小时就可以干完所有的活。 由于公司是保险公司，所有审批都要走比较严苛的流程，所以经常一卡就是好多天，所以一个12周的实习，我有两个星期什么都没干。是的，是一点活都没有的那种字面意义上的什么都没干。 mentor非常好和supportive，和manager会帮我一字一句的改ppt，做presentation，和之前intern其他的公司完全是不一样的感受，感觉就差帮我把project做了。 我们组和隔壁组的实习生全部都return了，manager第一天就直接
学会了 C 语言真的可以开发出很多东西吗？,我现在c语言入门，基本靠自学，就看网上的那种教程，但是我怎么觉得它就是只能做下数学题，我觉得它并不能编辑出一个啥子游戏或者软件出来噢…初学者，见谅。显示全部,马里奥碰到花朵就变身。 什么是马里奥？一个装着 16 × 32 个小色块的长方形，其中一些色块填着颜色，另一些没有。什么是花？一个 16 × 16 的正方形。什么是「变身」？把马里奥这个方块里面代表衣服的褐色变成红色，代表背带裤的红色变成白色。什么是褐色？暂且说它是 0x887000 这个数字。什么是「碰到」？马里奥的长方形与花朵的正方形有所重叠。什么是「重叠」？假设马里奥的这个方块占据屏幕（什么是屏幕？一个能装下 256 × 240 个小色块的矩形）中 X 方向 101 到 116、Y 方向 21 到 52 之间的区域，那么只要这个区域内有一点或更多点也被花朵所占据（比如花朵处在 X 116 到 131、Y 21 到 36 之间的区域内），我们就认为两者有所重叠。 若给定以八个数值代表的两个矩形区域，请写出判断两个区域是否有重叠的 C 语言程序。如果你能写出来，那么祝贺你，如果有朝一日你想自己用 C 做一遍 NES 版本的《超级马里奥》，你至少知道让他变身需要做什么了。 是的，C 语言也许「只能」做数学题。可是，绝大多数游戏的运行过程就是不停地做数学题，而所谓编写游戏，也就是把游戏的规则和游戏的效果转化为数学题而已。其中不少题目电脑都已经知道怎么解——是别的程序员事先告诉它的——比如「求一堆散落在三维直角座标系之中的多面体在 8(x−3)−10(y+1)−11(z−1)=0 这个平面上一个给定范围内的投影」或者「给定一些彼此相连的顶点，求任意两点之间的最短路径」之类的数学题，它只需要千万分之一秒就能给你解好。这种能力有什么用？电脑上 FPS 游戏的本质活动就是不停地求三维座标系下的多面体经过变换之后在二维平面上的投影，不停地判断两个多面体是否彼此重叠，以及不停地寻找两个顶点之间的最短路径，最终达到让怪物冲到你面前咬你一口的目的。不止游戏如此，其他软件也都差不多，每一个细节都是某种数学题——比如知乎页面顶端的蓝色导航条背景，是 CSS 描述的一个浅蓝到深蓝的渐变——渐变是怎么回事呢？给出两个数字分别代表两种颜色，以及第三个数字代表一段距离，求一系列颜色的数值以及次序，使得这段距离中任意两种相邻颜色之间的变化最小。数学题。别说 C 语言，一切编程语言最终都只能做数学题，根据给定的数据，算出另一些数据，算出更多的数据，然后存贮、发送或者呈现算出的数据。总结来说，由于数学
学会了 C 语言真的可以开发出很多东西吗？,我现在c语言入门，基本靠自学，就看网上的那种教程，但是我怎么觉得它就是只能做下数学题，我觉得它并不能编辑出一个啥子游戏或者软件出来噢…初学者，见谅。显示全部,马里奥碰到花朵就变身。 什么是马里奥？一个装着 16 × 32 个小色块的长方形，其中一些色块填着颜色，另一些没有。什么是花？一个 16 × 16 的正方形。什么是「变身」？把马里奥这个方块里面代表衣服的褐色变成红色，代表背带裤的红色变成白色。什么是褐色？暂且说它是 0x887000 这个数字。什么是「碰到」？马里奥的长方形与花朵的正方形有所重叠。什么是「重叠」？假设马里奥的这个方块占据屏幕（什么是屏幕？一个能装下 256 × 240 个小色块的矩形）中 X 方向 101 到 116、Y 方向 21 到 52 之间的区域，那么只要这个区域内有一点或更多点也被花朵所占据（比如花朵处在 X 116 到 131、Y 21 到 36 之间的区域内），我们就认为两者有所重叠。 若给定以八个数值代表的两个矩形区域，请写出判断两个区域是否有重叠的 C 语言程序。如果你能写出来，那么祝贺你，如果有朝一日你想自己用 C 做一遍 NES 版本的《超级马里奥》，你至少知道让他变身需要做什么了。 是的，C 语言也许「只能」做数学题。可是，绝大多数游戏的运行过程就是不停地做数学题，而所谓编写游戏，也就是把游戏的规则和游戏的效果转化为数学题而已。其中不少题目电脑都已经知道怎么解——是别的程序员事先告诉它的——比如「求一堆散落在三维直角座标系之中的多面体在 8(x−3)−10(y+1)−11(z−1)=0 这个平面上一个给定范围内的投影」或者「给定一些彼此相连的顶点，求任意两点之间的最短路径」之类的数学题，它只需要千万分之一秒就能给你解好。这种能力有什么用？电脑上 FPS 游戏的本质活动就是不停地求三维座标系下的多面体经过变换之后在二维平面上的投影，不停地判断两个多面体是否彼此重叠，以及不停地寻找两个顶点之间的最短路径，最终达到让怪物冲到你面前咬你一口的目的。不止游戏如此，其他软件也都差不多，每一个细节都是某种数学题——比如知乎页面顶端的蓝色导航条背景，是 CSS 描述的一个浅蓝到深蓝的渐变——渐变是怎么回事呢？给出两个数字分别代表两种颜色，以及第三个数字代表一段距离，求一系列颜色的数值以及次序，使得这段距离中任意两种相邻颜色之间的变化最小。数学题。别说 C 语言，一切编程语言最终都只能做数学题，根据给定的数据，算出另一些数据，算出更多的数据，然后存贮、发送或者呈现算出的数据。总结来说，由于数学
学会了 C 语言真的可以开发出很多东西吗？,我现在c语言入门，基本靠自学，就看网上的那种教程，但是我怎么觉得它就是只能做下数学题，我觉得它并不能编辑出一个啥子游戏或者软件出来噢…初学者，见谅。显示全部,你能想到的，C语言都能搞，可以说是无所不能，把C学好，上手其他语言也会事半功倍。题主只是还没有入门，只看教程不动手永远学不会，推荐5个免费的C语言入门小项目，由易到难，开始动手做一些常见的小东西吧。 1.C/C++ - C语言制作简单计算器 用C语言做一个简单的计算器，进行加、减、乘、除操作。项目涉及的所有数学知识都很简单，但输入过程会增加复杂性。 2.C/C++ - C语言制作2048 2048是之前十分火爆的一款益智游戏。项目将使用 C 语言完成一个2048游戏。 3.C/C++ - C语言版扫雷游戏 扫雷是Window系统中自带的经典游戏。项目将使用 C 语言完成一个简单的扫雷游戏。 4.C/C++ - C语言编写万年历 本次课程将使用 C 语言完成一个简单的日历功能。输入相应的年/月即可看到当月的日历。 5. C/C++ - C语言快速实现五子棋 用最最简单的代码来实现五子棋游戏，帮助大家复习基础知识，了解一个项目的开发流程。 收藏的童鞋们顺便点个赞吧：）
学会了 C 语言真的可以开发出很多东西吗？,我现在c语言入门，基本靠自学，就看网上的那种教程，但是我怎么觉得它就是只能做下数学题，我觉得它并不能编辑出一个啥子游戏或者软件出来噢…初学者，见谅。显示全部,"目录 首先可以肯定的是，c语言可以做一切事情。 纯c写的超级马里奥 世界第一个3d射击游戏doom 那为什么我学完c语言感觉什么也不会呢。 答案是，你学的只是c语言语法，是与平台无关的，不调用图形接口，就没法写windows应用。 不调用操作系统网络接口，就没法写通信程序。不学习linux内核,你就不会用c写linux内核. 不学习硬件平台,就没法开发嵌入式程序. c语言只是个语言,是你进入计算机世界,和电脑沟通的基础. 试问一下,你学会一门语言,就能了解当地人的习俗和文化,并能和当地人开展生意了吗? 不能! 你总得了解下当地人的习性,文化吧! 你还得学习一系列其他知识,才能真正干活. 你要是想去火星当包工头子,就得再学火星的建筑术语,怎么和火星打工人沟通,火星建筑学! 这个与c的发展历程有关，现在的c多用于底层库开发，而多年前，这个c相当于现在的安卓java，是几乎所有操作系统程序开发的标准语言，现在因为其过使用起来过于繁琐复杂，开发周期长，被java等高阶语言所替代。 学好c语言,就可以进一步学习c++了,c语言就业面比较窄,学好c++,不错的工作还是很多的.如果还有童鞋对于C++学习还有疑问。这里我推荐下开课吧家的课程，里面的课程都很不错，而且质量非常高，对于小白很友好，还能领取项目题库资料，需要的同学点击下方链接，免费听一下他们家的试听课程 【限时免费】超适合小白的C++高效学习路线！基础+实战+大咖，3天也能轻松入门！ 已失效 目前c语言应用比较多的领域 linux内核工程师 高性能服务端 基础架构 嵌入式设备 已经消失的职业,windows c开发, 游戏开发,dos应用程序开发 举几个用c开发的程序例子。 notepad(记事本）、notepad++、notepad2 (属于win32图形界面开发) pidgin（全平台的聊天软件）(属于linux图形界面开发) apache、nginx, redis这几个服务器软件几乎是所有linux服务器的标配(linux后台开发) linux内核 linux下很多常见的命令,比如cat命令(linux环境编程) 开源版超级马里奥(jubalh/raymario)(需要图形学前置知识) fps射击游戏先驱doom (id-Software/DOOM) 嵌入式开发,也很常见 嵌入式单片机,广泛存在于洗衣机,空调,微波"
学会了 C 语言真的可以开发出很多东西吗？,我现在c语言入门，基本靠自学，就看网上的那种教程，但是我怎么觉得它就是只能做下数学题，我觉得它并不能编辑出一个啥子游戏或者软件出来噢…初学者，见谅。显示全部,【限时免费】超适合小白的C++高效学习路线！基础+实战+大咖，3天也能轻松入门！ 已失效
学会了 C 语言真的可以开发出很多东西吗？,我现在c语言入门，基本靠自学，就看网上的那种教程，但是我怎么觉得它就是只能做下数学题，我觉得它并不能编辑出一个啥子游戏或者软件出来噢…初学者，见谅。显示全部,"首先可以肯定的是，c语言可以做一切事情。 纯c写的超级马里奥 世界第一个3d射击游戏doom 那为什么我学完c语言感觉什么也不会呢。 答案是，你学的只是c语言语法，是与平台无关的，不调用图形接口，就没法写windows应用。 不调用操作系统网络接口，就没法写通信程序。不学习linux内核,你就不会用c写linux内核. 不学习硬件平台,就没法开发嵌入式程序. c语言只是个语言,是你进入计算机世界,和电脑沟通的基础. 试问一下,你学会一门语言,就能了解当地人的习俗和文化,并能和当地人开展生意了吗? 不能! 你总得了解下当地人的习性,文化吧! 你还得学习一系列其他知识,才能真正干活. 你要是想去火星当包工头子,就得再学火星的建筑术语,怎么和火星打工人沟通,火星建筑学! 这个与c的发展历程有关，现在的c多用于底层库开发，而多年前，这个c相当于现在的安卓java，是几乎所有操作系统程序开发的标准语言，现在因为其过使用起来过于繁琐复杂，开发周期长，被java等高阶语言所替代。 学好c语言,就可以进一步学习c++了,c语言就业面比较窄,学好c++,不错的工作还是很多的.如果还有童鞋对于C++学习还有疑问。这里我推荐下开课吧家的课程，里面的课程都很不错，而且质量非常高，对于小白很友好，还能领取项目题库资料，需要的同学点击下方链接，免费听一下他们家的试听课程 【限时免费】超适合小白的C++高效学习路线！基础+实战+大咖，3天也能轻松入门！ 已失效 目前c语言应用比较多的领域 linux内核工程师 高性能服务端 基础架构 嵌入式设备 已经消失的职业,windows c开发, 游戏开发,dos应用程序开发 举几个用c开发的程序例子。 notepad(记事本）、notepad++、notepad2 (属于win32图形界面开发) pidgin（全平台的聊天软件）(属于linux图形界面开发) apache、nginx, redis这几个服务器软件几乎是所有linux服务器的标配(linux后台开发) linux内核 linux下很多常见的命令,比如cat命令(linux环境编程) 开源版超级马里奥(jubalh/raymario)(需要图形学前置知识) fps射击游戏先驱doom (id-Software/DOOM) 嵌入式开发,也很常见 嵌入式单片机,广泛存在于洗衣机,空调,微波炉,空"
学会了 C 语言真的可以开发出很多东西吗？,我现在c语言入门，基本靠自学，就看网上的那种教程，但是我怎么觉得它就是只能做下数学题，我觉得它并不能编辑出一个啥子游戏或者软件出来噢…初学者，见谅。显示全部,"曾经我对C语言的认识是：黑框框+数学题，后来变成：C语言----让生活更美好。直接上实物图!!!一起体验硬件开发中，C语言的黑魔法。 内附：追女神的套路 新增几个娱乐点： 1.难度系数：任何一个东西要想做的很精，都很难，所以很难下结论。这里难度系数，答主默认为从学生角度来看，实现的难易程度。 2.介绍：怕大家看不懂图片，多多介绍功能。 3.背后的故事：讲述答主和该项目的故事 1.喜闻乐见的智能车 那些年，我们一起玩过的智能车。 因为这个被带入不归路的同学，请举起你们的双手！！！我从手机翻了很久才找到这张照片，让大家娱乐一下。 说一下我做过的三类车： （1）避障车： 功能：①遇到障碍物可以自己躲避（因为有超声波传感器可以检测到前面有障碍物），比我们小时候的四驱车智能多了吧！！！！！ ②当然还有其他功能：液晶屏显示走过的距离，红外避障之类的。（难度系数：★） （2）两轮平衡车： 我们将两个轮子的车放在地上，那它必然会摔倒。平衡车就是利用PID算法来不断调整姿态，让两个轮子的小车可以稳稳的站住。（难度系数：★★） （3）WIFI视频车： 该小车自带一个摄像头，如果电脑和小车上的WIFI连接了以后，我们通过PC端的一个软件，就可以看到小车摄像头实时传过来的画面。（难度系数：★★★） 背后的故事： 答主大一最爱的就是做车。。。。。。。 2.萝莉语音温度播报 介绍： ①可以显示温度 ②如果按下播报键，可以语音播报当前温度 ③同时还具有蓝牙功能，几十米也能收到温度消息（用手机或者PC直接连接温度器的蓝牙就能收到！） ④可以将温度实时传送至PC，并在动画中显示温度变化 ⑤声音自己可以录制，选择你喜欢的声音 难度系数：★★★ 背后的故事： 当时有个好基友假期要做兼职，我说做兼职多没‘’钱途‘，我们来做这个比赛，基友拒绝。两个月后颁奖。。。。学校给了一部itouch，答主那时经济危机，果断卖之，900到手。基友补课赚了600，已哭，,回来说以后不能不听我的话了。 3.万年不变的万年历 介绍： ①可以显示日期，温度，还可以设置闹钟叫醒自己哦！！！！！！！！！！！！！ ②可以在特定日期，屏幕显示特定的祝福。-------据说有无数宅男做出这个送给了女神 ③不要看不起它哦，大家想象一下，送给女神后：三个月晚上的某一天正好是情人节，半夜12点，铃声响起，女神下床一看，屏幕显示了一句告白的话~~"
学会了 C 语言真的可以开发出很多东西吗？,我现在c语言入门，基本靠自学，就看网上的那种教程，但是我怎么觉得它就是只能做下数学题，我觉得它并不能编辑出一个啥子游戏或者软件出来噢…初学者，见谅。显示全部,"曾经我对C语言的认识是：黑框框+数学题，后来变成：C语言----让生活更美好。直接上实物图!!!一起体验硬件开发中，C语言的黑魔法。 内附：追女神的套路 新增几个娱乐点： 1.难度系数：任何一个东西要想做的很精，都很难，所以很难下结论。这里难度系数，答主默认为从学生角度来看，实现的难易程度。 2.介绍：怕大家看不懂图片，多多介绍功能。 3.背后的故事：讲述答主和该项目的故事 1.喜闻乐见的智能车 那些年，我们一起玩过的智能车。 因为这个被带入不归路的同学，请举起你们的双手！！！我从手机翻了很久才找到这张照片，让大家娱乐一下。 说一下我做过的三类车： （1）避障车： 功能：①遇到障碍物可以自己躲避（因为有超声波传感器可以检测到前面有障碍物），比我们小时候的四驱车智能多了吧！！！！！ ②当然还有其他功能：液晶屏显示走过的距离，红外避障之类的。（难度系数：★） （2）两轮平衡车： 我们将两个轮子的车放在地上，那它必然会摔倒。平衡车就是利用PID算法来不断调整姿态，让两个轮子的小车可以稳稳的站住。（难度系数：★★） （3）WIFI视频车： 该小车自带一个摄像头，如果电脑和小车上的WIFI连接了以后，我们通过PC端的一个软件，就可以看到小车摄像头实时传过来的画面。（难度系数：★★★） 背后的故事： 答主大一最爱的就是做车。。。。。。。 2.萝莉语音温度播报 介绍： ①可以显示温度 ②如果按下播报键，可以语音播报当前温度 ③同时还具有蓝牙功能，几十米也能收到温度消息（用手机或者PC直接连接温度器的蓝牙就能收到！） ④可以将温度实时传送至PC，并在动画中显示温度变化 ⑤声音自己可以录制，选择你喜欢的声音 难度系数：★★★ 背后的故事： 当时有个好基友假期要做兼职，我说做兼职多没‘’钱途‘，我们来做这个比赛，基友拒绝。两个月后颁奖。。。。学校给了一部itouch，答主那时经济危机，果断卖之，900到手。基友补课赚了600，已哭，,回来说以后不能不听我的话了。 3.万年不变的万年历 介绍： ①可以显示日期，温度，还可以设置闹钟叫醒自己哦！！！！！！！！！！！！！ ②可以在特定日期，屏幕显示特定的祝福。-------据说有无数宅男做出这个送给了女神 ③不要看不起它哦，大家想象一下，送给女神后：三个月晚上的某一天正好是情人节，半夜12点，铃声响起，女神下床一看，屏幕显示了一句告白的话~~"
学会了 C 语言真的可以开发出很多东西吗？,我现在c语言入门，基本靠自学，就看网上的那种教程，但是我怎么觉得它就是只能做下数学题，我觉得它并不能编辑出一个啥子游戏或者软件出来噢…初学者，见谅。显示全部,注意，不要这样学习C语言！ 对于大部分初学者，学习C语言的目的是希望做一名合格的程序员，开发出靠谱的软件来。 但是学了C语言的基本语法后，发现只能开发“黑底白字”的DOS程序，完全没有漂亮的界面和生动的交互。似乎只有黑框框: 于是学数据结构，学算法，学操作系统，越陷越深，越来越难，最后迷茫了，不知道学C语言能做什么，认为学习编程很难，开始怀疑自己，甚至想放弃。 其实，这是很多初学者都会踩到的一个坑！ C语言本身是一门很简单的语言，提供的实用功能不多，大部分要借助操作系统、第三方库、单片机来完成。 也就是说，只学C语言基本什么也做不了，也基本找不到工作。 首先，给学弟学妹们分享一份大学期间自己整理的电子书库，绝不是在网上那种打包下载的，而是自己需要学到某个方向知识的时候，去网上挨个找的，最后汇总而成。 汇集了编程语言(Java、C++、C、Python等等)、操作系统、计算机网络、系统架构、设计模式、程序员数学、测试、中间件 、前端开发、后台开发、网络编程、Linux使用及内核、数据库、Redis....等主流的编程学习书籍。 这部分我是会不断把它完善的，当成自己的小电子书库，不多，但贵在精。 我整理的这些书大家可以在这里获取，对于学习计算机的同学帮助非常大，且十分系统： 书单： C语言是一门通用性的语言，并没有针对某个领域进行优化，在实际项目中，C语言主要用于较底层的开发，例如： Windows、Linux、Unix 等操作系统的内核90%以上都使用C语言开发； 单片机和嵌入式属于软硬件的结合，有很多使用C语言的地方； 开发系统组件或服务，用于支撑上层应用； 编写PHP扩展，增强PHP的功能； 如果对软件某个模块（例如算法和搜索部分）的效率要求较高，也可以使用C语言来开发。 所以C语言永不过时: 既然C语言的应用这么多，为什么很多读者觉得它什么也做不了呢？ 我们先说一个概念，就是库（Library）。库就是编程专家写好的代码，我们可以拿来直接使用，这样能够节省开发成本，提高开发效率，并且库代码的执行效率、严谨性、安全性和规范性要明显优于我们自己编写的代码，市场上有很多优秀的库，有的收费，有的免费，我们要善于利用这些库，尽量不要重复造轮子。 另外，推荐一个谷歌大佬的刷题笔记，强烈推荐： 库一般分为两种： 编程语言的开发者在开发编程语言的时候，一般都要预先写好常用的代码
学会了 C 语言真的可以开发出很多东西吗？,我现在c语言入门，基本靠自学，就看网上的那种教程，但是我怎么觉得它就是只能做下数学题，我觉得它并不能编辑出一个啥子游戏或者软件出来噢…初学者，见谅。显示全部,呀！是 BAT 大佬的刷题笔记 PDF !（文末发圣诞红包 mp.weixin.qq.com/s/vSGzpEPZCTunsczuIcsjWQ
面试被问到不懂的东西，是直接说不懂还是坚持狡辩一下？,无详细描述,看情况。 如果是技术面，我只谈自己懂的技术。 如果是HR面，就没有我不懂的技术。 如果是老板面，没有人比我更懂技术。
面试被问到不懂的东西，是直接说不懂还是坚持狡辩一下？,无详细描述,面试官：请先做个自我介绍吧。 求职者：巴拉巴拉一大堆。 面试官：请问你会造飞机吗？ （求职者内心一万匹草泥马的奔驰，但是想到知乎的网友回答，于是硬扛。） 求职者：有幸参与过x次x架飞机的清洁工作，包括飞机表皮杂质分离（拖地）、人造纳米玻璃的防氧化（擦玻璃）、以及各种精密机械的安装测试（插电线版）等工作。 （面试官听不懂但还是要装作听懂的样子，毕竟人不能怂，这样才能PUA求职者。） 面试官：所以，你没有独立造过一架飞机了？ （求职者内心再次被惊讶，飞机还能一个人造？这面试官怕不是脑子瓦特了？） 求职者：造飞机是一个大工程，通常是团队项目。如果公司有需要，我也是可以承担的。此前虽然并不是独立完成造飞机，但是参与的过程中，也丰富了我的见识，理论知识得到实践的提炼，让我具备了独立造飞机的能力。当然，造飞机是大工程，如果让我独立完成的话，效率肯定比不上团队合作的。 （面试官感觉这货很牛的样子，但是又怀疑对方在出牛皮，于是秀出杀手锏） 面试官：好的。我这边基本了解的差不多了。你先在这等下，我去喊我们的造飞机总监过来。 求职者：好的。 .... 等待了一会，一个戴着眼镜、秃顶的男子走了进来，姑且称呼对方为造飞机总监。 造飞机总监：你好，请先做下自我介绍吧。 求职者：巴拉巴拉一大堆。 造飞机总监：请问飞机发动机启动后发出超过正常的巨大声音，可能是哪些问题？ （求职者内心复现好几个问号，？？？，这货不会来真的吧，但是求职者牢记知乎网友的建议，死不认怂） 求职者：如果只是单纯的巨大声音，可以考虑xxx手段（反正瞎扯的，对错全看天意） （造飞机总监回顾了一下刚刚百度的答案，似乎和求职者的回答完全不一样，但是求职者的勇气似乎也说明了他并非完全不知，会不会是百度的答案有问题？） 造飞机总监：你在上家公司造飞机的过程中遇到了哪些困难，又是如何克服的？ 求职者：整体的造飞机过程还是比较流畅的，但是的确也会碰到一些极端情况。比如下雨天的时候，人造纳米玻璃抗氧化就需要特别小心（雨水路滑，易摔倒。）这个时候就需要特制装备了。这个虽然是我弄出来的，但是因为跟上家公司有保密协议，所以请原谅我不能透露。 造飞机总监：理解理解。我这边基本没问题了。你有什么问题要问的吗？ 求职者：请问贵公司的造飞机团队有多少人？ 造飞机总监：你来了之后就有2个人了。还有什么问题吗？没有的话我需要跟老板商量一下。今天的面试到此为
面试被问到不懂的东西，是直接说不懂还是坚持狡辩一下？,无详细描述,面试官：请先做个自我介绍吧。 求职者：巴拉巴拉一大堆。 面试官：请问你会造飞机吗？ （求职者内心一万匹草泥马的奔驰，但是想到知乎的网友回答，于是硬扛。） 求职者：有幸参与过x次x架飞机的清洁工作，包括飞机表皮杂质分离（拖地）、人造纳米玻璃的防氧化（擦玻璃）、以及各种精密机械的安装测试（插电线版）等工作。 （面试官听不懂但还是要装作听懂的样子，毕竟人不能怂，这样才能PUA求职者。） 面试官：所以，你没有独立造过一架飞机了？ （求职者内心再次被惊讶，飞机还能一个人造？这面试官怕不是脑子瓦特了？） 求职者：造飞机是一个大工程，通常是团队项目。如果公司有需要，我也是可以承担的。此前虽然并不是独立完成造飞机，但是参与的过程中，也丰富了我的见识，理论知识得到实践的提炼，让我具备了独立造飞机的能力。当然，造飞机是大工程，如果让我独立完成的话，效率肯定比不上团队合作的。 （面试官感觉这货很牛的样子，但是又怀疑对方在出牛皮，于是秀出杀手锏） 面试官：好的。我这边基本了解的差不多了。你先在这等下，我去喊我们的造飞机总监过来。 求职者：好的。 .... 等待了一会，一个戴着眼镜、秃顶的男子走了进来，姑且称呼对方为造飞机总监。 造飞机总监：你好，请先做下自我介绍吧。 求职者：巴拉巴拉一大堆。 造飞机总监：请问飞机发动机启动后发出超过正常的巨大声音，可能是哪些问题？ （求职者内心复现好几个问号，？？？，这货不会来真的吧，但是求职者牢记知乎网友的建议，死不认怂） 求职者：如果只是单纯的巨大声音，可以考虑xxx手段（反正瞎扯的，对错全看天意） （造飞机总监回顾了一下刚刚百度的答案，似乎和求职者的回答完全不一样，但是求职者的勇气似乎也说明了他并非完全不知，会不会是百度的答案有问题？） 造飞机总监：你在上家公司造飞机的过程中遇到了哪些困难，又是如何克服的？ 求职者：整体的造飞机过程还是比较流畅的，但是的确也会碰到一些极端情况。比如下雨天的时候，人造纳米玻璃抗氧化就需要特别小心（雨水路滑，易摔倒。）这个时候就需要特制装备了。这个虽然是我弄出来的，但是因为跟上家公司有保密协议，所以请原谅我不能透露。 造飞机总监：理解理解。我这边基本没问题了。你有什么问题要问的吗？ 求职者：请问贵公司的造飞机团队有多少人？ 造飞机总监：你来了之后就有2个人了。还有什么问题吗？没有的话我需要跟老板商量一下。今天的面试到此为
面试被问到不懂的东西，是直接说不懂还是坚持狡辩一下？,无详细描述,当年我回国，去四大面试咨询组。 面试我的是个英国合伙人。 英国叔年纪不小了，但仍旧是个好奇宝宝。 听说我之前在ASML做算法，就揪着不放，一直问一直问。 问得我有点烦了，心想这玩意跟咨询有个毛关系啊？ 心里这么想着，回答得就有点漫不经心。 合计着就把这次面试当练手吧，反正后面还排了好几个。 不过英国叔久经沙场，估计看出我心不在焉，于是突然话锋一转，问我Did you hear of COSO？ 我来之前做了功课，还真了解了一下COSO，于是实话实说，Yes，I did. 他吃了一惊，因为这玩意当时刚出来没多久，显然不是我一个做算法的应该听说过的。 他不可置信地看着我，让我说说我的理解。 我说，I just heard of it. 这货听完一愣，接着开始捂着肚子笑，边笑边抱歉，说自己实在忍不住了。 他这一笑把我给笑懵了，也没觉着有什么好笑啊？ 又一琢磨，哦，是不是他把I just heard of it，理解成了I have heard of it from you just now了？ 你别说，要是这么理解，还真挺好笑的，尤其在面试中。 这么想着，我也笑了。 我俩笑了一会儿才收住，但面试从此便朝着诡异的方向一路狂奔。 英国叔说，这是他工作30年来，听过最好笑的笑话。 接着又给我大体科普了一下COSO框架，问我现在有什么理解。 我说刚才是我第二次听说COSO，可能会比第一次强点，但你要是现在让我说理解，我也只能给你编一个。 反正事已至此，我也不把面试当回事，索性破罐子破摔了。 英国叔听了又笑了，说行，那你就给我编一个吧。 然后我就基于刚听到的信息开始编，毕竟框架有了，往里面增加点细节，并且都改成疑问句式就好了。 编了一阵，我说就这些吧，实在编不下去了。 英国叔居然在那鼓掌，说编得真不错，如果不是他参与制定了COSO，没准真信了。 咱也不知道他葫芦里卖的什么药。 面试出来，我就权当去讲了一场脱口秀，很快把这事给忘了，接着面试。 过了一周吧，HR打来电话，说我被录取了。 我当时一脸懵逼，因为在我的选项里，早就把这家排除在外了，根本没想起来。 后来跟人家确认之后才想起来，这不就是我去说脱口秀那家嘛。 但我的第一反应是，他们是不是搞错了？ 得到再次确认之后，我还是有点打退堂鼓，心想这也太儿戏了吧？ 于是就跟HR说，我手上有几个offer，要考虑考虑，其实就是想婉拒了。 HR
面试被问到不懂的东西，是直接说不懂还是坚持狡辩一下？,无详细描述,当年我回国，去四大面试咨询组。 面试我的是个英国合伙人。 英国叔年纪不小了，但仍旧是个好奇宝宝。 听说我之前在ASML做算法，就揪着不放，一直问一直问。 问得我有点烦了，心想这玩意跟咨询有个毛关系啊？ 心里这么想着，回答得就有点漫不经心。 合计着就把这次面试当练手吧，反正后面还排了好几个。 不过英国叔久经沙场，估计看出我心不在焉，于是突然话锋一转，问我Did you hear of COSO？ 我来之前做了功课，还真了解了一下COSO，于是实话实说，Yes，I did. 他吃了一惊，因为这玩意当时刚出来没多久，显然不是我一个做算法的应该听说过的。 他不可置信地看着我，让我说说我的理解。 我说，I just heard of it. 这货听完一愣，接着开始捂着肚子笑，边笑边抱歉，说自己实在忍不住了。 他这一笑把我给笑懵了，也没觉着有什么好笑啊？ 又一琢磨，哦，是不是他把I just heard of it，理解成了I have heard of it from you just now了？ 你别说，要是这么理解，还真挺好笑的，尤其在面试中。 这么想着，我也笑了。 我俩笑了一会儿才收住，但面试从此便朝着诡异的方向一路狂奔。 英国叔说，这是他工作30年来，听过最好笑的笑话。 接着又给我大体科普了一下COSO框架，问我现在有什么理解。 我说刚才是我第二次听说COSO，可能会比第一次强点，但你要是现在让我说理解，我也只能给你编一个。 反正事已至此，我也不把面试当回事，索性破罐子破摔了。 英国叔听了又笑了，说行，那你就给我编一个吧。 然后我就基于刚听到的信息开始编，毕竟框架有了，往里面增加点细节，并且都改成疑问句式就好了。 编了一阵，我说就这些吧，实在编不下去了。 英国叔居然在那鼓掌，说编得真不错，如果不是他参与制定了COSO，没准真信了。 咱也不知道他葫芦里卖的什么药。 面试出来，我就权当去讲了一场脱口秀，很快把这事给忘了，接着面试。 过了一周吧，HR打来电话，说我被录取了。 我当时一脸懵逼，因为在我的选项里，早就把这家排除在外了，根本没想起来。 后来跟人家确认之后才想起来，这不就是我去说脱口秀那家嘛。 但我的第一反应是，他们是不是搞错了？ 得到再次确认之后，我还是有点打退堂鼓，心想这也太儿戏了吧？ 于是就跟HR说，我手上有几个offer，要考虑考虑，其实就是想婉拒了。 HR
面试被问到不懂的东西，是直接说不懂还是坚持狡辩一下？,无详细描述,你说我不懂，面试官得出一个结论： 你是个诚实的废物。 你垂死挣扎说了一通牛头不对马嘴，面试官： 这人喜欢狡辩不诚实。 你胡说八道粘点边，面试官： 虽然很蠢，似乎还可以带一下。 你不试试，直接完蛋。 你试一下，有可能直接完蛋，有可能有一线机会。 所以我建议你试试胡说八道一下。
面试被问到不懂的东西，是直接说不懂还是坚持狡辩一下？,无详细描述,数十次面试经验： 请用英语介绍下自己： 用了英语介绍自己，面试没通过理由：我英语不好。 说自己英语口语不好，直接拒绝用英语介绍自己，面试全部通过。
面试被问到不懂的东西，是直接说不懂还是坚持狡辩一下？,无详细描述,完全不懂，就答：这个不了解，感谢您的问题，我下来学习一下。 如果懂类似的知识点，就答：这个我不了解，但是好像，有个类似的知识…… 面试，其实是个非常考验情商的环节，只不过很多人忽略了这个。 遇到自己非常懂的问题，尽量多说一些。 很多人喜欢一句话就答复完问题，这样会迫使面试官为了保证面试时间，不得不提出更多的问题，被问的多了，难免被问住了。 很多年前有一次面试，面试官问我elastic search的索引原理，我拿了一张纸，从一个搜索动作开始描述，到一个线程进入以后，如何根据fst前缀树定位到一个索引文件，到为何使用fst结构，到索引生成时如何在内存中合并、到如何优化内存和CPU、到CPU缓存和内存交互…… 这个问题的回答占用了面试官太多时间，也足够表现我对某个知识点的深入理解，之后面试官对别的问题问的就不是那么细致了，很容易就通过了。 要尽量自己把握节奏，有些面试官见你答出一个问题，会粗暴的打断你的发挥，继续问下一个问题。 面对这种面试机器人，不要慌，见缝插针，一定要在自己熟悉的领域，把自己的主动权抢过来。 只要你在面试过程中，哪怕找到一次这样的机会，就足够给面试官留下不错的印象。 而如何可以让面试官不打断你，你就一定要把事情说的有趣，自己在家要多练。这一点不仅仅针对技术面试，一切面试都是这个道理。 面试，并不是说你要答对所有问题，但是你一定要给面试官留下深刻印象。 我曾经有几年时间，利用这个窍门，变成了面霸，基本上只要面了就过…… 不要以为技术面试拼的都是技术，每个技术人都有自己熟悉的领域，突出自己有些时候更看一点运气和情商…… 有些面试官不喜欢顾左右而言他的，这个就需要你把回答说的足够有趣，才能吸引面试官足够的兴趣。 另外一个小窍门，就是不打无准备之仗，面试心仪的公司之前，最好去几个次一级的公司面试练手，面试，看的并不是绝对实力，技巧也起到很大作用。 而技巧，可以通过多面试来锻炼，熟能生巧以后，你就是面霸。 技术这玩意儿本身就是：无他，唯手熟尔，面试也可以这样来解决。
面试被问到不懂的东西，是直接说不懂还是坚持狡辩一下？,无详细描述,后端技术面试，我发现很多面试官，特别喜欢问高并发，高QPS，要么就是不管你搞没搞过电商，张口就问秒杀系统如何设计。 我说下我经历过的几个离谱面试场景。 第一个就是张口就问千万级QPS系统如何保证毫秒级响应。我反问千万级QPS是指峰值，还是平均，他说平均千万级。 我直接说不知道，没搞过，毕竟我实际经历过的项目，QPS峰值上百万的都很少很少。 然后我反问他，公司现在项目的日均QPS多少，他尴尬的笑了笑，来了一句很少，但是我们需要为以后做准备。 第二个：如何在超高并发的前提下保证缓存数据跟数据库数据强一致性并且0延迟。 这个我印象特别深刻，因为我跟那个面试官吵起来了，然后愤怒的夺回自己的简历走了。 我一开始听到这个问题是很懵逼的，然后确认了一下场景，他说没场景，你就当这个是硬性需求，要你实现，说下方案。 搞过后端的基本上都知道，缓存跟数据库数据完全强一致性，那就只有用分布式事务，要么都成功，要么都失败。但是这个在超高并发的前提下，性能得不到保证。 现在主流的“双删”策略，或者是通过订阅增量日志(比如bin-log)来刷新缓存等等，都无法做到100%一致，也不可能保证0延迟。 我大概说了一下我的看法，介绍了一下几种常规的缓存一致性解决方案，然后说他的要求过于苛刻，基本上无法实现。 他微笑着看着我说，如果你实现不了，那么你就不是我们要找的人。 我反问他，你有什么方案吗？ 他来一句，我要是会，干嘛要招人。 后面又问了别的，整个过程极其的不愉快，最后翻脸，拿回简历，走人。
面试被问到不懂的东西，是直接说不懂还是坚持狡辩一下？,无详细描述,面试的时候，聊到具体的技术或者业务问题时，遇到不懂或者完全没接触过的东西，实在太正常不过了，每个领域都是非常宽泛且琐碎的，随便挑几个你完全不可能会的问题，简直不要太容易。 我觉得，如果是在聊具体的业务技术问题时，提到了某个东西，然后你不懂，或者以前接触过但不是很熟，完全可以如实告知，然后有效的面试，就会继续去聊别的问题了。 一般没有人去介意你怎么会不知道这些问题。 为什么面试时，遇到完全不会的问题很正常呢？ 因为面试是单方面的问问题。 我们生活中，所有单方面的问问题，只要双方知识差距不是过于悬殊，都能挑出对方压根儿就回答不上来的问题。 这事儿古代文人就经常玩，有的人熟读这本书，有的人熟读那本，然后就互相考对方自己熟的那本书里的各种细枝末节，最后当然是谁都回答不上来。 如果在面试中，对方持续问你不知道的问题，并且一直追着你不会这个点去问。 那很可能，公司想要招你这个人，所以安排你来聊聊，但是问你问题，给你挑错的人，并不是那么想要你。 这很正常，也许这个面试官自己早就安排好了自己人也来面试，所以才要在技术面时为难你一下。 但也不排除，你简历过于美化，去应聘了一个完全不可能胜任的工作，然后面试官只是例行公事一样地问了你几个行业内应该众所周知的问题，你说你不知道，不清楚，不是很了解。 这时候，面试官说，你怎么连这个都不知道？你如果再去狡辩说，行业领域大了去了，遇到几个不知道的问题很正常，就只会继续给自己扣分，如果你所在的行业，圈子比较小，而面试你的这几个人又比较有影响力的话，那你就很难在这个圈子混了。
